source1_entity_id	candidate_entity_ids
S1-800915873	S2-151698687,S2-164391304,S2-229299111,S2-339737852,S2-573923282,S2-633715776,S2-638319392,S2-688791856,S2-737745236,S2-756444636,S2-782555973,S2-897210370,S2-924787500,S2-566552306,S2-601142325,S2-637675946,S2-870351639,S2-649225076,S2-834818473,S2-91468451,S2-101109194,S2-123315323,S2-145055400,S2-147515638,S2-150993641,S2-190155015,S2-239600027,S2-249549757,S2-253545928,S2-276751254,S2-303257220,S2-332429764,S2-343070727,S2-389698795,S2-417090507,S2-486931364,S2-577731258,S2-587601505,S2-624655882,S2-638920207
S1-476083068	S2-282503219,S2-451812463,S2-686350780,S2-548380943,S2-1669033,S2-452572748,S2-549958635,S2-641067354,S2-10136142,S2-139236703,S2-15970945,S2-170545804,S2-299862740,S2-368200009,S2-444043944,S2-533567574,S2-55489861,S2-58523195,S2-692578009,S2-794545111,S2-830671036,S2-877414122,S2-900842217,S2-995223851,S2-109239798,S2-163510036,S2-21551751,S2-222357525,S2-303743808,S2-363154872,S2-458337142,S2-500771794,S2-581348968,S2-686847373,S2-103090571,S2-113964806,S2-119656010,S2-150245164,S2-159206167,S2-171712711
S1-298645743	S2-847374839,S2-118730390,S2-137030548,S2-138117262,S2-154397073,S2-155322370,S2-161592048,S2-179344254,S2-185148108,S2-233414831,S2-337705810,S2-353306250,S2-353940050,S2-368003367,S2-431596819,S2-440543825,S2-443510447,S2-452208391,S2-486810239,S2-519912199,S2-5390612,S2-565305569,S2-573319079,S2-584619937,S2-601199370,S2-639677389,S2-666612729,S2-701706778,S2-717702900,S2-733593008,S2-742235942,S2-761037233,S2-789711070,S2-790711753,S2-795077160,S2-825957189,S2-830797725,S2-852713078,S2-93542945,S2-947593661
S1-900223558	S2-148625384,S2-17215225,S2-216722407,S2-262483358,S2-342561707,S2-373031030,S2-523255319,S2-594836482,S2-60414634,S2-62021493,S2-695149890,S2-746975771,S2-774162525,S2-779081152,S2-819203982,S2-974796269,S2-986187738,S2-213486204,S2-730334340,S2-114810075,S2-118002348,S2-158399201,S2-194013652,S2-210017307,S2-229807095,S2-244546798,S2-245909245,S2-369776338,S2-387902144,S2-420995032,S2-449967593,S2-480245126,S2-52340186,S2-534498508,S2-55155187,S2-605970687,S2-609856602,S2-61436897,S2-640542998,S2-687156547
S1-902711336	S2-109321026,S2-152947987,S2-16277535,S2-177348709,S2-234982389,S2-252729569,S2-26780242,S2-286533228,S2-304608282,S2-406817429,S2-442287139,S2-477020225,S2-666813005,S2-684749498,S2-776531851,S2-799474562,S2-804865446,S2-851098073,S2-963284424,S2-259858270,S2-688743579,S2-531426283,S2-775031735,S2-826444421,S2-884534513,S2-173181959,S2-196866972,S2-232194015,S2-310363235,S2-996880116,S2-17446939,S2-222005991,S2-285160403,S2-375296354,S2-821708358,S2-9088397,S2-961346128,S2-100494049,S2-101008327,S2-101730549
S1-855700872	S2-649687413,S2-116748146,S2-140943290,S2-181056636,S2-192450979,S2-212731071,S2-269725629,S2-28846697,S2-29736253,S2-339678785,S2-349595284,S2-387404383,S2-422319749,S2-428179641,S2-618264609,S2-619827407,S2-630839731,S2-697813993,S2-701633263,S2-766252263,S2-830419247,S2-866940035,S2-903415969,S2-906656301,S2-944274629,S2-101819164,S2-104896081,S2-105547812,S2-106248676,S2-113081746,S2-116164313,S2-117969335,S2-118339592,S2-118550245,S2-122785362,S2-124970234,S2-126644390,S2-128203835,S2-133763910,S2-134434670
S1-294553406	S2-490404199,S2-126700325,S2-135133357,S2-159924049,S2-208221365,S2-217259737,S2-242544151,S2-246176927,S2-27584617,S2-281829669,S2-298325802,S2-315505542,S2-317094966,S2-318518849,S2-333930596,S2-337295888,S2-338866041,S2-344591721,S2-352552540,S2-355967072,S2-39160782,S2-417333492,S2-418417922,S2-426053906,S2-447737527,S2-448608167,S2-492029372,S2-493086210,S2-504642065,S2-513255133,S2-528385753,S2-532780785,S2-536174758,S2-563616086,S2-656020279,S2-67863065,S2-687042674,S2-693874425,S2-707575978,S2-738415046
S1-382018301	S2-278408495,S2-626967383,S2-104836421,S2-218466900,S2-29906625,S2-354219652,S2-394952114,S2-404710010,S2-454492619,S2-516061123,S2-60464976,S2-699788577,S2-72897582,S2-757702542,S2-834748990,S2-836050391,S2-874095525
S1-382930093	S2-114971268,S2-124024723,S2-127340374,S2-147509105,S2-165271705,S2-165350708,S2-173394919,S2-180447643,S2-185537657,S2-205288146,S2-208651496,S2-250090156,S2-267223916,S2-274109622,S2-277444929,S2-282834824,S2-288895558,S2-294638554,S2-296830281,S2-300373097,S2-300957446,S2-313048014,S2-319771268,S2-330974580,S2-333300862,S2-370549501,S2-434043362,S2-48289976,S2-504845030,S2-508443778,S2-513452847,S2-527665947,S2-528320338,S2-540664307,S2-57046353,S2-57560168,S2-583442963,S2-616557920,S2-622137849,S2-640975264
S1-780690767	S2-710163149,S2-177271859,S2-155282424,S2-173128402,S2-188674998,S2-195715181,S2-227644483,S2-23668359,S2-240228506,S2-244495639,S2-256954735,S2-277362399,S2-291498350,S2-305639639,S2-350981208,S2-360938456,S2-373681919,S2-399064680,S2-405921709,S2-43091282,S2-444570372,S2-455830445,S2-484116513,S2-485525377,S2-486154466,S2-488526649,S2-489472113,S2-521810841,S2-527996127,S2-548183111,S2-556525059,S2-566738522,S2-608036071,S2-62751741,S2-666282042,S2-676164029,S2-692100554,S2-704891486,S2-707016728,S2-710345934
S1-176371732	S2-155322370,S2-259895637,S2-265085970,S2-30720967,S2-652875980,S2-691319729,S2-724288437,S2-797305415,S2-841987081,S2-931606334,S2-960891051,S2-973292523,S2-979615453,S2-108347196,S2-108740437,S2-110855273,S2-116942608,S2-129436480,S2-14102665,S2-14589566,S2-159699011,S2-168302230,S2-169408572,S2-172597897,S2-176599109,S2-184768987,S2-187760869,S2-189485488,S2-199985060,S2-201379687,S2-20665708,S2-219403639,S2-220286148,S2-220405948,S2-222687303,S2-225227362,S2-226567568,S2-232653448,S2-233296947,S2-239693264
S1-785203518	S2-580358209,S2-700068876,S2-52423309,S2-62315481,S2-157245246,S2-175729123,S2-334032034,S2-3718656,S2-411562965,S2-421126862,S2-484638236,S2-731813764,S2-763663684,S2-100706365,S2-104665967,S2-109908222,S2-111671984,S2-113656688,S2-117150311,S2-117962152,S2-12066237,S2-121115280,S2-123204923,S2-127525442,S2-132796698,S2-133513139,S2-139599437,S2-144002220,S2-144579100,S2-144636346,S2-145773778,S2-148491058,S2-151514283,S2-157842177,S2-159472146,S2-16075678,S2-17260257,S2-175595331,S2-180408468,S2-180521991
S1-596743118	S2-155282424,S2-173128402,S2-177271859,S2-188674998,S2-195715181,S2-227644483,S2-23668359,S2-240228506,S2-244495639,S2-256954735,S2-277362399,S2-291498350,S2-305639639,S2-350981208,S2-360938456,S2-373681919,S2-399064680,S2-405921709,S2-43091282,S2-444570372,S2-455830445,S2-484116513,S2-485525377,S2-486154466,S2-488526649,S2-489472113,S2-521810841,S2-527996127,S2-548183111,S2-556525059,S2-566738522,S2-608036071,S2-62751741,S2-666282042,S2-676164029,S2-692100554,S2-704891486,S2-707016728,S2-710163149,S2-710345934
S1-570889630	S2-924787500,S2-151698687,S2-164391304,S2-229299111,S2-339737852,S2-573923282,S2-633715776,S2-638319392,S2-688791856,S2-737745236,S2-756444636,S2-782555973,S2-897210370,S2-566552306,S2-601142325,S2-637675946,S2-870351639,S2-649225076,S2-834818473,S2-663409014,S2-91468451,S2-168008728,S2-19884353,S2-243092207,S2-307443980,S2-458337142,S2-62862547,S2-853287634,S2-101109194,S2-104464839,S2-106908241,S2-107111824,S2-108993601,S2-110746500,S2-112436185,S2-113602947,S2-113907407,S2-121251263,S2-121359254,S2-12172826
S1-610162639	S2-40746806,S2-118323960,S2-146607525,S2-148944359,S2-164282227,S2-191012952,S2-194684055,S2-218152188,S2-23289835,S2-257885603,S2-278269475,S2-283090560,S2-302833544,S2-332357109,S2-363019584,S2-397984391,S2-413287299,S2-444467356,S2-489456445,S2-503770292,S2-508788813,S2-52916666,S2-533194060,S2-541557199,S2-585271843,S2-602806644,S2-619844913,S2-622693072,S2-634617479,S2-638614359,S2-693602144,S2-723407043,S2-726357829,S2-729238008,S2-77012782,S2-789332944,S2-793689201,S2-824168138,S2-846206060,S2-884246624
S1-239172760	S2-109064076,S2-111131531,S2-119671371,S2-156918549,S2-16411613,S2-164782049,S2-179792263,S2-189413522,S2-19372775,S2-196618803,S2-219322699,S2-219512084,S2-238473467,S2-248239730,S2-249721833,S2-263805706,S2-268350161,S2-273078526,S2-275572535,S2-279023418,S2-282118325,S2-301050410,S2-321258405,S2-337380542,S2-340977545,S2-357328816,S2-364247124,S2-395189346,S2-397774402,S2-409506475,S2-41143210,S2-425902897,S2-432279643,S2-437383509,S2-438268544,S2-452442332,S2-461744131,S2-479951722,S2-491147307,S2-500744486
S1-967435536	S2-351547499,S2-361385344,S2-111461865,S2-127357680,S2-142709390,S2-146435955,S2-150190841,S2-151983381,S2-171100423,S2-177326684,S2-224334856,S2-277201546,S2-281801530,S2-295205540,S2-31241265,S2-319075835,S2-331855957,S2-404018961,S2-417173356,S2-421078322,S2-445670871,S2-45677678,S2-466857833,S2-467121958,S2-475820176,S2-515188999,S2-544751089,S2-55444028,S2-582966594,S2-587381188,S2-587609,S2-628011193,S2-629411222,S2-631527515,S2-646244744,S2-689927505,S2-702862423,S2-725382222,S2-7265669,S2-72899391
S1-215396556	S2-316715106,S2-102474096,S2-107972106,S2-111529715,S2-120391369,S2-123459391,S2-124058961,S2-136200009,S2-149964656,S2-15374829,S2-160628395,S2-187227423,S2-192669442,S2-220614093,S2-231331977,S2-236134164,S2-239693264,S2-248671043,S2-250242886,S2-25613790,S2-274323360,S2-274836469,S2-28490303,S2-293687478,S2-349064775,S2-402903483,S2-420134756,S2-435514686,S2-450090007,S2-453687448,S2-456049742,S2-461000811,S2-472404132,S2-488565793,S2-497735228,S2-500096956,S2-536777587,S2-561098063,S2-566822965,S2-568440633
S1-36985251	S2-240841658,S2-372009024,S2-459023875,S2-459313188,S2-621613610,S2-76923389,S2-819100274,S2-906838670,S2-97518398,S2-156240517,S2-20116589,S2-205768809,S2-265773277,S2-4248647,S2-446295389,S2-576190657,S2-72907989,S2-809094962,S2-870527014,S2-956067903,S2-974148905
S1-250942341	S2-10985621,S2-120614992,S2-126450313,S2-127928747,S2-132712335,S2-133399775,S2-149771411,S2-15025788,S2-15919698,S2-161564769,S2-163093599,S2-166632465,S2-180691159,S2-184894061,S2-193874788,S2-195772349,S2-203962033,S2-212023070,S2-215305325,S2-216539054,S2-228980697,S2-230606624,S2-244886524,S2-250455982,S2-250788994,S2-259323526,S2-272546465,S2-272901567,S2-284104627,S2-284803764,S2-286043316,S2-286812037,S2-289498571,S2-297926954,S2-307842082,S2-319608192,S2-321253688,S2-321789018,S2-330149003,S2-331695288
S1-124034271	S2-328405428,S2-280732932,S2-502013653,S2-60717436,S2-711332890,S2-784075198,S2-896852569,S2-92578973,S2-101780727,S2-104697101,S2-108887187,S2-11196630,S2-124487160,S2-127991735,S2-135347350,S2-144002220,S2-144861464,S2-146555727,S2-147235344,S2-155904915,S2-158882780,S2-167335410,S2-170012434,S2-178777487,S2-183075751,S2-188695504,S2-217337061,S2-230657819,S2-233248001,S2-256269130,S2-258078518,S2-259185674,S2-26528208,S2-265499521,S2-286270410,S2-292552164,S2-293455268,S2-311092496,S2-314962689,S2-330980029
S1-610665482	S2-20665708,S2-217337061,S2-218203548,S2-452987141,S2-486339029,S2-49139217,S2-4916970,S2-502108782,S2-513002614,S2-546238659,S2-582631327,S2-647835635,S2-650048896,S2-788985348,S2-789630201,S2-857920251,S2-943256983,S2-943535519,S2-979615453,S2-988576740,S2-101780727,S2-102072426,S2-103317508,S2-104697101,S2-105845989,S2-107690513,S2-108887187,S2-111216682,S2-11196630,S2-112267485,S2-115356634,S2-116189378,S2-121347941,S2-12181937,S2-125247238,S2-12691971,S2-129281438,S2-129565558,S2-130549409,S2-130887373
S1-247132924	S2-193729928,S2-19578475,S2-302049395,S2-341380543,S2-428093564,S2-434587276,S2-474580049,S2-508487309,S2-606740532,S2-611880888,S2-6658650,S2-781363735,S2-888176840,S2-939079087,S2-126049626,S2-139719497,S2-164976993,S2-18635222,S2-192827750,S2-260121473,S2-308187610,S2-333694748,S2-350228981,S2-379205310,S2-47531931,S2-529057484,S2-53313630,S2-557596124,S2-560883062,S2-622832394,S2-655987979,S2-657877197,S2-707420806,S2-767469705,S2-777373869,S2-857865408,S2-89499993,S2-934608391,S2-939986664,S2-70038977
S1-535936959	S2-123964652,S2-150568875,S2-175559786,S2-245829931,S2-362472626,S2-377223089,S2-485775575,S2-615005548,S2-663238380,S2-67760260,S2-738727396,S2-821714117,S2-902889878,S2-996063982,S2-123336815,S2-177672595,S2-212646501,S2-252321761,S2-261701530,S2-290250154,S2-29173229,S2-30848241,S2-329704718,S2-364290736,S2-43941906,S2-485300251,S2-524187847,S2-553193794,S2-598069809,S2-603128651,S2-7588016,S2-777245399,S2-87207258
S1-154180077	S2-169560340,S2-100901770,S2-10950521,S2-116958442,S2-122918631,S2-126681458,S2-134770421,S2-137989962,S2-141268529,S2-143268653,S2-143475984,S2-144066810,S2-144273324,S2-14712608,S2-147625317,S2-163612231,S2-165280184,S2-165627254,S2-17265460,S2-17354631,S2-174133675,S2-181641016,S2-187576771,S2-210919647,S2-220286148,S2-222273464,S2-223892157,S2-228441033,S2-234982389,S2-240276572,S2-242961655,S2-244471300,S2-248864495,S2-258598620,S2-260489214,S2-262190530,S2-262378104,S2-263669606,S2-271408749,S2-278352906
S1-29661695	S2-218208532,S2-253709551,S2-877617898,S2-100601479,S2-168399481,S2-27297350,S2-279267004,S2-350985725,S2-518872573,S2-674732557,S2-701068621,S2-870477120,S2-101673029,S2-102202242,S2-104925049,S2-111056035,S2-113064990,S2-120830994,S2-128356611,S2-128924658,S2-132259578,S2-133367669,S2-13565132,S2-143852128,S2-145060112,S2-149623933,S2-154339675,S2-156099324,S2-158641226,S2-170738179,S2-172058052,S2-173951832,S2-18760946,S2-187725004,S2-188813326,S2-190315479,S2-193504416,S2-205172165,S2-205496240,S2-206008085
S1-117094654	S2-500012176,S2-112997685,S2-129437880,S2-152110557,S2-156054800,S2-165644805,S2-190798105,S2-191649187,S2-204763383,S2-240276572,S2-251149385,S2-305050596,S2-350659635,S2-355667090,S2-375495827,S2-377311367,S2-385173809,S2-392522102,S2-407248579,S2-448191173,S2-491171216,S2-52328579,S2-5337215,S2-537854766,S2-56713360,S2-573327454,S2-577309568,S2-637236275,S2-669005917,S2-681167755,S2-682144149,S2-708883856,S2-71928099,S2-735792186,S2-759035314,S2-779072102,S2-826016808,S2-860438718,S2-871708021,S2-899538024
S1-218685314	S2-10776474,S2-109623307,S2-116894160,S2-116895353,S2-117568512,S2-117927544,S2-132323002,S2-132780702,S2-137335733,S2-141203706,S2-146417701,S2-159932518,S2-174069908,S2-175559786,S2-178967093,S2-183479024,S2-184299435,S2-190176249,S2-194518373,S2-196204984,S2-19936140,S2-200574419,S2-204417052,S2-211698892,S2-215281349,S2-217360345,S2-236037396,S2-243627614,S2-249313801,S2-253299810,S2-256815199,S2-264927097,S2-27535785,S2-275404449,S2-278899754,S2-279373750,S2-279812084,S2-292170458,S2-293675262,S2-303234792
S1-656199802	S2-102509620,S2-108868655,S2-123641424,S2-123964652,S2-134710405,S2-134796146,S2-138039475,S2-144841979,S2-148006268,S2-150284085,S2-167496095,S2-178231625,S2-178937252,S2-184299435,S2-186039838,S2-198717453,S2-215063815,S2-224083706,S2-23854429,S2-246634402,S2-257991887,S2-273014541,S2-277830258,S2-278721294,S2-279445642,S2-28381925,S2-286266830,S2-290899179,S2-294829735,S2-305926086,S2-306464045,S2-306586009,S2-328590926,S2-332862341,S2-3414499,S2-342093717,S2-364871032,S2-366350374,S2-386534018,S2-386608208
S1-568217118	S2-160972842,S2-537309745,S2-711369311,S2-824227829,S2-876307931,S2-904552380,S2-348649320,S2-103372442,S2-119331876,S2-126429420,S2-299335327,S2-313502741,S2-328416328,S2-350436252,S2-352869641,S2-438256596,S2-541745382,S2-553209769,S2-602285558,S2-616757134,S2-619597768,S2-621201681,S2-632258374,S2-657092756,S2-6714040,S2-678020161,S2-724723594,S2-727004670,S2-729771449,S2-770995776,S2-779282472,S2-794431292,S2-798676170,S2-810878974,S2-815715794,S2-891326783,S2-912563194,S2-945707881,S2-957524358,S2-958055391
S1-502391969	S2-7331264,S2-128213271,S2-15518868,S2-176116039,S2-208680051,S2-275329530,S2-297116737,S2-380743763,S2-405196382,S2-431351732,S2-45504738,S2-510424275,S2-514513213,S2-539943184,S2-579447052,S2-59600987,S2-596450261,S2-638395538,S2-689303097,S2-769858942,S2-819242441,S2-822306744,S2-848927695,S2-878026783,S2-905049598,S2-911753751,S2-91808724,S2-927980070,S2-929700754,S2-195138230,S2-379148682,S2-556661926,S2-803114028,S2-139539181,S2-143817174,S2-164413816,S2-299415493,S2-339097654,S2-346945355,S2-543942044
S1-246478198	S2-968246739,S2-151322413,S2-175310560,S2-253663148,S2-256692563,S2-260664935,S2-279333918,S2-327269952,S2-439303984,S2-608496926,S2-635208113,S2-679724464,S2-7121075,S2-749380632,S2-757329008,S2-773092564,S2-802670510,S2-807828911,S2-80942167,S2-365111685,S2-79796737,S2-148679339,S2-177266238,S2-825044362,S2-165863386,S2-871870024,S2-894066769,S2-895296486,S2-968334902,S2-100331681,S2-104699931,S2-106248676,S2-108259617,S2-108794551,S2-109143719,S2-110343431,S2-110549915,S2-110852440,S2-11459613,S2-116661379
S1-131038804	S2-168767588,S2-28770178,S2-456451002,S2-473427061,S2-475618120,S2-49068773,S2-648116305,S2-682450228,S2-779802137,S2-788776438,S2-948932247,S2-97176259,S2-762706197,S2-96541745,S2-961183932,S2-980305187,S2-145384447,S2-345921177,S2-459023875,S2-550153340,S2-574012282,S2-579797273,S2-593487033,S2-628957009,S2-84899626,S2-91690570,S2-919343025,S2-101808449,S2-102677,S2-106261579,S2-107369086,S2-107569041,S2-109161598,S2-109862055,S2-111908242,S2-113163500,S2-114762618,S2-114853591,S2-118730390,S2-121600861
S1-625772184	S2-104193059,S2-127417961,S2-14296114,S2-145131937,S2-147122423,S2-15241240,S2-155487435,S2-170181433,S2-184993338,S2-198306291,S2-220022698,S2-228821771,S2-229539144,S2-259947941,S2-275006857,S2-371189271,S2-388665946,S2-454168425,S2-485521449,S2-501413933,S2-514853366,S2-554199989,S2-578913330,S2-624090422,S2-633281737,S2-643947175,S2-661582824,S2-694505829,S2-717091485,S2-73748059,S2-744614392,S2-754236886,S2-757234757,S2-759702981,S2-785903524,S2-786919776,S2-797257293,S2-805469202,S2-818931308,S2-843984025
S1-755575907	S2-363838256,S2-862484170,S2-136113375,S2-292985335,S2-30769224,S2-326226788,S2-372769846,S2-388362035,S2-457227128,S2-472339240,S2-520830349,S2-523245115,S2-527585890,S2-57571090,S2-620123006,S2-623988293,S2-764009351,S2-799154869,S2-853701696,S2-94191829,S2-953597217,S2-102409556,S2-118527996,S2-151589139,S2-156623730,S2-172803196,S2-174609481,S2-216434283,S2-219374527,S2-226551251,S2-237238619,S2-23901043,S2-249923892,S2-271259295,S2-277032270,S2-298056918,S2-359388553,S2-36568061,S2-371042480,S2-377924398
S1-919231695	S2-139603809,S2-150814682,S2-182789318,S2-213208828,S2-225037888,S2-258676677,S2-266101971,S2-272004093,S2-308329661,S2-321991349,S2-508632479,S2-535109554,S2-539393537,S2-558486436,S2-56105139,S2-589161213,S2-594064798,S2-621497277,S2-622773844,S2-640723488,S2-641344610,S2-684555226,S2-69614578,S2-715375320,S2-735560077,S2-73664446,S2-766200550,S2-791429680,S2-803596169,S2-812320141,S2-818696988,S2-839252781,S2-844735754,S2-871163588,S2-940086754,S2-941763879,S2-945865905,S2-973809049,S2-982091290,S2-994827565
S1-174390454	S2-794005478,S2-953885055,S2-130855524,S2-522080044,S2-652758400,S2-328893468,S2-417828606,S2-105761953,S2-106383133,S2-110549915,S2-114657503,S2-119087459,S2-119907794,S2-133651279,S2-133692655,S2-133774508,S2-135210500,S2-136991143,S2-137935394,S2-138513768,S2-141495873,S2-142662074,S2-14349697,S2-145379986,S2-146977542,S2-148679339,S2-150097313,S2-1523325,S2-153559021,S2-168114212,S2-17336894,S2-176598743,S2-177266238,S2-177918546,S2-184083776,S2-184535408,S2-185920568,S2-185972408,S2-191091037,S2-194547656
S1-737991030	S2-559346265,S2-101535200,S2-106781499,S2-108228337,S2-109064076,S2-111131531,S2-114663148,S2-119671371,S2-127765724,S2-130141140,S2-133612925,S2-143019922,S2-145131937,S2-156918549,S2-160069423,S2-160464399,S2-163881979,S2-16411613,S2-164151064,S2-164646602,S2-164782049,S2-165863386,S2-172136342,S2-179792263,S2-180473100,S2-189413522,S2-189607674,S2-19372775,S2-194547656,S2-196618803,S2-201497611,S2-201875834,S2-211420016,S2-213952496,S2-215169300,S2-216377044,S2-219322699,S2-219512084,S2-237273862,S2-237386533
S1-892690805	S2-201379687,S2-340397246,S2-765796593,S2-174238086,S2-30228438,S2-338981034,S2-353988421,S2-395111508,S2-469404980,S2-569609150,S2-673396381,S2-687709447,S2-697677316,S2-755634865,S2-810366181,S2-857638134,S2-873486559,S2-912707500,S2-103356275,S2-142377622,S2-153476718,S2-162652960,S2-181920800,S2-18531484,S2-192533778,S2-201272956,S2-23228510,S2-26395860,S2-271230693,S2-277378992,S2-277696278,S2-297071035,S2-324925211,S2-34899163,S2-351925196,S2-422082433,S2-46357618,S2-483282018,S2-51134911,S2-535498418
S1-694786973	S2-148968056,S2-291453277,S2-51175311,S2-550680273,S2-600907459,S2-616853527,S2-722009050,S2-103888536,S2-12685109,S2-155443822,S2-210156435,S2-240477809,S2-258235522,S2-313217352,S2-329808640,S2-336364837,S2-364820336,S2-447106323,S2-455013755,S2-471456098,S2-511106943,S2-530253274,S2-539531490,S2-544417919,S2-551305338,S2-56402638,S2-576682647,S2-614938749,S2-618734076,S2-670851629,S2-747373200,S2-798761879,S2-152587093,S2-161213241,S2-211126789,S2-220997153,S2-280510986,S2-33112928,S2-362715401,S2-397620598
S1-778632723	S2-103636129,S2-119421000,S2-157695826,S2-161956716,S2-210712486,S2-220596390,S2-238646336,S2-257923513,S2-26126776,S2-264187723,S2-27041274,S2-3072135,S2-316212117,S2-322926562,S2-348173686,S2-371867210,S2-446798463,S2-456333971,S2-47720371,S2-497225212,S2-569007716,S2-60963378,S2-645008402,S2-679375932,S2-681932720,S2-689834927,S2-698458738,S2-703536654,S2-703594998,S2-727006455,S2-775649499,S2-787582683,S2-804872908,S2-828034699,S2-862633191,S2-877875891,S2-911546090,S2-940469449,S2-973292523,S2-97437306
S1-493944613	S2-444720240,S2-110047726,S2-534420283,S2-816942970,S2-905318088,S2-99140016
S1-932911903	S2-226970868,S2-968452252,S2-105388736,S2-172206969,S2-185089731,S2-303036192,S2-30447286,S2-334427383,S2-382670716,S2-420385975,S2-447344782,S2-461421504,S2-478416988,S2-479081815,S2-510830953,S2-52221155,S2-683847583,S2-728264325,S2-734943613,S2-761753097,S2-851100274,S2-912156807,S2-912726333,S2-938858787,S2-946342939,S2-977755197,S2-985102011,S2-991474403
S1-305783479	S2-229124349,S2-5272332,S2-627622366,S2-512158236,S2-173494871,S2-352986236,S2-36402841,S2-558528223,S2-610308265,S2-623028024,S2-11556516,S2-12510858,S2-230472071,S2-316855962,S2-360848549,S2-682423380,S2-813862982,S2-931263231,S2-111216682,S2-140006950,S2-143701751,S2-148116189,S2-161578601,S2-170993862,S2-177994544,S2-232484718,S2-233636231,S2-236249801,S2-255047572,S2-256236598,S2-256286125,S2-267930321,S2-271964003,S2-274830600,S2-280914970,S2-288876988,S2-289706136,S2-300559990,S2-350597533,S2-359997566
S1-273577921	S2-157842177,S2-187777854,S2-194918225,S2-236991004,S2-260805156,S2-303635913,S2-3718656,S2-471762289,S2-476169020,S2-556984109,S2-613622293,S2-642354090,S2-651895285,S2-67322077,S2-683978382,S2-721549878,S2-824397153,S2-833433743,S2-840895255,S2-84747280,S2-876672998,S2-908317707,S2-940074301,S2-948633086,S2-950225288,S2-965274658,S2-100535242,S2-100601479,S2-101109194,S2-10136142,S2-101720861,S2-103483571,S2-105274406,S2-108444869,S2-10985621,S2-109908222,S2-110746500,S2-112436185,S2-115467558,S2-11673139
S1-113308274	S2-253289033,S2-17518111,S2-182288977,S2-193442566,S2-279234468,S2-322831392,S2-471713609,S2-505615047,S2-629880378,S2-641683755,S2-662229343,S2-698323752,S2-748703576,S2-756732012,S2-760910468,S2-874262655,S2-89632350,S2-928837660,S2-98078456,S2-991589426,S2-114238114,S2-183683146,S2-317645819,S2-342332137,S2-353035944,S2-66780391,S2-782226973,S2-917066665,S2-598504921,S2-8049142,S2-101192551,S2-104641729,S2-108868655,S2-109147488,S2-110911063,S2-114113860,S2-117978268,S2-118516014,S2-12094352,S2-122726455
S1-324907389	S2-395857901,S2-464468614,S2-580976257,S2-684531221,S2-774357496,S2-963793978,S2-101808449,S2-105041837,S2-121212035,S2-165306983,S2-176438515,S2-179315628,S2-19297940,S2-213261652,S2-218217567,S2-277184030,S2-280734673,S2-355850758,S2-376314138,S2-379879952,S2-410470450,S2-418691151,S2-429291272,S2-432528129,S2-442898319,S2-444618471,S2-447491469,S2-464924528,S2-479860266,S2-522616556,S2-531223664,S2-683055877,S2-711639132,S2-737521149,S2-738317221,S2-766200550,S2-804739787,S2-811628715,S2-828500216,S2-884757202
S1-354996295	S2-210783599,S2-301479368,S2-435849069,S2-569456828,S2-680312642,S2-180521991,S2-415413684,S2-421126862,S2-505223631,S2-545672092,S2-731413227,S2-763663684,S2-76561277,S2-820643946,S2-102409556,S2-102620713,S2-104643233,S2-105886630,S2-108977786,S2-109908222,S2-117150311,S2-117962152,S2-11804033,S2-118527996,S2-118730390,S2-118997643,S2-120597036,S2-120614992,S2-12066237,S2-121115280,S2-12407936,S2-126794277,S2-127525442,S2-12967551,S2-133322005,S2-13565132,S2-136113375,S2-136235489,S2-140917061,S2-141123004
S1-382435344	S2-179889434,S2-199409259,S2-206603732,S2-238971069,S2-266868981,S2-276863393,S2-286244243,S2-294884494,S2-304210462,S2-310340192,S2-318964862,S2-335371,S2-357995340,S2-365786634,S2-368389963,S2-466830047,S2-467659970,S2-504352793,S2-515189936,S2-51547705,S2-530218826,S2-546407954,S2-557520173,S2-563160269,S2-566627479,S2-574056715,S2-576030535,S2-58897609,S2-600433503,S2-617821075,S2-619730998,S2-627328508,S2-657049017,S2-675404112,S2-679381757,S2-711659066,S2-732427352,S2-741154042,S2-748555281,S2-758157719
S1-774387323	S2-101617662,S2-167541640,S2-172617808,S2-175337102,S2-185654339,S2-242049796,S2-29031481,S2-298971264,S2-316849024,S2-353698613,S2-370506111,S2-419481158,S2-468723833,S2-487283019,S2-498045414,S2-596489524,S2-612491142,S2-617178523,S2-61847090,S2-623626120,S2-631547814,S2-674732557,S2-685777048,S2-69608051,S2-735045630,S2-736136155,S2-797025863,S2-802011689,S2-802951736,S2-813775125,S2-845330513,S2-847438252,S2-878371458,S2-91662314,S2-93682438,S2-938612654,S2-956250774,S2-973407080,S2-986768691,S2-491898132
S1-557399885	S2-48963502,S2-13478829,S2-241538826,S2-247310229,S2-513019344,S2-549532736,S2-556463742,S2-605998161,S2-687291032,S2-71906865,S2-732156377,S2-732819604,S2-736543911,S2-777364829,S2-991507759
S1-803590345	S2-122361589,S2-761557906,S2-942093885,S2-946872072,S2-149002213,S2-182887302,S2-196406286,S2-228492684,S2-300186409,S2-308734653,S2-318926393,S2-335714256,S2-369116881,S2-410411847,S2-439905525,S2-447785689,S2-46558125,S2-474438929,S2-477052365,S2-49420275,S2-503708432,S2-514476094,S2-528855312,S2-586442851,S2-593344423,S2-613553294,S2-652123001,S2-663338379,S2-74847031,S2-788302197,S2-811126158,S2-813488053,S2-816969900,S2-915352683,S2-918514229,S2-939053825,S2-973487528,S2-973891945,S2-979101992,S2-989992207
S1-164717857	S2-917787136,S2-235103282,S2-390240674,S2-399211248,S2-475370475,S2-503123541,S2-529871863,S2-574530757,S2-597425542,S2-676865554,S2-679724464,S2-771268760,S2-907097480,S2-915817128,S2-967318207,S2-974788217,S2-104193059,S2-104277074,S2-1052306,S2-110331304,S2-11459613,S2-116794138,S2-124970234,S2-12709902,S2-13685817,S2-140961326,S2-143019922,S2-146498176,S2-146504885,S2-150882090,S2-152553514,S2-15518868,S2-156357253,S2-157357023,S2-164580424,S2-167986169,S2-171254161,S2-177821719,S2-17874272,S2-178901458
S1-709074730	S2-42297081,S2-120597036,S2-149924065,S2-198769957,S2-20962654,S2-249096208,S2-261804240,S2-297159707,S2-302761744,S2-314344453,S2-320439385,S2-327498542,S2-333280369,S2-396092642,S2-416563781,S2-427169671,S2-456020855,S2-467011723,S2-483885019,S2-48809813,S2-50811145,S2-515247537,S2-523639593,S2-530452263,S2-540112134,S2-563917445,S2-5707522,S2-584231569,S2-608125026,S2-616887764,S2-618790275,S2-631812018,S2-646192031,S2-663464306,S2-711655735,S2-760266587,S2-819335813,S2-845711227,S2-864379899,S2-876869534
S1-983588293	S2-643897489,S2-837676731
S1-99005429	S2-117672295,S2-145136821,S2-163737169,S2-181403261,S2-181562892,S2-203570435,S2-278045426,S2-285349475,S2-298073453,S2-315957452,S2-337167666,S2-594386142,S2-595783250,S2-601806311,S2-609178823,S2-762525455,S2-770422756,S2-974126678,S2-985612206,S2-243026715,S2-604464805,S2-98789881,S2-144916279,S2-246140180,S2-311029321,S2-317539573,S2-507569300,S2-637241996,S2-643861583,S2-703336809,S2-73148033,S2-744668824,S2-775990620,S2-780835308,S2-789935686,S2-791608566,S2-906710898,S2-966215119,S2-433883035,S2-137141004
S1-569442923	S2-428604792,S2-782049204,S2-141726334,S2-146803446,S2-149867031,S2-189544423,S2-258952546,S2-283141697,S2-28514463,S2-288769081,S2-290899179,S2-333566101,S2-33690730,S2-366545291,S2-370549501,S2-392994485,S2-394355425,S2-422534402,S2-426839110,S2-491492078,S2-496024117,S2-502312452,S2-528147114,S2-562921412,S2-584009558,S2-593970670,S2-628121208,S2-642445801,S2-645422613,S2-663763398,S2-68547182,S2-696544808,S2-711694926,S2-714532833,S2-76028920,S2-781015229,S2-781524374,S2-787785761,S2-792390766,S2-794005478
S1-8860800	S2-298342661,S2-415723184,S2-125741685,S2-131353438,S2-158098044,S2-158619194,S2-172722823,S2-20381721,S2-208259560,S2-230409624,S2-25167079,S2-26670373,S2-303748449,S2-309018775,S2-325951016,S2-333230888,S2-333801103,S2-33383115,S2-374789559,S2-411462423,S2-412873327,S2-431330365,S2-434458973,S2-439380937,S2-464801218,S2-488163808,S2-536058488,S2-566593001,S2-609346493,S2-664348670,S2-696340493,S2-801496739,S2-803974469,S2-826131887,S2-845386341,S2-871026493,S2-884795649,S2-907012084,S2-973248432,S2-99430650
S1-576403469	S2-131506381,S2-134661626,S2-185531240,S2-193056650,S2-199980909,S2-200067922,S2-228292788,S2-229560398,S2-236998284,S2-277690362,S2-28134581,S2-328861972,S2-336445129,S2-336908326,S2-34510770,S2-346550847,S2-377001396,S2-393056405,S2-414808855,S2-415984831,S2-421953366,S2-426301227,S2-435953879,S2-44935718,S2-473742923,S2-488839070,S2-490251737,S2-543634395,S2-605104851,S2-605331556,S2-609224516,S2-615652460,S2-620223248,S2-63530227,S2-651566191,S2-655756698,S2-67930851,S2-717076942,S2-74336911,S2-77285093
S1-741817106	S2-189611822,S2-313663613,S2-336770510,S2-45298930,S2-216377044,S2-388109827,S2-498553374,S2-610055791,S2-675474737,S2-941736524,S2-101333336,S2-101999827,S2-102040411,S2-102876779,S2-102950909,S2-103750348,S2-107818292,S2-109527337,S2-109794142,S2-109865432,S2-114572881,S2-116505106,S2-118228907,S2-118339592,S2-118596670,S2-119015590,S2-119063659,S2-120016720,S2-120060080,S2-122773968,S2-125757234,S2-132022202,S2-133431718,S2-133651279,S2-136378745,S2-136630789,S2-136991143,S2-139121454,S2-140568647,S2-142453848
S1-29507374	S2-422774904,S2-542274760,S2-603586547,S2-623603610,S2-639823389,S2-65048929,S2-108887187,S2-119067158,S2-119195701,S2-120107482,S2-122286245,S2-170461848,S2-178777487,S2-185405451,S2-204440999,S2-208459204,S2-208862252,S2-21729431,S2-217337061,S2-217455724,S2-218217567,S2-229936983,S2-239430387,S2-252231701,S2-258078518,S2-259105160,S2-259185674,S2-263698393,S2-27087381,S2-279679940,S2-29472626,S2-314962689,S2-327858374,S2-346783648,S2-355035235,S2-361620397,S2-373666444,S2-39572589,S2-397600396,S2-404192843
S1-808118645	S2-3718656,S2-560178870,S2-109908222,S2-117150311,S2-121115280,S2-127525442,S2-142547712,S2-157245246,S2-175729123,S2-198359450,S2-199669656,S2-215356153,S2-23745906,S2-267020766,S2-330639268,S2-366073194,S2-377709424,S2-385345869,S2-387930936,S2-390167188,S2-405223426,S2-411562965,S2-511055653,S2-527099079,S2-536514418,S2-539530415,S2-545672092,S2-546722007,S2-585420523,S2-588158709,S2-613184854,S2-613204180,S2-625425821,S2-718230557,S2-725052943,S2-726347825,S2-73027732,S2-738363126,S2-759763959,S2-763663684
S1-288179586	S2-100154652,S2-100189444,S2-104193059,S2-105190653,S2-107988880,S2-109121051,S2-114823038,S2-116164313,S2-117568512,S2-119015590,S2-122429281,S2-122429802,S2-123614400,S2-128057362,S2-130119590,S2-130445881,S2-130829445,S2-133556960,S2-133692655,S2-134189639,S2-135225327,S2-139403118,S2-139539181,S2-139916403,S2-145053818,S2-146359706,S2-147817802,S2-148115803,S2-14959066,S2-154581338,S2-157391497,S2-15789711,S2-170181433,S2-173251583,S2-176831941,S2-184083776,S2-186697024,S2-195007011,S2-201714586,S2-202910951
S1-71090905	S2-139603809,S2-150814682,S2-182789318,S2-213208828,S2-225037888,S2-258676677,S2-266101971,S2-272004093,S2-308329661,S2-321991349,S2-508632479,S2-535109554,S2-539393537,S2-558486436,S2-56105139,S2-589161213,S2-594064798,S2-621497277,S2-622773844,S2-640723488,S2-641344610,S2-684555226,S2-69614578,S2-715375320,S2-735560077,S2-73664446,S2-766200550,S2-791429680,S2-803596169,S2-812320141,S2-818696988,S2-839252781,S2-844735754,S2-871163588,S2-940086754,S2-941763879,S2-945865905,S2-973809049,S2-982091290,S2-994827565
S1-13387750	S2-221768877,S2-770643837,S2-838123522,S2-104699931,S2-106248676,S2-108259617,S2-108794551,S2-109143719,S2-110343431,S2-110549915,S2-11459613,S2-116661379,S2-122744511,S2-125448620,S2-126311151,S2-130619898,S2-131606423,S2-132567684,S2-133358619,S2-133763910,S2-134344700,S2-136465789,S2-141405874,S2-141495873,S2-141944149,S2-142519050,S2-154280269,S2-154479629,S2-159069201,S2-165863386,S2-170428654,S2-172639826,S2-174251713,S2-177205880,S2-179878001,S2-18050849,S2-183604325,S2-18496240,S2-198515773,S2-198535312
S1-226731020	S2-873860395,S2-100598528,S2-100847684,S2-102376842,S2-106571440,S2-110236539,S2-113038806,S2-116227998,S2-11848379,S2-122291051,S2-12359388,S2-124239562,S2-126246610,S2-12919946,S2-12925728,S2-130119590,S2-130829445,S2-13292145,S2-138832392,S2-141136933,S2-145110547,S2-147883747,S2-150185003,S2-151058135,S2-155681006,S2-161174102,S2-163739871,S2-173167885,S2-175751444,S2-182112007,S2-18243718,S2-183403476,S2-183598714,S2-184253425,S2-187130654,S2-18797984,S2-190194115,S2-192001489,S2-192930718,S2-19396123
S1-630223771	S2-859393404,S2-100049666,S2-139990349,S2-145860486,S2-172499729,S2-191198232,S2-196392069,S2-26784505,S2-332453876,S2-340310418,S2-34266260,S2-448147119,S2-501955897,S2-535968379,S2-546567811,S2-635672260,S2-665573717,S2-698790742,S2-749305259,S2-771182527,S2-822985663,S2-880632384,S2-882798102,S2-957023907,S2-979954371,S2-104641729,S2-117978268,S2-118516014,S2-12676053,S2-135712954,S2-137335733,S2-139274716,S2-142116876,S2-143667827,S2-144952989,S2-146417701,S2-153138802,S2-158255969,S2-158502533,S2-159994333
S1-62329201	S2-139133827,S2-366081375,S2-725412413,S2-842407285,S2-554327420,S2-755208201,S2-881421822,S2-937254230,S2-965326114,S2-138429970,S2-13944144,S2-150688424,S2-17406067,S2-180596963,S2-186012784,S2-188499383,S2-189100521,S2-215874825,S2-21876551,S2-236257534,S2-236400847,S2-246399931,S2-293767537,S2-305555455,S2-310622140,S2-312957343,S2-313993001,S2-318049117,S2-342990095,S2-365485185,S2-376591821,S2-406798867,S2-418033252,S2-426714755,S2-432919748,S2-436041396,S2-459313188,S2-481762429,S2-486733528,S2-489848798
S1-277072715	S2-136465789,S2-187130654,S2-244546798,S2-257438195,S2-277379643,S2-303726261,S2-311912341,S2-329880992,S2-372857983,S2-384743598,S2-520527138,S2-52106123,S2-526814787,S2-569860965,S2-574676194,S2-605902517,S2-685184615,S2-698662232,S2-725621051,S2-78628977,S2-90154865,S2-910088949,S2-911423239,S2-9214690,S2-936656303,S2-990871318,S2-996245861,S2-997025264,S2-123720543,S2-127333365,S2-136305349,S2-181199933,S2-185878279,S2-20367392,S2-268656082,S2-275634125,S2-311814169,S2-405328308,S2-425791839,S2-436783714
S1-606725408	S2-12094352,S2-173147477,S2-201497611,S2-202997736,S2-23028681,S2-233385814,S2-244744936,S2-271696808,S2-354496976,S2-379995596,S2-397063234,S2-398458938,S2-404349768,S2-404913298,S2-432169698,S2-452774031,S2-459108860,S2-543035553,S2-54375172,S2-582673947,S2-593901596,S2-596049412,S2-621473436,S2-632898885,S2-635901385,S2-651894655,S2-66542743,S2-678788003,S2-711514278,S2-80326318,S2-814955870,S2-82119194,S2-842020557,S2-84663179,S2-872319713,S2-891188397,S2-931251700,S2-978095463,S2-988241366,S2-10623523
S1-411129053	S2-785928536,S2-1955106,S2-235409456,S2-371224926,S2-414653423,S2-417749648,S2-474488626,S2-705364431,S2-792079596,S2-817535318,S2-817577537,S2-872319713,S2-896772282,S2-95845461,S2-10214744,S2-130999021,S2-191804636,S2-193722955,S2-22251149,S2-229807095,S2-249660328,S2-292719740,S2-307946312,S2-327793720,S2-342606828,S2-345956529,S2-435204644,S2-435247708,S2-44198918,S2-454025608,S2-465052945,S2-470597737,S2-472424148,S2-472932651,S2-510526842,S2-515027338,S2-516492350,S2-517338772,S2-534037646,S2-562696174
S1-162465054	S2-744673142,S2-281410045,S2-931186566,S2-306586009,S2-446464109,S2-44842624,S2-549620597,S2-56691396,S2-66294747,S2-137062485,S2-147417181,S2-14828490,S2-154397597,S2-158255969,S2-168126628,S2-183604325,S2-190698845,S2-198216138,S2-198403642,S2-201659527,S2-202198660,S2-224032436,S2-259868738,S2-26466375,S2-272066200,S2-272079679,S2-280443108,S2-341142787,S2-348504325,S2-350163162,S2-383063268,S2-393508323,S2-403863397,S2-421975132,S2-467786525,S2-473081612,S2-476709399,S2-479978581,S2-485775575,S2-495824601
S1-510937618	S2-334283064,S2-626012117,S2-162793102,S2-261191937,S2-340786070,S2-404070372,S2-420995032,S2-471716469,S2-507695587,S2-595921710,S2-602353889,S2-633258084,S2-703646011,S2-731161232,S2-741964871,S2-746839529,S2-822798899,S2-284766257,S2-227668718,S2-255028006,S2-433479960,S2-468614756,S2-480851106,S2-733025108,S2-906058329,S2-116748146,S2-174251713,S2-181056636,S2-25491059,S2-273758008,S2-30754978,S2-332356681,S2-442829552,S2-445994325,S2-450786114,S2-492519874,S2-522659690,S2-551298833,S2-557352853,S2-574147563
S1-613517393	S2-593664813,S2-649519831,S2-664447396,S3-945806165,S3-655306599,S2-822747626,S2-947637284,S2-958616120,S2-970217516,S2-129014236,S2-194547656,S2-235155410,S2-255972940,S2-270696574,S2-290727820,S2-328893468,S2-374340269,S2-384989873,S2-403515246,S2-430999887,S2-472773179,S2-771895345,S2-822383608,S2-974126678,S2-110565207,S2-110852440,S2-114737628,S2-114810075,S2-116972417,S2-127945371,S2-130855524,S2-130999021,S2-146550328,S2-148625384,S2-165914840,S2-168530597,S2-169842612,S2-17215225,S2-17494796,S2-178384635
S1-299519782	S2-104019702,S2-102396184,S2-119843211,S2-149271521,S2-151582230,S2-177353350,S2-193307781,S2-200814831,S2-203503037,S2-203511816,S2-233502407,S2-242055718,S2-271321037,S2-276476724,S2-277184030,S2-288071884,S2-304961482,S2-306512735,S2-333716982,S2-335860,S2-357537858,S2-382192177,S2-412957618,S2-441407845,S2-466015321,S2-472431733,S2-500342775,S2-501919810,S2-508269412,S2-518163071,S2-522450034,S2-534687141,S2-539721600,S2-574621855,S2-576449164,S2-588446865,S2-593661076,S2-595033725,S2-615236151,S2-6201053
S1-436849523	S2-30902592,S2-967727275,S2-379616746,S2-458970258,S2-671731492,S2-677292915,S2-850814093,S2-992312056,S2-704652401,S2-496432687,S2-577886,S2-622032285,S2-669745766,S2-951538047,S2-107143243,S2-11659145,S2-11673139,S2-133809905,S2-137817617,S2-141106063,S2-141993975,S2-151125789,S2-184020156,S2-190551533,S2-200911625,S2-201039176,S2-209877395,S2-210929630,S2-213086477,S2-216488331,S2-218305773,S2-219928755,S2-234471165,S2-243454526,S2-256698067,S2-257368504,S2-261061632,S2-261747017,S2-26930111,S2-279664505
S1-462035659	S2-405020575,S2-293043159,S2-327119391,S2-419932053,S2-442139416,S2-457499888,S2-461479757,S2-688230388,S2-706697011,S2-754554252,S2-768439560,S2-781397767,S2-825557413,S2-848455977,S2-895257258,S2-915422029,S2-103676806,S2-107185125,S2-107435203,S2-10985621,S2-121251263,S2-122918631,S2-134696414,S2-13636289,S2-139757130,S2-144579100,S2-150244851,S2-152960966,S2-153910225,S2-155282424,S2-15919698,S2-173128402,S2-177271859,S2-178655092,S2-182591175,S2-185249310,S2-188674998,S2-191189650,S2-191910174,S2-195715181
S1-965828930	S2-195109492,S2-398456093,S2-412033502,S2-422600541,S2-502295672,S2-503378605,S2-632299421,S2-655242569,S2-662221399,S2-668018695,S2-739823482,S2-759872792,S2-763923648,S2-808939957,S2-833083838,S2-930826132,S2-964763095,S2-989439392,S2-105845989,S2-116189378,S2-130887373,S2-134392248,S2-136260880,S2-145204119,S2-180441936,S2-182529122,S2-218203548,S2-220686156,S2-242367010,S2-264819702,S2-294062437,S2-296969450,S2-307857044,S2-311898669,S2-338141614,S2-340239310,S2-353473370,S2-362262700,S2-367076099,S2-372772519
S1-424010232	S2-102140882,S2-126113089,S2-142738971,S2-147418558,S2-199850824,S2-30303472,S2-424994410,S2-45191299,S2-478314594,S2-486691928,S2-544639758,S2-590156346,S2-598068208,S2-60078962,S2-644359266,S2-702611529,S2-722892973,S2-742354485,S2-788169147,S2-830830561,S2-856550637,S2-907823193,S2-128082143,S2-654175886,S2-764648578,S2-766311908,S2-783499977,S2-913976206,S2-101709806,S2-102907056,S2-110320403,S2-117568512,S2-117927544,S2-12796093,S2-155636061,S2-178824539,S2-183479024,S2-185333305,S2-189413522,S2-190103142
S1-583341853	S2-111361216,S2-140467480,S2-148986177,S2-155924050,S2-166336001,S2-167496095,S2-346232598,S2-420995032,S2-446464109,S2-447293847,S2-451023519,S2-481254808,S2-488073083,S2-612751388,S2-680289149,S2-688249935,S2-689428234,S2-692956858,S2-816790415,S2-842324082,S2-842372504,S2-886935641,S2-92522027,S2-100006923,S2-100598528,S2-102059869,S2-103573723,S2-104028932,S2-106383133,S2-106976296,S2-107882142,S2-108927878,S2-109064076,S2-109530796,S2-109905092,S2-110727187,S2-111131531,S2-111528223,S2-113628773,S2-114823038
S1-317952287	S2-17518111,S2-182288977,S2-193442566,S2-253289033,S2-279234468,S2-322831392,S2-471713609,S2-505615047,S2-629880378,S2-641683755,S2-662229343,S2-698323752,S2-748703576,S2-756732012,S2-760910468,S2-874262655,S2-89632350,S2-928837660,S2-98078456,S2-991589426,S2-114238114,S2-183683146,S2-317645819,S2-342332137,S2-353035944,S2-66780391,S2-782226973,S2-917066665,S2-152167783,S2-155473968,S2-226443541,S2-274227325,S2-325946933,S2-331875313,S2-360126897,S2-375100765,S2-488066631,S2-59447312,S2-759123740,S2-764648578
S1-545328963	S2-168076458,S2-387266631,S2-388092234,S2-426144370,S2-50012321,S2-723312196,S2-825954032,S2-845266905,S2-868104062,S2-928677658,S2-970137354,S2-255972940,S2-31050062,S2-329164447,S2-362346858,S2-371012941,S2-417386837,S2-473404434,S2-515415388,S2-54769223,S2-590940937,S2-602166598,S2-642033571,S2-6565711,S2-681441047,S2-709203769,S2-743163205,S2-784587376,S2-830464915,S2-850389621,S2-858047742,S2-90119518,S2-928936183,S2-952087636,S2-606845571,S2-990752207,S2-257308271,S2-274242736,S2-374273353,S2-380210040
S1-4962711	S2-979808310,S2-319608192,S2-500771794,S2-607849971,S2-671256988,S2-817848793,S2-973849273,S2-747107691,S2-561497280,S2-716439910,S2-147432492,S2-147848398,S2-15280146,S2-168727642,S2-168799386,S2-205496240,S2-212023070,S2-217204313,S2-231155207,S2-298620884,S2-302372174,S2-307842082,S2-320598344,S2-353865744,S2-368772488,S2-390074612,S2-424476125,S2-432744475,S2-436695724,S2-454717125,S2-459043701,S2-490814405,S2-51980950,S2-522497403,S2-525900411,S2-534363273,S2-536659432,S2-564904546,S2-568898986,S2-568932143
S1-426007492	S2-230184729,S2-568071920,S2-181402336,S2-330540633,S2-167077708,S2-66780391,S2-769565979,S2-811874797,S2-984470157,S2-10623523,S2-114971268,S2-12094352,S2-124024723,S2-127340374,S2-128586667,S2-133379329,S2-13539019,S2-147509105,S2-149033190,S2-160208970,S2-165271705,S2-165350708,S2-17059917,S2-173147477,S2-173394919,S2-174290264,S2-177205880,S2-177926218,S2-179918212,S2-180447643,S2-185537657,S2-186093225,S2-187164462,S2-18797984,S2-189902947,S2-193957307,S2-201497611,S2-202910951,S2-202956295,S2-202997736
S1-637520401	S2-107389460,S2-341656355,S2-485163917,S2-488548827,S2-489040550,S2-50231240,S2-512382393,S2-520696531,S2-548371013,S2-570006860,S2-581736659,S2-646921623,S2-675580106,S2-712222910,S2-734769530,S2-762543804,S2-792994879,S2-826607227,S2-840169179,S2-879992967,S2-905083171,S2-911259352,S2-952207338,S2-957680162,S2-969968543,S2-981550471,S2-986252763,S2-735867645,S2-100259315,S2-104144429,S2-264243004,S2-370528011,S2-416170846,S2-638395538,S2-781560383,S2-784921939,S2-822482083,S2-971339247,S2-102059869,S2-110320403
S1-217571332	S2-675084038,S2-487803690,S2-494946306,S2-102040411,S2-103750348,S2-118228907,S2-118339592,S2-118742548,S2-122773968,S2-132022202,S2-136378745,S2-145522622,S2-147279394,S2-14959066,S2-171631577,S2-182868227,S2-199260738,S2-202394836,S2-222205849,S2-236490265,S2-245436631,S2-27679228,S2-280976715,S2-284511717,S2-286184277,S2-290688425,S2-291346409,S2-294536872,S2-295884984,S2-299719857,S2-306775002,S2-336928591,S2-338227083,S2-357379424,S2-369652523,S2-377795523,S2-386534018,S2-395757743,S2-410385649,S2-418907220
S1-933285852	S2-123000141,S2-134191857,S2-161990650,S2-167444822,S2-317652563,S2-338170686,S2-381608526,S2-38422443,S2-442032478,S2-477171381,S2-524230824,S2-804422239,S2-839964759,S2-873093048,S2-877514535,S2-101037091,S2-10166460,S2-106347669,S2-107143243,S2-10985621,S2-114762618,S2-11483009,S2-121889101,S2-12691971,S2-134696414,S2-134765241,S2-141978816,S2-144002220,S2-146555727,S2-152528224,S2-157704406,S2-162535242,S2-16977683,S2-169849130,S2-175551842,S2-179889434,S2-181641016,S2-19090460,S2-196353110,S2-197493885
S1-533435124	S2-102396184,S2-104019702,S2-119843211,S2-149271521,S2-151582230,S2-177353350,S2-193307781,S2-200814831,S2-203503037,S2-203511816,S2-233502407,S2-242055718,S2-271321037,S2-276476724,S2-277184030,S2-288071884,S2-304961482,S2-306512735,S2-333716982,S2-335860,S2-357537858,S2-382192177,S2-412957618,S2-441407845,S2-466015321,S2-472431733,S2-500342775,S2-501919810,S2-508269412,S2-518163071,S2-522450034,S2-534687141,S2-539721600,S2-574621855,S2-576449164,S2-588446865,S2-593661076,S2-595033725,S2-615236151,S2-6201053
S1-606531358	S2-146435955,S2-174278936,S2-320626199,S2-367741382,S2-450924279,S2-49172368,S2-604341881,S2-636495921,S2-723041986,S2-770509194,S2-110837363,S2-122361589,S2-14123063,S2-142859651,S2-144498263,S2-144579100,S2-149002213,S2-165306983,S2-182887302,S2-184864625,S2-191542451,S2-196406286,S2-208051546,S2-220812878,S2-228492684,S2-234877896,S2-255713387,S2-294456288,S2-300186409,S2-300308188,S2-308734653,S2-311092496,S2-314095268,S2-315069112,S2-317311555,S2-318655279,S2-318926393,S2-332764638,S2-335714256,S2-343333869
S1-488645480	S2-863566095,S2-228720880,S2-245917625,S2-288920537,S2-297491152,S2-305234336,S2-345245266,S2-375335364,S2-380233036,S2-382069075,S2-400772535,S2-416625657,S2-456519120,S2-500350498,S2-599380384,S2-678375896,S2-687056094,S2-732603141,S2-738536601,S2-777055869,S2-800975630,S2-906557529,S2-941390247,S2-114712518,S2-82484466,S2-715413923,S2-722206336,S2-821620652,S2-967078026,S2-513605696,S2-557057865,S2-564829794,S2-126208426,S2-133397451,S2-167399634,S2-175808202,S2-177278156,S2-199253703,S2-251994632,S2-255404152
S1-912858680	S2-145910008,S2-152308126,S2-189975257,S2-192982284,S2-265951472,S2-273677150,S2-296564551,S2-338958401,S2-361276601,S2-532194186,S2-575682484,S2-57917699,S2-630321430,S2-808715434,S2-831757528,S2-84502053,S2-866580995,S2-895418771,S2-895797947,S2-914507551,S2-925862598,S2-977796762,S2-994018233,S2-271475358,S2-69697537,S2-898642678,S2-174172730,S2-255245234,S2-29789071,S2-342332137,S2-351804358,S2-373410801,S2-480019638,S2-552775701,S2-616750290,S2-672183736,S2-785928536,S2-917804077,S2-967551938,S2-110320403
S1-216181354	S2-656715924,S2-222205849,S2-365478542,S2-391045671,S2-476000925,S2-553193794,S2-567812283,S2-583958357,S2-640526624,S2-664612154,S2-665985147,S2-67035710,S2-704211489,S2-713719889,S2-785127369,S2-791856232,S2-822482083,S2-882915480,S2-91836810,S2-935001208,S2-975285928,S2-981196366,S2-173251583,S2-183598714,S2-494951180,S2-869196667,S2-647948759,S2-772780605,S2-128203835,S2-151058135,S2-207868561,S2-231195947,S2-325954732,S2-375736675,S2-376791375,S2-470363816,S2-507473101,S2-510842734,S2-591649583,S2-603707090
S1-750577077	S2-116828425,S2-162698438,S2-277897112,S2-367143508,S2-379879952,S2-544557062,S2-584195132,S2-612477017,S2-613924707,S2-635888851,S2-648660141,S2-684750373,S2-69803660,S2-709564304,S2-710706779,S2-753166750,S2-86917749,S2-900654127,S2-907011794,S2-916569054,S2-918750094,S2-936659096,S2-939524694,S2-952604693,S2-98437315,S2-985066656,S2-192321368,S2-639196004,S2-29758893,S2-599013411,S2-139986213,S2-699607322,S2-119597681,S2-121175267,S2-135696422,S2-140793242,S2-143734030,S2-170545804,S2-179053570,S2-251551537
S1-945827504	S2-142052433,S2-374751958,S2-600762266,S2-675325954,S2-737081388,S2-101591517,S2-103694263,S2-106871300,S2-109447170,S2-114428657,S2-115698842,S2-115951285,S2-116915215,S2-120382648,S2-128203835,S2-128997508,S2-12919946,S2-131201732,S2-132636692,S2-132866128,S2-133612925,S2-133763910,S2-135117602,S2-136069705,S2-13822010,S2-139990349,S2-141953528,S2-142432539,S2-144916279,S2-147194195,S2-148451308,S2-149201065,S2-149284548,S2-150021013,S2-150185003,S2-151322413,S2-152723880,S2-155289861,S2-155455751,S2-155487435
S1-313115959	S2-126561256,S2-182246971,S2-185471785,S2-201795506,S2-22315267,S2-235995649,S2-286533228,S2-291365171,S2-408659835,S2-471706180,S2-516804763,S2-536660814,S2-551443743,S2-56347185,S2-565305569,S2-566822965,S2-577886,S2-584867012,S2-589161213,S2-599447500,S2-673191999,S2-6841889,S2-69965127,S2-743885625,S2-763917393,S2-771648598,S2-810904023,S2-818555762,S2-820761727,S2-826313543,S2-841449803,S2-928421773,S2-946626406,S2-976576895,S2-977356472,S2-998946818,S2-120350789,S2-153334775,S2-157564986,S2-18027888
S1-438589761	S2-94963061,S2-335239170,S2-490693855,S2-601142325,S2-104554926,S2-12718845,S2-167253911,S2-201039176,S2-211335311,S2-367832284,S2-378105136,S2-45455979,S2-4613325,S2-572102072,S2-5968083,S2-600989209,S2-646197371,S2-64958213,S2-70684995,S2-719246000,S2-730819637,S2-76183437,S2-772599610,S2-784075198,S2-82068750,S2-82845494,S2-853722551,S2-931874825,S2-96541745,S2-10166460,S2-104522416,S2-105862338,S2-107820831,S2-108304064,S2-10986462,S2-110360169,S2-111228323,S2-112948226,S2-114319283,S2-116413906
S1-220560462	S2-202562988,S2-222687623,S2-22870839,S2-334398791,S2-3391327,S2-547097573,S2-118275942,S2-130427925,S2-13563203,S2-180376369,S2-18243718,S2-185878279,S2-200439459,S2-242978483,S2-254110220,S2-267133597,S2-300789834,S2-303734438,S2-305071473,S2-318161943,S2-350094462,S2-353683131,S2-369485231,S2-378780545,S2-426660752,S2-435111683,S2-458231969,S2-463532424,S2-472732930,S2-488406580,S2-522124626,S2-551207522,S2-568369259,S2-585850396,S2-599963986,S2-60332086,S2-609888752,S2-616997096,S2-626546137,S2-637500424
S1-879837384	S2-252643947,S2-647396844,S2-853583351,S2-919334837,S2-116894160,S2-137904907,S2-264927097,S2-278899754,S2-293675262,S2-311879305,S2-365601501,S2-396092633,S2-414750116,S2-46715599,S2-487755645,S2-498649674,S2-52271027,S2-646977611,S2-659140555,S2-663191944,S2-67505679,S2-775372498,S2-808710396,S2-830006796,S2-837376746,S2-860793504,S2-925974001,S2-928348681,S2-10285206,S2-103603271,S2-104699931,S2-110343431,S2-113980384,S2-116915215,S2-11736511,S2-128425665,S2-130141140,S2-13056162,S2-133556960,S2-134481300
S1-763791563	S2-830830561,S2-102140882,S2-126113089,S2-142738971,S2-147418558,S2-199850824,S2-30303472,S2-424994410,S2-45191299,S2-478314594,S2-486691928,S2-544639758,S2-590156346,S2-598068208,S2-60078962,S2-644359266,S2-702611529,S2-722892973,S2-742354485,S2-788169147,S2-856550637,S2-907823193,S2-913976206,S2-128082143,S2-654175886,S2-764648578,S2-766311908,S2-783499977,S2-720705309,S2-721031141,S2-101451801,S2-101709806,S2-102874914,S2-102907056,S2-104641729,S2-105547812,S2-109579849,S2-117978268,S2-118516014,S2-120695955
S1-499382294	S2-361050149,S2-891369195,S2-972130692,S2-323784683,S2-740964391,S2-775612711,S2-904888918,S2-303287924,S2-457144425,S2-553410329,S2-238770340,S2-519959445,S2-982536622,S2-10166460,S2-120889040,S2-209709244,S2-221697774,S2-228743255,S2-269406231,S2-282390486,S2-308971714,S2-352198717,S2-41383201,S2-495242484,S2-548973845,S2-708735695,S2-778886754,S2-779327043,S2-801299239,S2-819356249,S2-867247161,S2-889977529,S2-930640948,S2-956811797,S2-977707260,S2-987128295,S2-101008327,S2-102474096,S2-102835643,S2-104164963
S1-525055772	S2-163963287,S2-175498662,S2-188008901,S2-198327851,S2-206936573,S2-224633651,S2-234289368,S2-23812106,S2-267871575,S2-274741236,S2-322287551,S2-324738620,S2-355319280,S2-377708352,S2-388568490,S2-410195712,S2-422826585,S2-428461775,S2-430379962,S2-457161576,S2-499135039,S2-500927860,S2-503737530,S2-513295627,S2-523972145,S2-553458222,S2-567628871,S2-586442771,S2-593455704,S2-598338098,S2-602258114,S2-614640857,S2-624388927,S2-631827709,S2-643638573,S2-649917878,S2-67416429,S2-675010771,S2-693329513,S2-698793202
S1-813850270	S2-516280546,S2-782558469,S2-833290819,S2-115026040,S2-116661379,S2-137402189,S2-166336001,S2-252321761,S2-284865264,S2-29108033,S2-330072770,S2-362258219,S2-375951723,S2-467588250,S2-472320169,S2-476833485,S2-486530273,S2-496765495,S2-523854763,S2-552487507,S2-558925352,S2-585256482,S2-59954279,S2-607826334,S2-690038102,S2-71787985,S2-748554490,S2-76254255,S2-79840590,S2-848616364,S2-865692846,S2-960814077,S2-98413241,S2-100798928,S2-101819164,S2-112975142,S2-122833780,S2-13306888,S2-133523016,S2-136437217
S1-565936968	S2-143818305,S2-305809313,S2-394998792,S2-945721309,S2-983064567,S2-102509620,S2-174256960,S2-201731052,S2-207448492,S2-207787552,S2-231582569,S2-243627614,S2-264886718,S2-289243772,S2-297032218,S2-314477032,S2-334986797,S2-343318003,S2-379910770,S2-401982094,S2-448763041,S2-50659110,S2-527456769,S2-531060027,S2-534037646,S2-558172451,S2-585316294,S2-585471449,S2-602166598,S2-635568509,S2-659300097,S2-702435519,S2-761397747,S2-784070798,S2-835613264,S2-850887844,S2-897308211,S2-931333480,S2-968269476,S2-968622230
S1-484728325	S2-384313945,S2-682660453,S2-959460989,S2-176116039,S2-195138230,S2-514513213,S2-645586359,S2-738725699,S2-840007609,S2-911753751,S2-100128288,S2-104894722,S2-186983744,S2-190923627,S2-221142504,S2-222691902,S2-231582569,S2-259356134,S2-278501566,S2-280443108,S2-316447872,S2-339680178,S2-340160053,S2-340517628,S2-352427677,S2-358261816,S2-364930016,S2-409800335,S2-41953670,S2-454431030,S2-473588287,S2-498337911,S2-514217836,S2-522826666,S2-532104150,S2-535468525,S2-554681865,S2-586376618,S2-604268165,S2-681785963
S1-558031216	S2-115115601,S2-154063343,S2-180696551,S2-188849194,S2-199225324,S2-248795010,S2-25613790,S2-25823064,S2-264731923,S2-266979209,S2-323988714,S2-332556561,S2-338166538,S2-354081242,S2-372991845,S2-534687141,S2-539726746,S2-590296461,S2-688545765,S2-694466866,S2-698586812,S2-710099885,S2-76271560,S2-780123305,S2-818483736,S2-822813739,S2-848216896,S2-849149072,S2-8648579,S2-925823143,S2-963807014
S1-341378122	S2-170956781,S2-248154241,S2-358651928,S2-364023565,S2-43338697,S2-587579838,S2-613001830,S2-61819749,S2-621356677,S2-639335580,S2-657092756,S2-704959950,S2-722246266,S2-776718520,S2-848282624,S2-92166768,S2-949855595,S2-951478256,S2-971561281,S2-972628918,S2-99643249
S1-349554399	S2-100570644,S2-327078880,S2-381439020,S2-414958651,S2-461479757,S2-488956093,S2-490491736,S2-49392481,S2-562767509,S2-624349809,S2-626445420,S2-634938916,S2-679569844,S2-833916808,S2-841340463,S2-869438974,S2-876560810,S2-925476370,S2-985102011
S1-873927210	S2-102286733,S2-106817274,S2-114805384,S2-11851443,S2-12953898,S2-132197171,S2-132555754,S2-134358987,S2-135712954,S2-156408698,S2-156460390,S2-17298657,S2-174548948,S2-182921717,S2-184993338,S2-191314858,S2-193196105,S2-198938800,S2-200135066,S2-234510949,S2-239963043,S2-246466150,S2-246768328,S2-247658857,S2-253310937,S2-261180002,S2-274316857,S2-278626875,S2-27893296,S2-282704171,S2-287605788,S2-303726261,S2-312533710,S2-32190143,S2-324264809,S2-329661241,S2-342359704,S2-348406161,S2-382857462,S2-383412867
S1-583059672	S2-399971243,S2-869901829,S2-163212711,S2-173027391,S2-185692593,S2-264092269,S2-313412365,S2-401946958,S2-43968941,S2-477278135,S2-47752844,S2-502097294,S2-503473655,S2-523974634,S2-537422507,S2-539565457,S2-568165035,S2-593947903,S2-651875325,S2-654276851,S2-810153096,S2-81928711,S2-821992764,S2-837615087,S2-844591745,S2-86882746,S2-874916369,S2-888873504,S2-927994213,S2-958910464,S2-993866047,S2-100494049,S2-716015749,S2-736216542,S2-314051985,S2-802715353,S2-860552437,S2-101008327,S2-10447408,S2-109321026
S1-397453629	S2-154581338,S2-31668659,S2-392215967,S2-50094694,S2-528903035,S2-757169960,S2-82290383,S2-911772020,S2-965217175,S2-105547812,S2-110236539,S2-113081746,S2-116505976,S2-116748146,S2-117969335,S2-118339592,S2-119607177,S2-120498114,S2-128057362,S2-128203835,S2-141405874,S2-143266234,S2-145015769,S2-147817802,S2-14959066,S2-15148623,S2-154334183,S2-154591991,S2-155749677,S2-171727887,S2-191866478,S2-196497384,S2-197020255,S2-203090201,S2-204301831,S2-206634811,S2-214009339,S2-222241041,S2-227668718,S2-231195947
S1-914022652	S2-135712954,S2-146417701,S2-159994333,S2-162277750,S2-185735427,S2-230569230,S2-237243311,S2-246534162,S2-283097035,S2-314925002,S2-315005820,S2-329256726,S2-331920032,S2-371724116,S2-383218892,S2-471156571,S2-487803690,S2-488313976,S2-635911598,S2-738479881,S2-740956922,S2-761127938,S2-776425226,S2-781044699,S2-785661690,S2-790619030,S2-816920190,S2-831625227,S2-871870024,S2-924541909,S2-963378378,S2-979515993,S2-985419260,S3-20727238,S3-212514545,S3-696813732,S3-839020948,S3-935370916,S2-200200363,S2-636502988
S1-523999331	S2-102403491,S2-196489082,S2-196984076,S2-200774530,S2-202276581,S2-253600369,S2-267018863,S2-282767622,S2-314039319,S2-317647861,S2-321091001,S2-331672026,S2-365063283,S2-372634189,S2-394640870,S2-414157712,S2-438894790,S2-439505668,S2-453455590,S2-453485181,S2-454082161,S2-462691582,S2-474886651,S2-496701813,S2-514100122,S2-515008896,S2-526301845,S2-526337456,S2-530100856,S2-534868598,S2-559274323,S2-561625161,S2-561809902,S2-603055703,S2-619676471,S2-645627128,S2-668918244,S2-669773765,S2-697088735,S2-70161323
S1-776568553	S2-315957452,S2-117672295,S2-145136821,S2-163737169,S2-181403261,S2-181562892,S2-203570435,S2-278045426,S2-285349475,S2-298073453,S2-337167666,S2-594386142,S2-595783250,S2-601806311,S2-609178823,S2-762525455,S2-770422756,S2-974126678,S2-985612206,S2-243026715,S2-604464805,S2-98789881,S2-144916279,S2-246140180,S2-311029321,S2-317539573,S2-507569300,S2-637241996,S2-643861583,S2-703336809,S2-73148033,S2-744668824,S2-775990620,S2-780835308,S2-789935686,S2-791608566,S2-906710898,S2-966215119,S2-433883035,S2-642746498
S1-857865367	S2-207605943,S2-386816585,S2-156321211,S2-179915079,S2-18506044,S2-220568133,S2-224048662,S2-279814959,S2-307487971,S2-338421246,S2-344108759,S2-356436267,S2-407964036,S2-456904357,S2-491950020,S2-506363323,S2-523889861,S2-635113606,S2-671577043,S2-696694009,S2-701016425,S2-711082058,S2-82135325,S2-849580158,S2-850662657,S2-921279277,S2-935890143,S2-952310759,S2-969271433,S2-616300321,S2-688990122,S2-103505940,S2-539487483,S2-207851413,S2-379709266,S2-928837147,S2-9682596,S2-146271507,S2-256724644,S2-277659644
S1-86804153	S2-100053798,S2-1214406,S2-137741720,S2-140036589,S2-14129572,S2-143305799,S2-167281955,S2-167898617,S2-18124353,S2-182286654,S2-200267070,S2-201618952,S2-232484718,S2-235728897,S2-236401743,S2-24323523,S2-251284767,S2-261043037,S2-282390486,S2-282908996,S2-294684593,S2-309209865,S2-309667809,S2-311570599,S2-347017935,S2-347480573,S2-352416581,S2-361230651,S2-395425974,S2-406105988,S2-41514279,S2-415454263,S2-415871489,S2-447875738,S2-448705272,S2-448864361,S2-454059746,S2-460076617,S2-46771753,S2-471984020
S1-951970212	S2-421990804,S2-11747125,S2-128460500,S2-132147493,S2-153804724,S2-154609011,S2-1683168,S2-173339783,S2-290923374,S2-368743077,S2-463198055,S2-466050614,S2-471890139,S2-482039973,S2-521222621,S2-523712788,S2-536898444,S2-550809827,S2-575691784,S2-589492301,S2-590476792,S2-612119416,S2-613976864,S2-617270829,S2-659346470,S2-697958072,S2-70237420,S2-707976833,S2-749642407,S2-783488851,S2-795622546,S2-80205026,S2-812755176,S2-847438252,S2-960861760,S2-973722232,S2-980691600,S2-999628193,S2-100601479,S2-101037091
S1-891130183	S2-109147488,S2-171172645,S2-199425487,S2-212240492,S2-250454716,S2-274316857,S2-287300820,S2-353204388,S2-466380342,S2-467281480,S2-510699017,S2-632017024,S2-760536936,S2-83072048,S2-838331205,S2-863476565,S2-921643168,S2-146697745,S2-471779425,S2-323494354,S2-546683837,S2-625358509,S2-12827529,S2-154591991,S2-157305539,S2-342332137,S2-378210101,S2-471977441,S2-592899862,S2-628238161,S2-672471315,S2-692397752,S2-784492940,S2-804830967,S2-898976675,S2-914164133,S2-917066665,S2-949354416,S2-97209238,S2-995905662
S1-261360486	S2-974668078,S2-114801328,S2-132887351,S2-148683077,S2-187593824,S2-247341171,S2-280209943,S2-308161661,S2-31531760,S2-337807970,S2-598805992,S2-605734275,S2-758592903,S2-837700172,S2-88024255,S2-880583034,S2-918946000,S2-940074102,S2-987414512,S2-813525901,S2-59600987,S2-102950909,S2-128809239,S2-13208375,S2-133358619,S2-137533654,S2-139514918,S2-15857499,S2-161174102,S2-183683146,S2-187514897,S2-195219793,S2-195430109,S2-210523064,S2-214803289,S2-217729012,S2-218444802,S2-22602734,S2-23010857,S2-232323896
S1-422318491	S2-708656227,S2-127037984,S2-12925728,S2-15361828,S2-260846895,S2-30193154,S2-326534995,S2-511966853,S2-547638771,S2-585151080,S2-644394893,S2-102309877,S2-102829338,S2-103853781,S2-104535590,S2-107284193,S2-111478758,S2-115905594,S2-118199917,S2-119418300,S2-119607177,S2-126315980,S2-131125837,S2-131187809,S2-133556960,S2-135560048,S2-141464080,S2-142441358,S2-142523054,S2-143831817,S2-144554402,S2-146201376,S2-146340097,S2-148143091,S2-148435905,S2-149769139,S2-150451830,S2-150882090,S2-151998897,S2-153945540
S1-925471453	S2-262674607,S2-704350632,S2-960017560,S2-596408371,S2-934774615,S2-168319284,S2-259930838,S2-104469883,S2-109413129,S2-132723141,S2-149889868,S2-189544423,S2-195224749,S2-235155410,S2-248419116,S2-26203030,S2-290688425,S2-315765815,S2-349287094,S2-400334367,S2-416170846,S2-444052404,S2-5602574,S2-591435564,S2-610332499,S2-626930611,S2-631021534,S2-632294595,S2-715698913,S2-75163727,S2-764632135,S2-769345597,S2-824655930,S2-878613921,S2-893043934,S2-895071828,S2-902147205,S2-94531042,S2-111237832,S2-114971370
S1-914958503	S2-862759276,S2-163881979,S2-419811686,S2-707377289,S2-103573723,S2-106383133,S2-108927878,S2-109905092,S2-113628773,S2-116329941,S2-123349497,S2-125586840,S2-148986177,S2-16898407,S2-171193711,S2-178156769,S2-189322970,S2-190642185,S2-193344911,S2-219201040,S2-238258130,S2-257308271,S2-270217724,S2-271068810,S2-272390130,S2-273325619,S2-274242736,S2-280817578,S2-290250154,S2-30096875,S2-301849769,S2-311029819,S2-311049503,S2-311192735,S2-311700940,S2-322536831,S2-327824302,S2-331399833,S2-339977063,S2-354310141
S1-447656699	S3-217931395,S2-122833780,S2-190194115,S2-192304786,S2-38600725,S2-417269575,S2-44271389,S2-522905175,S2-644740224,S2-655689025,S2-711460740,S2-745874730,S2-768691745,S2-798277581,S2-833269892,S2-853959569,S2-994429169,S2-140714509,S2-287824031,S2-30000261,S2-337522307,S2-83329842,S2-138902572,S2-565368944,S2-112975142,S2-126315980,S2-146263154,S2-146359706,S2-147451468,S2-149597058,S2-15148623,S2-154868326,S2-168770832,S2-209245448,S2-213099480,S2-21792334,S2-229857039,S2-2315596,S2-25037574,S2-257392559
S1-216798062	S2-199813426,S2-444297111,S2-189485488,S2-296921131,S2-373548225,S2-398969078,S2-401492041,S2-418431313,S2-434699285,S2-443830893,S2-498630908,S2-546277143,S2-560818510,S2-561440560,S2-595531362,S2-613019176,S2-619278334,S2-622773879,S2-658493434,S2-692296437,S2-726460321,S2-729484738,S2-78450426,S2-809157171,S2-857351996,S2-872196040,S2-903565840,S2-973115012,S2-100707778,S2-101313426,S2-102838962,S2-104464839,S2-10465607,S2-105423216,S2-105594990,S2-105768147,S2-10578216,S2-106184894,S2-106908241,S2-108231938
S1-487408870	S2-145325301,S2-172136451,S2-189729084,S2-192760049,S2-441144872,S2-458336432,S2-47892032,S2-486400470,S2-490085314,S2-526991413,S2-533193351,S2-551068479,S2-562267383,S2-563534660,S2-566470697,S2-592164284,S2-653376534,S2-690078355,S2-69523598,S2-700987089,S2-701814716,S2-738616992,S2-744269045,S2-764952356,S2-788985348,S2-824779626,S2-829795756,S2-84875444,S2-890647761,S2-916760721,S2-375223631,S2-416045504,S2-859093276,S2-18760906,S2-716916336,S2-218242383,S2-681060069,S2-230066381,S2-356220463,S2-419150575
S1-483210751	S2-107035834,S2-114121811,S2-125926135,S2-13113066,S2-192165024,S2-214889710,S2-230254980,S2-269365134,S2-434433838,S2-477337997,S2-525769340,S2-574948785,S2-591448531,S2-62820691,S2-651192805,S2-651779745,S2-653119002,S2-674019603,S2-68461677,S2-711200564,S2-735318590,S2-80168155,S2-802880289,S2-805960728,S2-814801498,S2-850353890,S2-869606758,S2-889211805,S2-915677646,S2-956845983,S2-99140016,S2-346176476,S2-212582677,S2-738361884,S2-870854431,S2-953126373,S2-132873893,S2-161990650,S2-197592243,S2-199652668
S1-973703483	S2-11673139,S2-196314395,S2-228841038,S2-243816671,S2-261643670,S2-336002995,S2-364269222,S2-477192780,S2-47799063,S2-517660608,S2-550809827,S2-566288819,S2-617270829,S2-620264553,S2-625937606,S2-660335138,S2-719067084,S2-755493827,S2-831228466,S2-91690570,S2-992631178,S2-101537138,S2-103934090,S2-106376814,S2-108444869,S2-110358771,S2-111298661,S2-111647224,S2-114873065,S2-115467558,S2-116493050,S2-11747125,S2-119606819,S2-121549347,S2-12305067,S2-123743652,S2-125301970,S2-131496838,S2-131578504,S2-139121005
S1-91116287	S2-101192551,S2-105898926,S2-114657503,S2-116505106,S2-125991329,S2-126771418,S2-131455016,S2-132723141,S2-134640727,S2-134831831,S2-137332973,S2-141939448,S2-14828490,S2-155473968,S2-157315965,S2-165914840,S2-168185439,S2-169730225,S2-170995935,S2-176849787,S2-179878001,S2-183761344,S2-186918703,S2-18879382,S2-190543375,S2-190923627,S2-195224749,S2-196810000,S2-198672108,S2-199635728,S2-20015667,S2-204301831,S2-209541867,S2-212698060,S2-227455506,S2-22775099,S2-232316980,S2-237069584,S2-237386317,S2-237661447
S1-631165181	S2-103090571,S2-119656010,S2-171712711,S2-195768351,S2-217550274,S2-222380591,S2-231793367,S2-285749607,S2-353412951,S2-355193704,S2-359901086,S2-389204231,S2-39010500,S2-396195135,S2-420373503,S2-467289385,S2-46990739,S2-473087463,S2-496669432,S2-528333995,S2-538412740,S2-562473367,S2-609660450,S2-671744957,S2-686369630,S2-69246878,S2-751805716,S2-810077146,S2-81898728,S2-820761727,S2-835865382,S2-839717890,S2-883178838,S2-993367559,S2-482956155,S2-537803499,S2-638423568,S2-672923173,S2-819356249,S2-242165633
S1-404417181	S2-147194195,S2-158606915,S2-205170272,S2-216343581,S2-227600524,S2-247560956,S2-28745383,S2-440401896,S2-57375033,S2-686312303,S2-711158861,S2-745557331,S2-751864723,S2-778212164,S2-785208750,S2-819407496,S2-941996642,S2-944103674,S2-961825275,S2-222816106,S2-951297943,S2-655319703,S2-818931308,S2-450885880,S2-93622933,S2-102950909,S2-114805384,S2-149370940,S2-156162868,S2-191007167,S2-264201435,S2-393508323,S2-401898465,S2-420995032,S2-446495200,S2-519588694,S2-640542998,S2-659038619,S2-672057770,S2-799289955
S1-705759195	S2-214634931,S2-512260458,S2-893444879,S2-507619867,S2-142230467,S2-157704406,S2-206201633,S2-22921912,S2-244606480,S2-268447092,S2-279755232,S2-319007520,S2-372218876,S2-415733261,S2-436033032,S2-444121358,S2-445125514,S2-44656071,S2-448408033,S2-456981564,S2-473371286,S2-514029505,S2-547408435,S2-572014735,S2-698622096,S2-712479570,S2-731617744,S2-74132816,S2-74926451,S2-772422738,S2-870576352,S2-888055946,S2-891245742,S2-936134585,S2-17772653,S2-781999444,S2-26666961,S2-192391346,S2-690171374,S2-10316620
S1-729603111	S2-512963424,S2-883982551,S2-10154331,S2-104522416,S2-108630610,S2-111914306,S2-112883751,S2-118278392,S2-121056762,S2-121534599,S2-123328425,S2-124710128,S2-132873893,S2-134662867,S2-152553548,S2-152960966,S2-153452187,S2-165413693,S2-174299061,S2-178043282,S2-179295808,S2-187892076,S2-194171151,S2-194731069,S2-19689896,S2-202159021,S2-214634931,S2-218567427,S2-219404095,S2-220082939,S2-220541338,S2-221238845,S2-222547847,S2-224868705,S2-231104855,S2-23267854,S2-233551467,S2-233636231,S2-235708309,S2-23571470
S1-915479091	S2-102215032,S2-109239798,S2-110813877,S2-128532524,S2-140385523,S2-157935723,S2-163612231,S2-169298326,S2-264940990,S2-267429693,S2-309092050,S2-324348748,S2-330656969,S2-38453631,S2-427731617,S2-457049940,S2-469944775,S2-505386824,S2-533088329,S2-575646982,S2-614810613,S2-646720926,S2-676624824,S2-680323770,S2-727779637,S2-73085681,S2-820320849,S2-834077920,S2-879294820,S2-904488870,S2-906119201,S2-958407281,S2-965910760,S2-965982171,S2-983439720,S2-156437500,S2-345921177,S2-4020443,S2-496850215,S2-514653047
S1-385082068	S2-802670510,S2-151322413,S2-175310560,S2-253663148,S2-256692563,S2-260664935,S2-279333918,S2-327269952,S2-439303984,S2-608496926,S2-635208113,S2-679724464,S2-7121075,S2-749380632,S2-757329008,S2-773092564,S2-807828911,S2-80942167,S2-968246739,S2-365111685,S2-79796737,S2-148679339,S2-177266238,S2-825044362,S2-165863386,S2-177205880,S2-297150010,S2-422534402,S2-603841351,S2-787189547,S2-818265321,S2-871870024,S2-892938251,S2-894066769,S2-895296486,S2-960892569,S2-968334902,S2-104699931,S2-106248676,S2-108259617
S1-802954685	S2-102140882,S2-126113089,S2-142738971,S2-147418558,S2-199850824,S2-30303472,S2-424994410,S2-45191299,S2-478314594,S2-486691928,S2-544639758,S2-590156346,S2-598068208,S2-60078962,S2-644359266,S2-702611529,S2-722892973,S2-742354485,S2-788169147,S2-830830561,S2-856550637,S2-907823193,S2-128082143,S2-654175886,S2-764648578,S2-766311908,S2-783499977,S2-913976206,S2-635803572,S2-431489570,S2-480668634,S2-662595608,S2-101709806,S2-102907056,S2-104277074,S2-104699931,S2-1052306,S2-106248676,S2-108259617,S2-108794551
S1-595315008	S2-110425320,S2-114328615,S2-126996401,S2-139610210,S2-150219403,S2-161047745,S2-181346965,S2-252583656,S2-264759308,S2-327738915,S2-342307473,S2-359881523,S2-392125160,S2-394533528,S2-396471002,S2-407567083,S2-424370597,S2-427947934,S2-452653843,S2-471215013,S2-490874218,S2-491677118,S2-4926160,S2-52720519,S2-528602597,S2-533713726,S2-58067024,S2-666871273,S2-67855004,S2-706839063,S2-754554252,S2-760072869,S2-762216330,S2-764921872,S2-784586025,S2-788926739,S2-796015902,S2-800923555,S2-821225307,S2-828139103
S1-633779655	S2-279664505,S2-43723004,S2-63261077,S2-728055261,S2-947139773,S2-997681835,S2-555976504,S2-194885385,S2-201039176,S2-416458604,S2-487318194,S2-530176191,S2-566194399,S2-5968083,S2-646197371,S2-67703868,S2-68631176,S2-719246000,S2-730819637,S2-749031897,S2-790252569,S2-853722551,S2-920579029,S2-931874825,S2-962722592,S2-9682596,S2-981857471,S2-101730549,S2-107143243,S2-133809905,S2-139757130,S2-175595331,S2-180521991,S2-190551533,S2-199669656,S2-205496240,S2-206186524,S2-208314413,S2-209877395,S2-30902592
S1-112750665	S2-293455268,S2-51842838,S2-124487160,S2-135347350,S2-256269130,S2-463146600,S2-711332890,S2-731547483,S2-818622882,S2-929953734,S2-101030307,S2-192873923,S2-280732932,S2-28079880,S2-322836083,S2-400178121,S2-440765604,S2-512404243,S2-517323445,S2-593821780,S2-676491831,S2-681384833,S2-684111800,S2-7076934,S2-742310653,S2-838081156,S2-845228230,S2-890276366,S2-919676126,S2-97306857,S2-111647224,S2-116493050,S2-121289279,S2-121549347,S2-125301970,S2-12685109,S2-130488242,S2-131578504,S2-139121005,S2-147235344
S1-276003295	S2-618540072,S2-754366097,S2-355960249,S2-420409886,S2-615493691,S2-639521411,S2-715411138,S2-76127030,S2-865496744,S2-936186591,S2-205415275,S2-218140871,S2-221821958,S2-234881217,S2-293405027,S2-438185832,S2-484254734,S2-502707039,S2-513524525,S2-549210643,S2-660428346,S2-671535601,S2-6889820,S2-726001783,S2-782903465,S2-81883020,S2-895944134,S2-937027575,S2-390418577,S2-540591986,S2-101919056,S2-183761344,S2-186835708,S2-191314858,S2-231763054,S2-465002151,S2-524266828,S2-59600987,S2-61138680,S2-643706142
S1-39797197	S2-187035230,S2-315765815,S2-109413129,S2-191752697,S2-349287094,S2-385077775,S2-391886434,S2-628335210,S2-693522111,S2-708656227,S2-72271086,S2-738241363,S2-100006923,S2-102509620,S2-104641729,S2-106571440,S2-108868655,S2-111237832,S2-117978268,S2-118516014,S2-119406140,S2-121894818,S2-123641424,S2-123964652,S2-125238543,S2-129093659,S2-130743991,S2-133358619,S2-13381057,S2-134710405,S2-134796146,S2-135712954,S2-137335733,S2-138039475,S2-139274716,S2-142116876,S2-143667827,S2-144841979,S2-144952989,S2-146005377
S1-236397740	S2-119773716,S2-122481112,S2-147070109,S2-19647438,S2-213948342,S2-222072273,S2-241008719,S2-257984752,S2-288252849,S2-316020185,S2-332376933,S2-345637244,S2-384951393,S2-406107841,S2-448089478,S2-449825913,S2-472555582,S2-476732987,S2-492869467,S2-510444969,S2-522619692,S2-532606696,S2-533043421,S2-533489038,S2-552206201,S2-615347444,S2-64393905,S2-72648018,S2-739236801,S2-772875544,S2-776074513,S2-801650518,S2-844250305,S2-860457725,S2-867191751,S2-88820352,S2-899502568,S2-916572585,S2-922765242,S2-926947052
S1-662343149	S2-105862338,S2-111370285,S2-114233191,S2-1240778,S2-135133357,S2-141316194,S2-14199165,S2-145212314,S2-178243328,S2-180696551,S2-191012952,S2-194675219,S2-206866055,S2-209709244,S2-24323523,S2-280450125,S2-280677288,S2-290064703,S2-290414091,S2-323329661,S2-328638969,S2-340390017,S2-385173809,S2-402816908,S2-422448157,S2-456360567,S2-464992727,S2-473742923,S2-480438727,S2-486630648,S2-501813340,S2-510504303,S2-510514658,S2-514682137,S2-517152825,S2-535716624,S2-557882604,S2-57057896,S2-576065582,S2-583148664
S1-880890425	S2-147686508,S2-152677061,S2-237430320,S2-380134393,S2-4052344,S2-752508714,S2-77289909,S2-869386886,S2-913567544,S2-503430074,S2-692060905,S2-859736543,S2-977512580,S2-866162216,S2-269682508,S2-126644866,S2-135555173,S2-151790001,S2-160732996,S2-161740473,S2-182454878,S2-201761545,S2-217692278,S2-245897786,S2-247790535,S2-274762522,S2-281590794,S2-287688837,S2-321151485,S2-345334457,S2-383539909,S2-39020745,S2-391277285,S2-394424984,S2-399864987,S2-404431253,S2-438972703,S2-443406741,S2-49774351,S2-5283893
S1-534265138	S2-125034015,S2-126861995,S2-13440422,S2-152186399,S2-154876508,S2-19297940,S2-197251777,S2-248782105,S2-25115719,S2-255808984,S2-264776657,S2-269084113,S2-28021649,S2-316331777,S2-386702363,S2-392313075,S2-412196838,S2-416243900,S2-505166418,S2-506656278,S2-515416055,S2-525587203,S2-527150782,S2-550136811,S2-55800500,S2-579566857,S2-600108525,S2-621802942,S2-625899005,S2-638282892,S2-660059542,S2-685830084,S2-711919843,S2-716588163,S2-729718584,S2-774632221,S2-776958887,S2-818483736,S2-841559996,S2-884393475
S1-754543752	S2-878003016,S2-131506381,S2-134661626,S2-185531240,S2-193056650,S2-199980909,S2-200067922,S2-228292788,S2-229560398,S2-236998284,S2-277690362,S2-28134581,S2-328861972,S2-336445129,S2-336908326,S2-34510770,S2-346550847,S2-377001396,S2-393056405,S2-414808855,S2-415984831,S2-421953366,S2-426301227,S2-435953879,S2-44935718,S2-473742923,S2-488839070,S2-490251737,S2-543634395,S2-605104851,S2-605331556,S2-609224516,S2-615652460,S2-620223248,S2-63530227,S2-651566191,S2-655756698,S2-67930851,S2-717076942,S2-74336911
S1-883829621	S2-719592273,S2-905087284,S2-934376052,S2-632973445,S2-105720426,S2-106174634,S2-109406273,S2-189991527,S2-248328837,S2-259247605,S2-282301509,S2-317539573,S2-327163518,S2-357545160,S2-377181975,S2-411476341,S2-418907220,S2-426839110,S2-465282791,S2-501999188,S2-507646894,S2-525510994,S2-592184061,S2-613922815,S2-614055634,S2-621956653,S2-669193293,S2-698001157,S2-727462685,S2-889417862,S2-941805670,S2-10068244,S2-102002843,S2-103750348,S2-104894722,S2-106563273,S2-110549915,S2-118199917,S2-128809239,S2-130743991
S1-37071617	S2-102907056,S2-273199101,S2-306503388,S2-566935843,S2-858280730,S2-956549240,S2-101709806,S2-102140882,S2-126113089,S2-128082143,S2-142738971,S2-147418558,S2-190103142,S2-199850824,S2-218626843,S2-219892509,S2-30303472,S2-30331187,S2-310244591,S2-32682840,S2-408368713,S2-424994410,S2-44619810,S2-45191299,S2-475893824,S2-478314594,S2-479490321,S2-486691928,S2-494966281,S2-525671462,S2-544639758,S2-567369956,S2-570955183,S2-588585875,S2-590156346,S2-598068208,S2-60078962,S2-606045548,S2-610534451,S2-624695701
S1-990759721	S2-200440168,S2-101780727,S2-11138935,S2-112685256,S2-114328615,S2-114692909,S2-123374214,S2-124826584,S2-126969084,S2-127104276,S2-136673444,S2-150219403,S2-165644805,S2-171603827,S2-178432925,S2-187572852,S2-194675219,S2-20047958,S2-202669621,S2-206513019,S2-206915548,S2-207672044,S2-207919356,S2-217315239,S2-223892157,S2-226658215,S2-231361899,S2-242468905,S2-24889902,S2-250360403,S2-259305279,S2-260167197,S2-261214994,S2-278352906,S2-280510986,S2-290694964,S2-291786825,S2-320983511,S2-321495967,S2-324896721
S1-831843558	S2-120949661,S2-166606349,S2-208812856,S2-236125003,S2-245865680,S2-279192832,S2-283848602,S2-285456867,S2-311609470,S2-328308841,S2-396638996,S2-404190892,S2-430980578,S2-485500279,S2-510501346,S2-518657430,S2-551837031,S2-558654912,S2-568026492,S2-574281714,S2-647693632,S2-683175721,S2-69025194,S2-775168980,S2-796668186,S2-808694908,S2-826313543,S2-830000105,S2-838238998,S2-887525636,S2-907856457,S2-93717520,S2-937283255,S2-954237935,S2-236415779,S2-286201851,S2-43550719,S2-415413684,S2-387762959,S2-510293809
S1-988076802	S2-234617216,S2-109730183,S2-138702507,S2-145212314,S2-203156184,S2-228446786,S2-237669629,S2-239425365,S2-314513636,S2-321287900,S2-326151586,S2-335064237,S2-367516755,S2-370378950,S2-389337382,S2-395950811,S2-492320247,S2-503628256,S2-539162583,S2-543111643,S2-552391674,S2-584570790,S2-591453205,S2-606589402,S2-627039971,S2-635431226,S2-648055380,S2-724669106,S2-738716660,S2-762637532,S2-774130265,S2-789733642,S2-806842375,S2-818439971,S2-865639322,S2-90564148,S2-942084916,S2-965510224,S2-48227097,S2-561707450
S1-867508043	S2-217827193,S2-29810506,S2-349770586,S2-76561277,S2-97555089,S2-143610766,S2-187048297,S2-263062006,S2-311868409,S2-489906250,S2-529841486,S2-562267383,S2-602285558,S2-695034482,S2-756454257,S2-818861226
S1-412886077	S2-139599437,S2-148491058,S2-222892586,S2-254545345,S2-280267902,S2-287543455,S2-333315822,S2-461286728,S2-466012388,S2-498025533,S2-504661438,S2-609391139,S2-646594637,S2-653033698,S2-750473552,S2-810195004,S2-858403856,S2-87293332,S2-913240757,S2-918292563,S2-925127860,S2-942398004,S2-379175839,S2-614923689,S2-144636346,S2-261040245,S2-401492041,S2-83815437,S2-228841038,S2-916527795,S2-879840932,S2-387028715,S2-119346994,S2-148743394,S2-159004257,S2-159226469,S2-173600974,S2-178418197,S2-214857850,S2-228079379
S1-92502000	S2-141495873,S2-145379986,S2-153559021,S2-164977182,S2-177918546,S2-208680051,S2-309819640,S2-333861097,S2-335066405,S2-369512941,S2-381773206,S2-434166125,S2-468390527,S2-542555771,S2-548168261,S2-571793390,S2-625852474,S2-654686082,S2-8135342,S2-845629897,S2-850012102,S2-886186491,S2-890218607,S2-911470484,S2-925974001,S2-930930963,S2-934774615,S2-949155084,S2-957343468,S2-991981696,S2-995478179,S2-1008333,S2-102793116,S2-105770392,S2-117672295,S2-122429802,S2-14266481,S2-144916279,S2-145136821,S2-161201875
S1-362007759	S2-214803289,S2-217729012,S2-292504657,S2-310750719,S2-313706783,S2-316696538,S2-329607640,S2-369020292,S2-410385649,S2-487495973,S2-49966674,S2-503157961,S2-526479001,S2-603543869,S2-607530845,S2-91305348,S2-836882832,S2-356452891,S2-727409714,S2-187514897,S2-296176914,S2-341142787,S2-401696583,S2-444900570,S2-512553178,S2-776942202,S2-803825075,S2-868314086,S2-100341348,S2-102950909,S2-105761953,S2-106383133,S2-110343431,S2-110549915,S2-114657503,S2-119087459,S2-119907794,S2-131512780,S2-13208375,S2-133651279
S1-628335222	S2-492022444,S2-131709353,S2-171524385,S2-26324258,S2-263583143,S2-376791375,S2-437858199,S2-452824048,S2-695159353,S2-700004736,S2-706615728,S2-721442087,S2-7412426,S2-823869687,S2-865137507,S2-901114565,S2-963096353,S2-325954732,S2-955996292,S2-995905662,S2-130743991,S2-365904551,S2-379927807,S2-495772499,S2-526807784,S2-576100292,S2-59968679,S2-612573160,S2-725932095,S2-727710081,S2-728677506,S2-777655733,S2-783345185,S2-816680924,S2-847120229,S2-983281503,S2-99215851,S2-102059869,S2-104028932,S2-104741890
S1-511355563	S2-12709902,S2-136208372,S2-256018289,S2-289384968,S2-308051693,S2-323321410,S2-362602827,S2-364682164,S2-375756940,S2-426425765,S2-473076557,S2-536369967,S2-614857828,S2-624628195,S2-693564561,S2-750330435,S2-796122390,S2-805760383,S2-824667516,S2-832498909,S2-857787543,S2-88915860,S2-88920008,S2-913190062,S2-942590421,S2-166932951,S2-347660873,S2-395504040,S2-168410803,S2-423519674,S2-18496240,S2-369798579,S2-968907807,S2-100798928,S2-101819164,S2-112975142,S2-114663148,S2-114823038,S2-11753311,S2-122833780
S1-686749094	S2-481924646,S2-122367876,S2-147625317,S2-15168119,S2-167274761,S2-189587994,S2-23818990,S2-268596128,S2-276779021,S2-327321657,S2-327347568,S2-332328832,S2-354512597,S2-386366146,S2-422448157,S2-425091985,S2-426053906,S2-429596360,S2-474842127,S2-49745493,S2-537083769,S2-581741743,S2-635811887,S2-650913493,S2-66236312,S2-701630180,S2-719067084,S2-752724417,S2-764929030,S2-817435605,S2-840024601,S2-875543896,S2-882329412,S2-888036378,S2-931516212,S2-934610437,S2-984718731,S2-240163584,S2-12407936,S2-228841038
S1-692096873	S2-186614082,S2-663597317,S2-767099508,S2-803978569,S2-375456364,S2-651404078,S2-814678482,S2-915294797,S2-106393512,S2-108074414,S2-109530317,S2-110239007,S2-119815516,S2-129894884,S2-13691534,S2-137825625,S2-160941289,S2-184439908,S2-219268472,S2-222861761,S2-241013197,S2-241231062,S2-288641682,S2-292335274,S2-31854557,S2-32995522,S2-334470122,S2-334901847,S2-34207224,S2-348897674,S2-351022401,S2-361311490,S2-368527359,S2-385142682,S2-387799480,S2-391861259,S2-394598412,S2-426046760,S2-429036199,S2-503876431
S1-811127142	S2-187777854,S2-423945177,S2-603383783,S2-556984109,S2-635381033,S2-98262849,S2-121365773,S2-136926234,S2-159468110,S2-175566180,S2-182579393,S2-247565679,S2-256991993,S2-302828791,S2-447193368,S2-527020116,S2-555549188,S2-560024202,S2-569625167,S2-671665460,S2-704803407,S2-711200564,S2-83820304,S2-903026864,S2-929443380,S2-977493927,S2-100606700,S2-101808449,S2-10404801,S2-105274406,S2-107035834,S2-107838326,S2-109161598,S2-111298661,S2-111456241,S2-114121811,S2-114853591,S2-11659145,S2-11673139,S2-117299857
S1-156883486	S2-25086538,S2-973557907,S2-128333305,S2-131659033,S2-163896098,S2-25660490,S2-273602380,S2-282341955,S2-309699540,S2-314048956,S2-340879150,S2-361131093,S2-449288550,S2-468234939,S2-48332619,S2-534323737,S2-61695206,S2-667324065,S2-683923546,S2-749810730,S2-802686176,S2-827650596,S2-849686830,S2-854162938,S2-885977204,S2-954870136,S2-100648957,S2-103090571,S2-103636129,S2-107035834,S2-107838326,S2-109161598,S2-113542766,S2-114121811,S2-114597445,S2-114853591,S2-117962152,S2-118094151,S2-118329705,S2-118393214
S1-995078395	S2-214803289,S2-217729012,S2-292504657,S2-310750719,S2-313706783,S2-316696538,S2-329607640,S2-369020292,S2-410385649,S2-487495973,S2-49966674,S2-503157961,S2-526479001,S2-603543869,S2-607530845,S2-91305348,S2-836882832,S2-356452891,S2-727409714,S2-296176914,S2-187514897,S2-341142787,S2-485419143,S2-604259050,S2-776942202,S2-803825075,S2-868314086,S2-100341348,S2-102950909,S2-110343431,S2-116915215,S2-11736511,S2-128997508,S2-131512780,S2-13208375,S2-134344700,S2-137533654,S2-137876921,S2-139502679,S2-139514918
S1-24513059	S2-891784026,S2-676181880,S2-120695955,S2-138840242,S2-139110446,S2-157632564,S2-165863386,S2-170821232,S2-174118382,S2-178384635,S2-180361841,S2-190849736,S2-191274340,S2-223038034,S2-22642885,S2-228023672,S2-233965830,S2-236789268,S2-28478343,S2-288442284,S2-289100479,S2-291405893,S2-298447368,S2-303280197,S2-313780655,S2-318241231,S2-323071210,S2-334012226,S2-341748039,S2-344916857,S2-349327469,S2-35450420,S2-372864421,S2-379340461,S2-380683094,S2-388856696,S2-403306395,S2-404709299,S2-413605208,S2-421924257
S1-861378966	S2-602781105,S2-731598644,S2-992553286,S2-993575551,S2-62139777,S2-70980139,S2-972413002,S2-66451388,S2-106921487,S2-108090038,S2-108212287,S2-114428657,S2-118275942,S2-119620011,S2-120215656,S2-128812248,S2-130427925,S2-13056162,S2-136630789,S2-137904907,S2-17360295,S2-178433000,S2-179053212,S2-180376369,S2-183761344,S2-185878279,S2-192935505,S2-195362283,S2-222540081,S2-224962421,S2-225256306,S2-232307374,S2-239798125,S2-245989691,S2-249707923,S2-260445047,S2-261730874,S2-280306111,S2-286492661,S2-294531411
S1-28205922	S2-796015902,S2-821225307,S2-114328615,S2-126996401,S2-139610210,S2-150219403,S2-161047745,S2-181346965,S2-264759308,S2-327738915,S2-342307473,S2-392125160,S2-396471002,S2-407567083,S2-424370597,S2-427947934,S2-452653843,S2-471215013,S2-490874218,S2-4926160,S2-528602597,S2-58067024,S2-706839063,S2-760072869,S2-762216330,S2-784586025,S2-800923555,S2-828139103,S2-84687277,S2-893832445,S2-920883898,S2-921122628,S2-930924548,S2-932626440,S2-944671449,S2-952919553,S2-998548920,S2-110425320,S2-185522281,S2-252583656
S1-906423755	S2-168076458,S2-387266631,S2-388092234,S2-426144370,S2-50012321,S2-723312196,S2-825954032,S2-845266905,S2-868104062,S2-928677658,S2-970137354,S2-255972940,S2-31050062,S2-329164447,S2-362346858,S2-371012941,S2-417386837,S2-473404434,S2-515415388,S2-54769223,S2-590940937,S2-602166598,S2-642033571,S2-6565711,S2-681441047,S2-709203769,S2-743163205,S2-784587376,S2-830464915,S2-850389621,S2-858047742,S2-90119518,S2-928936183,S2-952087636,S2-606845571,S2-990752207,S2-552206201,S2-663763398,S2-732969369,S2-771845176
S1-75598532	S2-687709447,S2-201379687,S2-30228438,S2-338981034,S2-340397246,S2-353988421,S2-395111508,S2-469404980,S2-569609150,S2-673396381,S2-697677316,S2-765796593,S2-857638134,S2-873486559,S2-912707500,S2-957487190,S2-103356275,S2-142377622,S2-153476718,S2-162652960,S2-174238086,S2-181920800,S2-18531484,S2-192533778,S2-201272956,S2-213484844,S2-23228510,S2-26395860,S2-271230693,S2-277378992,S2-277696278,S2-297071035,S2-324925211,S2-34899163,S2-351925196,S2-422082433,S2-46357618,S2-483282018,S2-51134911,S2-535498418
S1-258353664	S2-208791729,S2-345516678,S2-956662933,S2-103853781,S2-132323002,S2-136893078,S2-150565107,S2-174069908,S2-23165070,S2-273200286,S2-279373750,S2-281900308,S2-346341564,S2-411774498,S2-411790590,S2-412478228,S2-4471137,S2-463646885,S2-476751021,S2-481670096,S2-510842734,S2-511458155,S2-520919387,S2-534277251,S2-535059892,S2-633856109,S2-665721403,S2-71161222,S2-72271086,S2-741783525,S2-765966940,S2-784366846,S2-789302288,S2-829030228,S2-870135569,S2-872349478,S2-905087284,S2-91705214,S2-91980695,S2-948084163
S1-266640251	S2-700416422,S2-884920010,S2-102950909,S2-110276550,S2-116894160,S2-120060080,S2-126222886,S2-137852289,S2-142609972,S2-144805185,S2-14489059,S2-149406963,S2-162663829,S2-168953575,S2-174258796,S2-177402451,S2-185537657,S2-185920568,S2-188340796,S2-196564196,S2-197579778,S2-242585261,S2-249721833,S2-253085740,S2-268968548,S2-271903000,S2-308161661,S2-31253858,S2-313048014,S2-31517803,S2-321398182,S2-322425059,S2-33613046,S2-365769586,S2-384090377,S2-392036067,S2-410788478,S2-414309465,S2-429437464,S2-452774031
S1-977675218	S2-237926534,S2-290977286,S2-391749247,S2-402594304,S2-420647991,S2-458724991,S2-675066136,S2-746620792,S2-776879773,S2-996679134,S2-532780785,S2-628586249,S2-337516700,S2-102396184,S2-104019702,S2-119843211,S2-13478829,S2-14241037,S2-149271521,S2-1505887,S2-151582230,S2-177353350,S2-193307781,S2-200814831,S2-203503037,S2-203511816,S2-230358190,S2-230840511,S2-233502407,S2-241538826,S2-242055718,S2-252583656,S2-264997775,S2-271321037,S2-276476724,S2-277184030,S2-283878571,S2-286138822,S2-288071884,S2-299203503
S1-873784023	S2-105291052,S2-109579849,S2-176093736,S2-187164462,S2-239894950,S2-245210490,S2-274139899,S2-282611900,S2-298447368,S2-397068426,S2-40573006,S2-479335804,S2-499403396,S2-575329360,S2-630772014,S2-683383237,S2-686425569,S2-699018871,S2-756220430,S2-848878443,S2-856355723,S2-869940681,S2-877085471,S2-877776776,S2-884608707,S2-99501150,S2-113931183,S2-116505976,S2-122040589,S2-142513026,S2-145379986,S2-145507253,S2-148625384,S2-15241240,S2-156162868,S2-157877036,S2-159204844,S2-161711656,S2-165914840,S2-171575736
S1-418423816	S2-272902061,S2-754987155,S2-906609960,S2-287796246,S2-430308884,S2-525900411,S2-62552776,S2-676967505,S2-75071547,S2-830394308,S2-842724020,S2-236755590,S2-248970646,S2-387404670,S2-715405716,S2-748745829,S2-183522702,S2-199384569,S2-214390505,S2-244065849,S2-284585076,S2-340914541,S2-38259941,S2-435467431,S2-457082667,S2-516297148,S2-551068479,S2-580826105,S2-764262219,S2-813957984,S2-825354133,S2-929743519,S2-949855595,S2-987960371,S2-103464119,S2-10836953,S2-113704778,S2-115642399,S2-116953520,S2-120614992
S1-902552291	S2-947868612,S2-111061289,S2-169730225,S2-310957511,S2-332783448,S2-369227407,S2-391860001,S2-527521763,S2-54052588,S2-635568509,S2-714333966,S2-73570698,S2-735973567,S2-736382775,S2-874971808,S2-934653187,S2-936794735,S2-948645329,S2-952486802,S2-775280358,S2-801726320,S2-812860341,S2-843984025,S2-877826259,S2-956792233,S2-111335885,S2-168143357,S2-246777571,S2-334634494,S2-388384717,S2-406784191,S2-420465590,S2-467312056,S2-551418540,S2-586392191,S2-595081697,S2-60317469,S2-642056068,S2-659831816,S2-671027681
S1-566183725	S2-112560716,S2-12953898,S2-239220792,S2-261518960,S2-265318726,S2-272161521,S2-282301509,S2-299686132,S2-310840888,S2-325489877,S2-337875869,S2-377924647,S2-443724298,S2-451879167,S2-463836209,S2-466077666,S2-475803529,S2-518494453,S2-534304332,S2-5540165,S2-557499576,S2-558139666,S2-562696174,S2-577859597,S2-58011470,S2-585973264,S2-595218499,S2-596297957,S2-610053919,S2-645442749,S2-64573758,S2-675869375,S2-67769171,S2-71933402,S2-721134375,S2-741811666,S2-758475967,S2-775364891,S2-789511558,S2-799649954
S1-170998977	S2-161624812,S2-203944670,S2-142305657,S2-145060112,S2-17162579,S2-39621146,S2-405189577,S2-413822422,S2-445816199,S2-525743295,S2-532716250,S2-680710222,S2-110855273,S2-126873216,S2-134430685,S2-138967824,S2-140879600,S2-14589566,S2-168302230,S2-172597897,S2-187760869,S2-220286148,S2-225227362,S2-255930762,S2-258436929,S2-297699519,S2-319866868,S2-321590098,S2-328638969,S2-337652920,S2-362875802,S2-388170154,S2-397144890,S2-410049879,S2-410115402,S2-418082017,S2-429222675,S2-442025933,S2-455660268,S2-465428947
S1-968026177	S2-184993052,S2-194067469,S2-295949581,S2-296457382,S2-328849658,S2-356596624,S2-363302642,S2-496312204,S2-498681995,S2-531271646,S2-533173658,S2-564812597,S2-569184514,S2-613319945,S2-621435090,S2-770737884,S2-887746335,S2-889017900,S2-918074562,S2-921564334,S2-953037948,S2-994781590,S2-123720543,S2-127333365,S2-136305349,S2-136465789,S2-181199933,S2-185878279,S2-187130654,S2-19396123,S2-195899758,S2-20367392,S2-235119461,S2-244546798,S2-25491059,S2-257438195,S2-268656082,S2-275634125,S2-277379643,S2-303726261
S1-147569934	S2-888873504,S2-163212711,S2-173027391,S2-185692593,S2-264092269,S2-313412365,S2-399971243,S2-401946958,S2-43968941,S2-477278135,S2-47752844,S2-502097294,S2-503473655,S2-523974634,S2-537422507,S2-539565457,S2-568165035,S2-593947903,S2-651875325,S2-654276851,S2-810153096,S2-81928711,S2-821992764,S2-837615087,S2-844591745,S2-86882746,S2-869901829,S2-874916369,S2-927994213,S2-958910464,S2-993866047,S2-100494049,S2-716015749,S2-736216542,S2-802715353,S2-860552437,S2-101008327,S2-109321026,S2-151983381,S2-152947987
S1-804287238	S2-175765635,S2-181443225,S2-240567370,S2-569718874,S2-619648809,S2-700356526,S2-903418291,S2-155911140,S2-239239307,S2-276593527,S2-303783129,S2-369051332,S2-434469180,S2-481239252,S2-497348391,S2-499929160,S2-531252845,S2-614597395,S2-646087320,S2-685689907,S2-694638616,S2-695127520,S2-838405113,S2-520340388,S2-100668940,S2-107838326,S2-118329705,S2-118393214,S2-135110292,S2-13978335,S2-140880262,S2-143181162,S2-147679503,S2-149105881,S2-15675812,S2-174240991,S2-17571256,S2-183967309,S2-196668934,S2-200547911
S1-282339211	S2-191752697,S2-207312409,S2-207868561,S2-225877806,S2-277826628,S2-289452794,S2-332356681,S2-342561707,S2-369557657,S2-439458470,S2-509685032,S2-563951582,S2-598421374,S2-689246220,S2-693522111,S2-699190345,S2-716146456,S2-720552016,S2-739603930,S2-743163205,S2-746839529,S2-747033230,S2-777264291,S2-790339230,S2-792672047,S2-814100362,S2-832324901,S2-92057459,S2-921472751,S2-92314232,S2-937461008,S2-983084003,S2-984866012,S2-111237832,S2-119406140,S2-121894818,S2-125238543,S2-129014236,S2-129093659,S2-146005377
S1-205889045	S2-104697101,S2-144861464,S2-403422246,S2-419465725,S2-623796338,S2-669613456,S2-736013075,S2-973716969,S2-362776689,S2-364428582,S2-378933482,S2-413468231,S2-595104744,S2-653061922,S2-745852444,S2-848962643,S2-98156578,S2-99858135,S2-999601085,S2-101780727,S2-115355492,S2-119023376,S2-122372088,S2-133292979,S2-134558801,S2-152066839,S2-173382953,S2-177788478,S2-178163350,S2-197991660,S2-207482807,S2-215134403,S2-220405948,S2-221255127,S2-223824812,S2-250807407,S2-266467825,S2-267156183,S2-268335168,S2-290802069
S1-232086511	S2-100049666,S2-104159936,S2-106248676,S2-107397054,S2-109147488,S2-109899510,S2-111131531,S2-118550245,S2-119813155,S2-120369605,S2-122449763,S2-123850741,S2-123889451,S2-126644390,S2-128603185,S2-133947914,S2-134638434,S2-137317377,S2-139016318,S2-13918394,S2-140568647,S2-142185087,S2-144746580,S2-145275705,S2-145522622,S2-146484769,S2-147123883,S2-147509105,S2-148143091,S2-149854075,S2-150348786,S2-151477606,S2-154868326,S2-155377424,S2-157086200,S2-160681057,S2-165447107,S2-169175840,S2-169225752,S2-169758884
S1-232902553	S2-59600987,S2-128213271,S2-15518868,S2-275329530,S2-297116737,S2-380743763,S2-405196382,S2-431351732,S2-45504738,S2-510424275,S2-539943184,S2-579447052,S2-596450261,S2-689303097,S2-769858942,S2-819242441,S2-822306744,S2-848927695,S2-878026783,S2-905049598,S2-91808724,S2-927980070,S2-929700754,S2-176116039,S2-208680051,S2-379148682,S2-514513213,S2-638395538,S2-7331264,S2-911753751,S2-195138230,S2-556661926,S2-139539181,S2-143817174,S2-164413816,S2-299415493,S2-339097654,S2-346945355,S2-543942044,S2-779729570
S1-990996106	S2-109783823,S2-274856932,S2-347294253,S2-423099834,S2-502478846,S2-563130857,S2-563818884,S2-577949794,S2-651414632,S2-675235206,S2-771082142,S2-860657586,S2-92578973,S2-959201592
S1-921396568	S2-364682164,S2-12709902,S2-136208372,S2-256018289,S2-289384968,S2-308051693,S2-323321410,S2-362602827,S2-375756940,S2-426425765,S2-473076557,S2-536369967,S2-614857828,S2-624628195,S2-693564561,S2-750330435,S2-796122390,S2-805760383,S2-824667516,S2-832498909,S2-857787543,S2-88915860,S2-88920008,S2-913190062,S2-942590421,S2-166932951,S2-347660873,S2-395504040,S2-168410803,S2-213554572,S2-423519674,S2-516847245,S2-753314086,S2-155377424,S2-889417577,S2-114663148,S2-114823038,S2-11753311,S2-117927544,S2-118968443
S1-51101506	S2-521313228,S2-363654366,S2-403213198,S2-81084363,S2-172639826,S2-206495455,S2-237386533,S2-313359818,S2-387361650,S2-406070785,S2-414785219,S2-448915596,S2-449455270,S2-512564017,S2-551418540,S2-602587817,S2-63501895,S2-651190084,S2-735696530,S2-782534007,S2-788786407,S2-790965205,S2-810987431,S2-82738358,S2-862841483,S2-863129268,S2-882812819,S2-913033756,S2-914169533,S2-944030245,S2-967318207,S2-970794406,S2-265752180,S2-504188280,S2-557830658,S2-237386317,S2-285802098,S2-31817231,S2-387323350,S2-45620068
S1-14447328	S2-1733654,S2-107397054,S2-120369605,S2-173453083,S2-182921717,S2-210675536,S2-213779760,S2-271901025,S2-30830908,S2-360326943,S2-365601501,S2-371437571,S2-375312135,S2-377842904,S2-427997806,S2-449997657,S2-496438430,S2-49772691,S2-515109915,S2-521665381,S2-527000920,S2-535035427,S2-583773143,S2-61138680,S2-644740224,S2-66274793,S2-685931726,S2-71082855,S2-748554490,S2-765657391,S2-790231810,S2-802586496,S2-850474619,S2-85446560,S2-861795467,S2-867985694,S2-876313973,S2-904087108,S2-978095463,S2-984470157
S1-500998121	S2-730274830,S2-41847464,S2-363279721,S2-526057016,S2-85575475,S2-935054594,S2-653974344,S2-681529372,S2-798688197,S2-83140321,S2-832521873,S2-939448291,S2-950705478,S2-126429420,S2-147970318,S2-164805474,S2-173774743,S2-179646386,S2-18760906,S2-214447140,S2-222745864,S2-244065849,S2-293044341,S2-302828791,S2-364589062,S2-375921441,S2-42300137,S2-434768886,S2-585890462,S2-590158229,S2-595691991,S2-608646170,S2-674606664,S2-684510901,S2-696326676,S2-713249766,S2-716916336,S2-72326469,S2-738361884,S2-777964341
S1-55363775	S2-115296490,S2-13041552,S2-154748565,S2-219962142,S2-220152787,S2-234059128,S2-235427239,S2-240226877,S2-313753207,S2-377026817,S2-386508521,S2-386877732,S2-425513728,S2-453482489,S2-468956394,S2-484316506,S2-492987439,S2-496423381,S2-501995541,S2-507055040,S2-513002614,S2-537935993,S2-543124239,S2-561633263,S2-564518579,S2-587402813,S2-589750339,S2-592608436,S2-606058352,S2-622481215,S2-628378031,S2-656725229,S2-67633039,S2-693024906,S2-70589731,S2-707172767,S2-716440419,S2-738996676,S2-739675463,S2-742624476
S1-378245327	S2-111228323,S2-135126856,S2-253330725,S2-372213290,S2-205442210,S2-291282335,S2-774081156,S2-848216896,S2-110360169,S2-122619875,S2-17860697,S2-203859338,S2-221968599,S2-223774570,S2-225100350,S2-226001672,S2-232805709,S2-234126644,S2-241599863,S2-256286125,S2-263973968,S2-268887409,S2-280540791,S2-300358989,S2-300559990,S2-317902156,S2-328753094,S2-341149220,S2-346256695,S2-359964837,S2-359997566,S2-360273559,S2-364205413,S2-378105136,S2-403253050,S2-429091529,S2-450089097,S2-506699058,S2-540749272,S2-570207017
S1-892015074	S2-490558433,S2-915284307,S2-103573723,S2-106383133,S2-108927878,S2-109905092,S2-113628773,S2-116329941,S2-123349497,S2-125586840,S2-148986177,S2-163881979,S2-16898407,S2-171193711,S2-178156769,S2-189322970,S2-190642185,S2-193344911,S2-194449713,S2-219201040,S2-238258130,S2-270217724,S2-271068810,S2-272390130,S2-273325619,S2-280817578,S2-290250154,S2-30096875,S2-301849769,S2-311029819,S2-311049503,S2-311192735,S2-311700940,S2-322536831,S2-327824302,S2-331399833,S2-339977063,S2-354310141,S2-358579471,S2-358756737
S1-80185149	S2-136601966,S2-11509313,S2-115308138,S2-122286245,S2-134041365,S2-139511666,S2-14199165,S2-157401288,S2-165266030,S2-1785970,S2-220319010,S2-221796576,S2-250683605,S2-363827073,S2-369159065,S2-373846510,S2-380562255,S2-385633277,S2-391281368,S2-437900336,S2-446294397,S2-456670248,S2-470309429,S2-502493330,S2-509132664,S2-514842900,S2-522197417,S2-542676054,S2-548970319,S2-57530947,S2-584189101,S2-639916136,S2-746356577,S2-750495585,S2-758451600,S2-763666783,S2-787150097,S2-81855496,S2-822584420,S2-871017791
S1-359565833	S2-113366716,S2-144395531,S2-188887388,S2-19456237,S2-207387614,S2-208984116,S2-253237543,S2-325307325,S2-327008381,S2-329112939,S2-342107989,S2-35283649,S2-355519810,S2-37834343,S2-406091061,S2-411376896,S2-429498841,S2-431048014,S2-456896539,S2-480974346,S2-501306391,S2-548707,S2-558008694,S2-590660432,S2-639339469,S2-648857283,S2-695972284,S2-742246170,S2-774498624,S2-813424195,S2-910299433,S2-927131823,S2-938898580,S2-961842332,S2-961859453,S2-994035623,S2-238566883,S2-41185867,S2-535086864,S2-108472673
S1-648136590	S2-100053798,S2-101673029,S2-117898368,S2-1214406,S2-124058961,S2-137741720,S2-140036589,S2-14129572,S2-143305799,S2-144646370,S2-167281955,S2-167898617,S2-168767588,S2-173341264,S2-176461845,S2-177215377,S2-177357980,S2-18124353,S2-182286654,S2-200267070,S2-201618952,S2-209205082,S2-218215566,S2-232484718,S2-235728897,S2-236401743,S2-243140057,S2-24323523,S2-250066100,S2-251284767,S2-251694915,S2-258598620,S2-259048068,S2-261043037,S2-280734673,S2-282390486,S2-282908996,S2-293312486,S2-294684593,S2-305573675
S1-663199736	S2-131181401,S2-140493438,S2-149845283,S2-207252956,S2-211375473,S2-225998968,S2-276428958,S2-307157712,S2-346029792,S2-359555706,S2-392877730,S2-418982457,S2-439550136,S2-450389916,S2-452050642,S2-510577105,S2-615672314,S2-676957592,S2-691463903,S2-69699069,S2-718063093,S2-721515464,S2-758637847,S2-770315389,S2-822480952,S2-869893215,S2-872609503,S2-873828790,S2-947178508,S2-948236669,S2-958495001,S2-489196749,S2-585877668,S2-900842217,S2-474888970,S2-214267117,S2-295166340,S2-311801112,S2-534363273,S2-831215313
S1-381177686	S2-12146927,S2-12780552,S2-146996688,S2-221008320,S2-306775002,S2-371637296,S2-581646023,S2-589809436,S2-7870205,S2-889632191,S2-896104470,S2-655243489,S2-683323518,S2-525213039,S2-688917657,S2-951297943,S2-55073412,S2-921214168,S2-125036006,S2-226993824,S2-354233452,S2-490738964,S2-571721474,S2-795399288,S2-827959587,S2-85663153,S2-997942681,S2-103956914,S2-110331304,S2-11459613,S2-116669132,S2-122481112,S2-128812248,S2-129877585,S2-132555754,S2-137954799,S2-142116876,S2-142513026,S2-148167299,S2-149033190
S1-379692908	S2-737745236,S2-151698687,S2-164391304,S2-229299111,S2-339737852,S2-573923282,S2-633715776,S2-638319392,S2-688791856,S2-756444636,S2-782555973,S2-897210370,S2-924787500,S2-566552306,S2-601142325,S2-637675946,S2-870351639,S2-649225076,S2-834818473,S2-91468451,S2-122570602,S2-13556947,S2-587601505,S2-625558654,S2-758786926,S2-785614842,S2-820254529,S2-908802799,S2-964492859,S2-100090803,S2-101109194,S2-101454137,S2-102409556,S2-10316620,S2-1032635,S2-103372442,S2-104273864,S2-104634405,S2-104665206,S2-105273366
S1-122637196	S2-101383646,S2-111189308,S2-116199441,S2-213484844,S2-216607898,S2-223104954,S2-238550052,S2-255348632,S2-267508487,S2-288447481,S2-300055548,S2-314956330,S2-348412630,S2-36814936,S2-41275325,S2-425338531,S2-441064659,S2-466974661,S2-477346021,S2-505223631,S2-514682137,S2-539911221,S2-558889270,S2-588173136,S2-595913199,S2-599808781,S2-64384453,S2-650403233,S2-654759274,S2-664558455,S2-710099885,S2-736189759,S2-75656304,S2-757402261,S2-760533593,S2-761495082,S2-789895779,S2-80962314,S2-864468243,S2-874875569
S1-17573606	S2-12094352,S2-173147477,S2-201497611,S2-202997736,S2-23028681,S2-233385814,S2-244744936,S2-271696808,S2-354496976,S2-379995596,S2-397063234,S2-398458938,S2-404349768,S2-404913298,S2-432169698,S2-452774031,S2-459108860,S2-543035553,S2-54375172,S2-582673947,S2-593901596,S2-596049412,S2-621473436,S2-632898885,S2-635901385,S2-651894655,S2-66542743,S2-678788003,S2-711514278,S2-80326318,S2-814955870,S2-82119194,S2-842020557,S2-84663179,S2-872319713,S2-891188397,S2-931251700,S2-978095463,S2-988241366,S2-10623523
S1-40587009	S2-10323570,S2-108740437,S2-185152513,S2-244369376,S2-264484931,S2-275686128,S2-345041570,S2-350208373,S2-386070408,S2-391834007,S2-44962023,S2-468081602,S2-468628727,S2-470025676,S2-510931175,S2-515408980,S2-544557062,S2-549397424,S2-553258177,S2-647807024,S2-648770543,S2-75300973,S2-786242701,S2-817408388,S2-845372583,S2-895873093,S2-949845335,S2-953522251,S2-966011651,S2-968862389,S2-100648957,S2-101709043,S2-108761854,S2-110425320,S2-114029537,S2-114328615,S2-116518353,S2-116629257,S2-120350789,S2-120981197
S1-494937590	S2-391834007,S2-574889905,S2-90236995,S2-979119575,S2-11243137,S2-122123791,S2-147432492,S2-164631002,S2-168476862,S2-193504416,S2-199656834,S2-201503672,S2-235688494,S2-238369526,S2-247155252,S2-255965168,S2-28972632,S2-325537654,S2-327327793,S2-327774900,S2-346952176,S2-348170784,S2-350895380,S2-360468964,S2-371309140,S2-374809649,S2-387021922,S2-390743347,S2-410308081,S2-412418123,S2-430613674,S2-431031335,S2-43131918,S2-442309389,S2-460385471,S2-466228422,S2-468107566,S2-509877057,S2-520619787,S2-546622031
S1-735419931	S2-338625303,S2-575122390,S2-610009187,S2-169921170,S2-173705524,S2-428117456,S2-683809771,S2-688252338,S2-692004669,S2-779197401,S2-82513444,S2-888036378,S2-90564148,S2-935018855
S1-365672071	S2-111361216,S2-167076845,S2-195296693,S2-382683224,S2-513772139,S2-53431024,S2-616750290,S2-624179778,S2-636434702,S2-667655007,S2-685931726,S2-692956858,S2-726184221,S2-754231208,S2-762235357,S2-765657391,S2-80805320,S2-967508286,S2-981205510,S2-995838177,S2-133763910,S2-227668718,S2-271505486,S2-410648686,S2-468614756,S2-480851106,S2-53619573,S2-557352853,S2-641879319,S2-733025108,S2-906058329,S2-992331358,S2-146263154,S2-151528428,S2-154877486,S2-186950642,S2-210971167,S2-21623620,S2-241664334,S2-281398663
S1-526403434	S2-125034015,S2-126861995,S2-13440422,S2-152186399,S2-154876508,S2-19297940,S2-197251777,S2-248782105,S2-25115719,S2-255808984,S2-264776657,S2-269084113,S2-28021649,S2-316331777,S2-386702363,S2-392313075,S2-412196838,S2-416243900,S2-505166418,S2-506656278,S2-515416055,S2-525587203,S2-527150782,S2-550136811,S2-55800500,S2-579566857,S2-600108525,S2-621802942,S2-625899005,S2-638282892,S2-660059542,S2-685830084,S2-711919843,S2-716588163,S2-729718584,S2-774632221,S2-776958887,S2-818483736,S2-841559996,S2-884393475
S1-981440385	S2-217161866,S2-497581206,S2-176849787,S2-69214320,S2-118199917,S2-130743991,S2-13381057,S2-134710405,S2-147123883,S2-148143091,S2-148435905,S2-154591991,S2-168560796,S2-1689156,S2-172032247,S2-18192700,S2-182112007,S2-183761344,S2-189991527,S2-191040529,S2-235119461,S2-236440691,S2-252363282,S2-259247605,S2-266601241,S2-282892866,S2-287713041,S2-291424025,S2-295090310,S2-296443997,S2-314124183,S2-318827991,S2-320974130,S2-324101411,S2-331797662,S2-344085581,S2-345516678,S2-357545160,S2-358052714,S2-363060524
S1-627443733	S2-109147488,S2-12709902,S2-12827529,S2-146697745,S2-157305539,S2-171172645,S2-199425487,S2-212240492,S2-250454716,S2-274316857,S2-287300820,S2-323494354,S2-342332137,S2-353204388,S2-378210101,S2-466380342,S2-467281480,S2-471779425,S2-471977441,S2-510699017,S2-546683837,S2-592899862,S2-594240342,S2-625358509,S2-628238161,S2-632017024,S2-672471315,S2-692397752,S2-699788577,S2-733700290,S2-747801987,S2-760536936,S2-784492940,S2-804830967,S2-83072048,S2-838331205,S2-855151608,S2-863476565,S2-869782180,S2-898976675
S1-530687623	S2-255704949,S2-797494637,S2-492940162,S2-193995593,S2-631452523,S2-839597608,S2-930367361,S2-102838962,S2-11196630,S2-12290164,S2-128137532,S2-131872909,S2-152996985,S2-198033071,S2-198522721,S2-199985060,S2-216558824,S2-220392750,S2-230657819,S2-239703595,S2-244406713,S2-263529378,S2-285655872,S2-286270410,S2-292552164,S2-297719344,S2-343435542,S2-352910264,S2-358041178,S2-403646565,S2-411849925,S2-444723601,S2-449232006,S2-466147229,S2-474535244,S2-476294495,S2-476901149,S2-482144229,S2-48947979,S2-491562569
S1-656987935	S2-100090803,S2-105423216,S2-106916619,S2-120549229,S2-134507143,S2-13556886,S2-143358506,S2-146288242,S2-151322374,S2-152690112,S2-153191170,S2-159064454,S2-168390561,S2-177959947,S2-192774038,S2-194535034,S2-197696225,S2-207490927,S2-22257325,S2-225495149,S2-226233787,S2-230625410,S2-246869552,S2-253792975,S2-300451593,S2-317752684,S2-325209077,S2-329676440,S2-36402841,S2-386690759,S2-417881232,S2-424942776,S2-446794227,S2-449909003,S2-452013349,S2-459124217,S2-486998479,S2-489377617,S2-498371962,S2-499833721
S1-653759388	S2-732900648,S2-671877658,S2-708515809,S2-115982498,S2-120552397,S2-128137532,S2-16406081,S2-21678303,S2-219725838,S2-220839689,S2-236302728,S2-257626211,S2-258697668,S2-261998405,S2-28308267,S2-291266819,S2-297719344,S2-304219182,S2-317784411,S2-31803204,S2-336854356,S2-376939341,S2-40341538,S2-403858483,S2-432277253,S2-439070878,S2-442737032,S2-443396304,S2-473305544,S2-488602658,S2-514653047,S2-582910734,S2-584836897,S2-586214776,S2-588995889,S2-591617351,S2-61791982,S2-644176941,S2-647040826,S2-6599540
S1-376656562	S2-116505976,S2-119607177,S2-120498114,S2-15148623,S2-191866478,S2-259169216,S2-268498482,S2-282013704,S2-328218174,S2-334354664,S2-405822096,S2-441367107,S2-642855647,S2-732405607,S2-73748059,S2-737724720,S2-791073365,S2-791990398,S2-814052487,S2-828625554,S2-967373031,S2-268968548,S2-360308013,S2-529387663,S2-532711023,S2-598701556,S2-649406556,S2-662673311,S2-934467273,S2-996114505,S2-404466941,S2-82290383,S2-102059869,S2-105501087,S2-106817274,S2-108639080,S2-116164313,S2-118596670,S2-145131937,S2-145136821
S1-453223583	S2-936794735,S2-947868612,S2-111061289,S2-169730225,S2-310957511,S2-332783448,S2-369227407,S2-391860001,S2-527521763,S2-54052588,S2-635568509,S2-714333966,S2-73570698,S2-735973567,S2-736382775,S2-874971808,S2-934653187,S2-948645329,S2-952486802,S2-205034666,S2-775280358,S2-956792233,S2-104028932,S2-144225836,S2-168143357,S2-19396123,S2-208479772,S2-246777571,S2-252713544,S2-330624197,S2-334634494,S2-388384717,S2-406784191,S2-420465590,S2-467312056,S2-586392191,S2-595081697,S2-60317469,S2-622064104,S2-629109231
S1-448733076	S2-105671746,S2-108948394,S2-137648271,S2-152960966,S2-170119635,S2-180441936,S2-188845688,S2-191174694,S2-197332379,S2-207689415,S2-214909099,S2-232342145,S2-259048068,S2-261180804,S2-261552444,S2-268364476,S2-271205523,S2-277409690,S2-279774151,S2-327738915,S2-331692143,S2-333703844,S2-335379410,S2-354923041,S2-365387521,S2-366004209,S2-366567555,S2-372078010,S2-377708352,S2-381747268,S2-383406809,S2-403068460,S2-409653188,S2-412033502,S2-420259629,S2-425397364,S2-464233526,S2-48939070,S2-498118770,S2-506334790
S1-593081836	S2-421553791,S2-199406877,S2-369968056,S2-303264446,S2-371969761,S2-414418413,S2-468071074,S2-906407882,S2-104103491,S2-286201851,S2-33281159,S2-369125410,S2-372567453,S2-428778110,S2-4951292,S2-545968203,S2-569088708,S2-693033813,S2-720660392,S2-748780778,S2-851251554,S2-858627959,S2-973668409,S2-102835643,S2-105041837,S2-109542758,S2-109949830,S2-110358771,S2-111671984,S2-114233191,S2-118730390,S2-118764423,S2-12009787,S2-120949661,S2-121289279,S2-126644866,S2-127308250,S2-135555173,S2-137030548,S2-138117262
S1-430604402	S2-455325987,S2-101851848,S2-157972838,S2-28556777,S2-290414091,S2-3072135,S2-610678795,S2-825633058,S2-832504220,S2-100648957,S2-108630610,S2-11680136,S2-120889040,S2-122123791,S2-12558351,S2-125656026,S2-126472901,S2-126904244,S2-128076983,S2-12879446,S2-129356588,S2-130579916,S2-13097904,S2-134765241,S2-136019650,S2-139911878,S2-144652741,S2-147367965,S2-153348859,S2-155633699,S2-163159297,S2-166966603,S2-168399481,S2-168418045,S2-174388500,S2-175551842,S2-177141330,S2-18027888,S2-183441978,S2-184840920
S1-526349990	S2-111370285,S2-148604645,S2-156620832,S2-162336156,S2-186998411,S2-199225324,S2-201032563,S2-206617051,S2-212969599,S2-216216027,S2-225193658,S2-233917897,S2-283161075,S2-337986091,S2-348733623,S2-361400519,S2-361439809,S2-379089587,S2-415271273,S2-422751724,S2-444643733,S2-465894918,S2-485599345,S2-493765804,S2-501799920,S2-505035494,S2-543292648,S2-596912878,S2-69236262,S2-732632263,S2-743093625,S2-822006962,S2-824120390,S2-836840386,S2-876512549,S2-888440125,S2-905350143,S2-937480787,S2-980708422,S2-985375674
S1-181752042	S2-871633776,S2-102835643,S2-109949830,S2-118764423,S2-13846147,S2-143822171,S2-145966309,S2-172212658,S2-183974249,S2-184762538,S2-1859793,S2-205897298,S2-256768669,S2-265339181,S2-265976341,S2-271858150,S2-302906922,S2-309201954,S2-318550621,S2-332656577,S2-380863836,S2-412422017,S2-451892649,S2-47667961,S2-484229911,S2-505086652,S2-52406578,S2-592798572,S2-621418870,S2-622597050,S2-63108598,S2-639425455,S2-647730403,S2-672060047,S2-69079260,S2-697778301,S2-712013484,S2-714077903,S2-732982025,S2-739493544
S1-933789478	S2-407111011,S2-56015093,S2-617068323,S2-379175839,S2-298989568,S2-737804674,S2-98848952,S2-114233191,S2-202168944,S2-345475565,S2-355365934,S2-363099674,S2-541745382,S2-786402688,S2-899013253,S2-936014194,S2-944147628,S2-100966367,S2-101494118,S2-102835643,S2-103979213,S2-105845989,S2-108103764,S2-111061237,S2-113588646,S2-113704778,S2-11443748,S2-114762618,S2-11509313,S2-115355492,S2-115830921,S2-116042201,S2-116787993,S2-117525275,S2-121251263,S2-121253507,S2-121600861,S2-124258632,S2-124710128,S2-125301970
S1-763686921	S2-390420925,S2-848831640,S2-149370940,S2-401898465,S2-114805384,S2-191007167,S2-393508323,S2-446495200,S2-450885880,S2-672057770,S2-696635067,S2-807760986,S2-93622933,S2-976304232,S2-105761953,S2-106383133,S2-108792202,S2-110549915,S2-114657503,S2-115905594,S2-116748146,S2-118002348,S2-119087459,S2-119907794,S2-131885549,S2-133651279,S2-133774508,S2-134321493,S2-135210500,S2-136991143,S2-137332973,S2-137935394,S2-138513768,S2-140961326,S2-141203706,S2-141495873,S2-142662074,S2-14349697,S2-145379986,S2-146977542
S1-67628861	S2-621505462,S2-12709902,S2-161753902,S2-287795743,S2-594240342,S2-716800236,S2-733700290,S2-747801987,S2-855151608,S2-869782180,S2-983236723
S1-970879476	S2-188431868,S2-689399889,S2-1507082,S2-176731373,S2-266840579,S2-310811469,S2-31112022,S2-32076289,S2-327362746,S2-354752435,S2-358640198,S2-414780771,S2-421111612,S2-501839341,S2-574807342,S2-676790782,S2-685390436,S2-691555213,S2-694139558,S2-706188785,S2-835882509,S2-836223839,S2-944147628,S2-946266206,S2-951194915,S2-314095268,S2-318655279,S2-413441489,S2-500747169,S2-517140140,S2-552325124,S2-573805913,S2-57453123,S2-577630195,S2-631555257,S2-657203244,S2-811856332,S2-812727012,S2-818601942,S2-899773860
S1-66011340	S2-143233163,S2-18797984,S2-441336199,S2-110236539,S2-12919946,S2-151058135,S2-168953575,S2-180473100,S2-193910487,S2-211439777,S2-246768328,S2-246802015,S2-276367695,S2-286492661,S2-301251659,S2-504054294,S2-531641010,S2-534037646,S2-575356405,S2-586000906,S2-60794651,S2-703414481,S2-713952739,S2-732527078,S2-772792384,S2-8295759,S2-831657476,S2-881007674,S2-881321973,S2-901392542,S2-935759117,S2-947834095,S2-972286082,S2-100598528,S2-102002843,S2-102309877,S2-102376842,S2-105688032,S2-10623523,S2-106571440
S1-639012333	S2-178499618,S2-189723704,S2-900104998,S2-946349065,S2-247904240,S2-26564516,S2-608629229,S2-67722428,S2-743425664,S2-998885968,S2-107690513,S2-160850131,S2-236415025,S2-360585628,S2-744053238,S2-104164963,S2-104273864,S2-105463326,S2-107283812,S2-156812288,S2-162284321,S2-17006710,S2-205807234,S2-23988136,S2-248796480,S2-316571302,S2-323013397,S2-326143558,S2-33244838,S2-332493978,S2-354696282,S2-368183185,S2-368811315,S2-410555462,S2-435862866,S2-441341822,S2-442147451,S2-470204530,S2-498472092,S2-508855516
S1-124208550	S2-951039210,S2-973103499,S2-213927721,S2-223377216,S2-263028967,S2-376803748,S2-500261128,S2-521608868,S2-607274077,S2-652973746,S2-755606195,S2-868444077,S2-922140767,S2-100706365,S2-104665967,S2-108418148,S2-110010593,S2-111671984,S2-113656688,S2-116895038,S2-119502414,S2-123204923,S2-128238409,S2-128333305,S2-129194369,S2-133513139,S2-144002220,S2-144757916,S2-151514283,S2-15496839,S2-157245246,S2-159338989,S2-16075678,S2-162194884,S2-169160798,S2-175729123,S2-180408468,S2-184810715,S2-186260747,S2-188703049
S1-956108284	S2-102176444,S2-103956914,S2-10587098,S2-108937951,S2-116915215,S2-11736511,S2-118745823,S2-123720543,S2-130141140,S2-131956008,S2-147334993,S2-149510309,S2-161224471,S2-170428654,S2-173251583,S2-180473100,S2-180653957,S2-183598714,S2-183761344,S2-187514897,S2-190114096,S2-199086599,S2-199272521,S2-207868561,S2-209064966,S2-215621237,S2-222205849,S2-229702355,S2-231195947,S2-232904493,S2-233207324,S2-234149301,S2-23986578,S2-249015408,S2-249175224,S2-261920402,S2-264350521,S2-26522334,S2-273791403,S2-275428401
S1-2169715	S2-379800614,S2-468976467,S2-566439117,S2-863181173
S1-451892808	S2-21294737,S2-51621111,S2-551168706,S2-622554797,S2-902535695,S2-919509487,S2-1329476,S2-391853942,S2-567890068,S2-690171374,S2-894785797,S2-956935272,S2-100707778,S2-107106168,S2-108266910,S2-108775342,S2-109807565,S2-114409155,S2-114762618,S2-11773207,S2-119903487,S2-120730634,S2-123374214,S2-12434856,S2-125676147,S2-128840868,S2-129134599,S2-134041365,S2-134078505,S2-141123004,S2-141789543,S2-143010552,S2-144770056,S2-145480458,S2-147426826,S2-148046739,S2-148289960,S2-15025788,S2-150948462,S2-152178692
S1-78396716	S2-106817274,S2-132197171,S2-174548948,S2-182921717,S2-193196105,S2-200135066,S2-508602797,S2-542594536,S2-557486535,S2-711722492,S2-861346694,S2-873527419,S2-879714979,S2-911484893,S2-383412867,S2-853163442,S2-166325550,S2-903838252,S2-719682883,S2-135712954,S2-122040589,S2-126049626,S2-131512780,S2-140343469,S2-146417701,S2-157979488,S2-159994333,S2-162277750,S2-164646602,S2-185735427,S2-200200363,S2-230569230,S2-237243311,S2-242516637,S2-246534162,S2-257223759,S2-283097035,S2-314925002,S2-315005820,S2-316128587
S1-388951829	S2-584654715,S2-648133980,S2-660017999,S2-7100521,S2-897020403,S2-920990494,S2-977206590,S2-317263591,S2-817837776,S2-258598620,S2-625610973,S2-100601479,S2-101720861,S2-103505940,S2-108775342,S2-10985621,S2-116787993,S2-118586444,S2-129474646,S2-141736389,S2-143708384,S2-143977672,S2-151088585,S2-154690269,S2-155894024,S2-16434028,S2-173139856,S2-185194896,S2-186217269,S2-197168958,S2-203296597,S2-209851588,S2-212327625,S2-214727503,S2-21882802,S2-220549298,S2-236577190,S2-239061874,S2-24217243,S2-243281318
S1-742621289	S2-208265904,S2-387500444,S2-402952231,S2-527812446,S2-594064154,S2-603240769,S2-609529419,S2-629824692,S2-682357879,S2-802407650,S2-843741773,S2-85159896,S2-856146743,S2-945117162,S2-320905301,S2-389407663,S2-439458470,S2-719528805,S2-213177013,S2-322831392,S2-393832348,S2-545961686,S2-665463193,S2-857334891,S2-102172461,S2-103842655,S2-106781499,S2-114824814,S2-117568512,S2-132393206,S2-140273165,S2-145799624,S2-148115803,S2-149341814,S2-153269872,S2-159052178,S2-164039123,S2-166207062,S2-179864355,S2-180244772
S1-706591875	S2-209851588,S2-316741890,S2-823626647,S2-825794480,S2-864587914,S2-108775342,S2-212327625,S2-236577190,S2-251773447,S2-286330453,S2-380434542,S2-549272931,S2-580118685,S2-601325062,S2-730023617,S2-811504103,S2-867607931,S2-173139856,S2-407933109,S2-100601479,S2-101720861,S2-10985621,S2-116787993,S2-118586444,S2-129474646,S2-141736389,S2-143977672,S2-151088585,S2-154690269,S2-155894024,S2-16434028,S2-197168958,S2-201618952,S2-203296597,S2-220549298,S2-24217243,S2-243281318,S2-244471300,S2-251489220,S2-252884096
S1-624396370	S2-682138090,S2-337060225,S2-106921487,S2-108090038,S2-108212287,S2-114428657,S2-119620011,S2-120215656,S2-13056162,S2-131125837,S2-132098743,S2-136630789,S2-137904907,S2-17360295,S2-179053212,S2-192935505,S2-195362283,S2-222540081,S2-224962421,S2-239798125,S2-242585261,S2-245989691,S2-260445047,S2-274680358,S2-280254445,S2-280306111,S2-294531411,S2-306634202,S2-322272213,S2-360326943,S2-360340589,S2-382359204,S2-386386357,S2-386608208,S2-410713510,S2-424538405,S2-425946225,S2-431547534,S2-433883035,S2-437366967
S1-354301488	S2-122341199,S2-133231514,S2-160031,S2-168711590,S2-177244649,S2-184456010,S2-186550137,S2-186614354,S2-197061425,S2-218581761,S2-233123309,S2-249491949,S2-263669606,S2-369052019,S2-373919965,S2-378920632,S2-441856836,S2-455323239,S2-477363989,S2-485501901,S2-499520071,S2-507486280,S2-509832800,S2-510367781,S2-574940993,S2-605969506,S2-623196005,S2-64584428,S2-663440551,S2-664391582,S2-69471241,S2-711288488,S2-726088604,S2-72885591,S2-734955658,S2-781317759,S2-812576107,S2-813168830,S2-828032594,S2-844710606
S1-314045617	S2-101109194,S2-123315323,S2-145055400,S2-147515638,S2-150993641,S2-190155015,S2-239600027,S2-249549757,S2-253545928,S2-276751254,S2-303257220,S2-332429764,S2-343070727,S2-389698795,S2-417090507,S2-486931364,S2-577731258,S2-587601505,S2-624655882,S2-638920207,S2-639396281,S2-646227824,S2-705556629,S2-727190886,S2-745518781,S2-815452192,S2-848582954,S2-856048107,S2-876672998,S2-888885140,S2-916955683,S2-94728021,S2-985909134,S2-112436185,S2-268564819,S2-318431074,S2-353872072,S2-495126393,S2-608667883,S2-278254185
S1-737651716	S2-105882189,S2-161097924,S2-169184293,S2-17156154,S2-171638271,S2-1725245,S2-20521724,S2-211034784,S2-233227302,S2-235967760,S2-241464589,S2-252502839,S2-279588058,S2-281787771,S2-331692143,S2-336305433,S2-422925269,S2-428552405,S2-459714239,S2-472992772,S2-499048769,S2-505588246,S2-513988934,S2-539501475,S2-556530424,S2-583339661,S2-595910556,S2-608803588,S2-660638390,S2-663098623,S2-702578286,S2-709202414,S2-72980456,S2-748347027,S2-763796496,S2-770784340,S2-771555843,S2-778645897,S2-792613078,S2-846347139
S1-281523825	S2-114805384,S2-118002348,S2-118199917,S2-126113089,S2-130743991,S2-131201732,S2-132737058,S2-13381057,S2-137332973,S2-143157323,S2-145507253,S2-147123883,S2-148143091,S2-148435905,S2-149370940,S2-154591991,S2-158399201,S2-168560796,S2-1689156,S2-172032247,S2-176849787,S2-18192700,S2-182112007,S2-186457956,S2-189991527,S2-191007167,S2-191040529,S2-19396123,S2-194013652,S2-200433240,S2-210017307,S2-213486204,S2-215606032,S2-217161866,S2-224608066,S2-229325387,S2-229807095,S2-233207324,S2-235119461,S2-236440691
S1-810060607	S2-229962546,S2-400003645,S2-512937172,S2-745674672,S2-989089567,S2-131659033,S2-163896098,S2-170681210,S2-25086538,S2-25660490,S2-314048956,S2-534323737,S2-605040912,S2-802686176,S2-827650596,S2-849686830,S2-973557907,S2-100648957,S2-103636129,S2-107035834,S2-107838326,S2-109161598,S2-112510866,S2-113775999,S2-114121811,S2-11443748,S2-114597445,S2-114853591,S2-117962152,S2-118094151,S2-118329705,S2-118393214,S2-119421000,S2-120058030,S2-121365773,S2-125926135,S2-126873216,S2-126904244,S2-128076983,S2-128333305
S1-460033462	S2-114428657,S2-115951285,S2-120382648,S2-131201732,S2-13822010,S2-142432539,S2-149201065,S2-150021013,S2-164761174,S2-171738557,S2-172136617,S2-225403671,S2-25834199,S2-261228228,S2-267133597,S2-290891441,S2-298585186,S2-312442501,S2-314412774,S2-316883483,S2-323793840,S2-34443113,S2-356115942,S2-372857983,S2-374751958,S2-376791375,S2-397729330,S2-413720367,S2-426144370,S2-439486038,S2-440580612,S2-447035910,S2-463824815,S2-469914613,S2-490147771,S2-502250693,S2-518665760,S2-528946788,S2-533648755,S2-537105477
S1-100516852	S2-102403491,S2-110037199,S2-110047726,S2-113469017,S2-121196170,S2-141648642,S2-168075289,S2-175586454,S2-176968531,S2-192749727,S2-196489082,S2-208221365,S2-245010541,S2-248864495,S2-252010908,S2-271587209,S2-277545886,S2-278537000,S2-29405427,S2-308810034,S2-325087794,S2-326769513,S2-331989793,S2-340981973,S2-366419558,S2-371824081,S2-372883889,S2-377924398,S2-396679094,S2-434327146,S2-441266457,S2-443202761,S2-470613797,S2-473425954,S2-487020074,S2-525829623,S2-534415637,S2-546281071,S2-613069085,S2-645627128
S1-343559200	S2-15025788,S2-169915382,S2-487835469,S2-565106345,S2-619007541,S2-641100149,S2-643380592,S2-220541338,S2-492879191,S2-217073580,S2-37292810,S2-395639460,S2-430193699,S2-463508080,S2-600711151,S2-643532106,S2-748465507,S2-968244171,S2-100707778,S2-107035834,S2-111554720,S2-114121811,S2-11784308,S2-120730634,S2-125926135,S2-126119010,S2-128840868,S2-129818134,S2-13113066,S2-132036832,S2-132873893,S2-1329476,S2-134041365,S2-134708169,S2-141123004,S2-144770056,S2-146182742,S2-147426826,S2-152178692,S2-15235408
S1-227361974	S2-902960006,S2-101730549,S2-261855486,S2-27928482,S2-294788012,S2-299528071,S2-401967653,S2-600455061,S2-662658657,S2-698353745,S2-701130687,S2-704435371,S2-74760296,S2-756383510,S2-780607486,S2-861256402,S2-87125402,S2-876340363,S2-9662497,S2-111671984,S2-35850901,S2-504870692,S2-590158229,S2-100706365,S2-104665967,S2-113656688,S2-126429420,S2-151514283,S2-16075678,S2-180408468,S2-186260747,S2-189093402,S2-190037032,S2-209660350,S2-220549298,S2-223377216,S2-226698507,S2-235886198,S2-240841658,S2-249418882
S1-177887676	S2-633709327,S2-487638861,S2-861654677,S2-707609863,S2-766955804,S2-821264817,S2-835381673,S2-102395073,S2-121347941,S2-124258632,S2-211364378,S2-227109393,S2-271613287,S2-290923374,S2-486036870,S2-561773254,S2-566356754,S2-567659011,S2-607073224,S2-611908172,S2-635467901,S2-657041011,S2-750282511,S2-816686119,S2-887525636,S2-957996817,S2-958600315,S2-968513741,S2-100090803,S2-101730549,S2-105423216,S2-106916619,S2-110851865,S2-115519395,S2-120549229,S2-121412012,S2-12718845,S2-132076324,S2-134341052,S2-134507143
S1-561463598	S2-501751299,S2-113931183,S2-142029376,S2-146201376,S2-259929846,S2-307801549,S2-341503394,S2-371549760,S2-522080044,S2-554556717,S2-611812928,S2-654410059,S2-691830539,S2-718405030,S2-776927685,S2-836157318,S2-920311699,S2-932551589,S2-986923763,S2-187631804,S2-220022698,S2-346945355,S2-352724067,S2-402644725,S2-453211871,S2-537374181,S2-783030316,S2-819771875,S2-847154189,S2-899847734,S2-913485248,S2-956103084,S2-989135632,S2-117896322,S2-179918212,S2-191247506,S2-240857173,S2-242302791,S2-277851965,S2-290665249
S1-477458226	S2-897396144,S2-170821232,S2-411476341,S2-501999188,S2-531484460,S2-57490681,S2-724799324,S2-834083256,S2-104469883,S2-112370727,S2-112759487,S2-11459613,S2-114620998,S2-115688602,S2-116972417,S2-127945371,S2-128812248,S2-131125837,S2-132555754,S2-141464080,S2-146582760,S2-155448849,S2-161066650,S2-174969112,S2-174993976,S2-181403261,S2-186835708,S2-195219793,S2-19627598,S2-224032436,S2-23403366,S2-234952614,S2-243627444,S2-243813488,S2-247409704,S2-253849262,S2-263722384,S2-264486858,S2-270696574,S2-274778949
S1-890499789	S2-130844493,S2-18877748,S2-198586631,S2-519091084,S2-629224580,S2-906058782,S2-932071380,S2-955679080,S2-101177744,S2-104855614,S2-11971993,S2-124642170,S2-125134325,S2-127284579,S2-137512341,S2-142547712,S2-143810251,S2-155390655,S2-163510036,S2-163886609,S2-1669033,S2-167335410,S2-171427936,S2-177571705,S2-180641337,S2-181331412,S2-182687969,S2-207851413,S2-208158932,S2-209062057,S2-214416967,S2-223167564,S2-227109393,S2-228115939,S2-248152588,S2-254494100,S2-25863878,S2-261039683,S2-262102453,S2-272631551
S1-954480619	S2-693367857,S2-850418435,S2-121700929,S2-221508258,S2-400771304,S2-430490738,S2-463813708,S2-679757669,S2-680312642,S2-860090398,S2-912306438,S2-101730549,S2-102072426,S2-109507798,S2-12066237,S2-12691971,S2-127216883,S2-132259578,S2-145773778,S2-151414268,S2-156240517,S2-162888799,S2-168008728,S2-175595331,S2-180521991,S2-187725004,S2-191962603,S2-194536194,S2-198060829,S2-198498998,S2-199669656,S2-201331212,S2-205496240,S2-206186524,S2-210919647,S2-213530655,S2-21596325,S2-217827193,S2-230090245,S2-239404227
S1-432139268	S2-142313702,S2-239236149,S2-260303361,S2-300116362,S2-395049047,S2-413131791,S2-421073163,S2-423765312,S2-706017935,S2-719544005,S2-902631178,S2-904673479,S2-922704468,S2-942511997,S2-956255991,S2-162582868,S2-261618486,S2-267653922,S2-430367614,S2-518909044,S2-769917537,S2-775563537,S2-121365773,S2-213050259,S2-362590281,S2-464924528,S2-472862272,S2-673289875,S2-697898418,S2-907504746,S2-990827138,S2-998550548,S2-221189218,S2-268737118,S2-438299704,S2-647417642,S2-680477816,S2-807638781,S2-83820304,S2-91466010
S1-938749335	S2-632895146,S2-718979866,S2-94214011,S2-271080754,S2-278537000,S2-28767414,S2-407788306,S2-107111824,S2-113907407,S2-123633221,S2-133292215,S2-142521568,S2-15501444,S2-186016865,S2-2208097,S2-220907837,S2-226819198,S2-228779604,S2-229315248,S2-237660677,S2-247552236,S2-254788701,S2-263273654,S2-266340710,S2-271739874,S2-318303423,S2-341695688,S2-35191964,S2-362065845,S2-364936416,S2-418380949,S2-426113074,S2-43773032,S2-438753836,S2-461563520,S2-471135532,S2-48721163,S2-499948886,S2-551616319,S2-567630676
S1-547547561	S2-336625721,S2-835332148,S2-100798928,S2-101819164,S2-101999827,S2-102950909,S2-112975142,S2-114572881,S2-118596670,S2-119063659,S2-122833780,S2-122944993,S2-125757234,S2-133523016,S2-136991143,S2-143249470,S2-145958782,S2-15313534,S2-156357253,S2-159465386,S2-164073191,S2-16423658,S2-167426364,S2-17041729,S2-174528596,S2-175559786,S2-177672595,S2-18496240,S2-187499079,S2-187631804,S2-189611822,S2-192935505,S2-194064310,S2-195343183,S2-196345434,S2-199115367,S2-200011965,S2-200688590,S2-205707353,S2-206399773
S1-913921484	S2-279234468,S2-17518111,S2-182288977,S2-193442566,S2-253289033,S2-322831392,S2-471713609,S2-505615047,S2-629880378,S2-641683755,S2-662229343,S2-698323752,S2-748703576,S2-756732012,S2-760910468,S2-874262655,S2-89632350,S2-928837660,S2-98078456,S2-991589426,S2-114238114,S2-183683146,S2-317645819,S2-342332137,S2-353035944,S2-66780391,S2-782226973,S2-917066665,S2-199425487,S2-109147488,S2-11653846,S2-124729057,S2-12827529,S2-135210500,S2-139323154,S2-142519050,S2-146697745,S2-157305539,S2-169175840,S2-171172645
S1-98304881	S2-341576957,S2-430613674,S2-483780949,S2-59552265,S2-717400290,S2-86007144,S2-976741970,S2-155371162,S2-170400388,S2-280640258,S2-33267509,S2-347294253,S2-378394812,S2-391718145,S2-571691434,S2-598658234,S2-599426743,S2-657051107,S2-661455380,S2-722247491,S2-787643546,S2-79226941,S2-804393737,S2-823723251,S2-929202907,S2-977030657,S2-271166031,S2-122123791,S2-153608433,S2-164631002,S2-369945787,S2-390743347,S2-412418123,S2-539754273,S2-574889905,S2-60745224,S2-670269332,S2-751334279,S2-761595842,S2-802604278
S1-589521969	S2-375222707,S2-491950020,S2-741516056,S2-108948394,S2-111671984,S2-143475984,S2-147686508,S2-152677061,S2-159249334,S2-183522702,S2-187477255,S2-220025666,S2-237430320,S2-269682508,S2-272930939,S2-35064309,S2-358680067,S2-360458970,S2-361931103,S2-375399497,S2-380134393,S2-4052344,S2-408995459,S2-479826348,S2-503430074,S2-548633980,S2-553209769,S2-567026846,S2-5885848,S2-626798330,S2-637543154,S2-680013147,S2-690909438,S2-692060905,S2-748745829,S2-752508714,S2-77289909,S2-79724729,S2-822387133,S2-84734904
S1-885729259	S2-143614907,S2-146753278,S2-148416682,S2-183904237,S2-189938974,S2-206975659,S2-20761583,S2-220948169,S2-224869315,S2-225286855,S2-227675251,S2-244206320,S2-267461536,S2-281015382,S2-334492498,S2-34846029,S2-377295766,S2-392482719,S2-401331690,S2-401815348,S2-433285729,S2-433443859,S2-439311700,S2-450094765,S2-452747804,S2-465815470,S2-517757570,S2-528595167,S2-533183444,S2-535038971,S2-576519006,S2-583111097,S2-609341136,S2-623549960,S2-694627142,S2-729757929,S2-735378655,S2-738509117,S2-75968193,S2-783499275
S1-284209086	S2-106248676,S2-118550245,S2-126644390,S2-134638434,S2-139016318,S2-13918394,S2-145275705,S2-149854075,S2-174298792,S2-18742582,S2-19498210,S2-239385396,S2-29736253,S2-305691850,S2-328155781,S2-353951791,S2-366696624,S2-407386487,S2-41143092,S2-425375047,S2-440428686,S2-465860056,S2-467200360,S2-477633490,S2-515560853,S2-542840931,S2-582549617,S2-583521127,S2-590824274,S2-590980043,S2-59655111,S2-60220214,S2-632993043,S2-644691786,S2-652054719,S2-661673218,S2-679277595,S2-688027066,S2-706362698,S2-733088766
S1-743171772	S2-114931558,S2-217089061,S2-274907684,S2-299335327,S2-522156889,S2-54117280,S2-578858674,S2-58469860,S2-652625876,S2-717648604,S2-804045537,S2-959165879,S2-104634405,S2-111603262,S2-132736362,S2-134759309,S2-138195963,S2-143780485,S2-209926156,S2-211121602,S2-225153982,S2-258913818,S2-26837081,S2-271285474,S2-328254146,S2-330294406,S2-34506140,S2-372345516,S2-392102149,S2-403116197,S2-40341538,S2-419860113,S2-429361255,S2-438058121,S2-467910048,S2-518636747,S2-548928282,S2-550763752,S2-551109365,S2-551537406
S1-940946868	S2-621662910,S2-848191174,S2-342193683,S2-567685419,S2-613659871,S2-698536279,S2-734641211,S2-867352859,S2-939908187,S2-191304961,S2-471098424,S2-528114039,S2-665500858,S2-108630610,S2-109496510,S2-113111022,S2-144652741,S2-165043162,S2-303965654,S2-332058486,S2-355596040,S2-365538352,S2-389207858,S2-395860766,S2-407948015,S2-408293188,S2-416914109,S2-421236952,S2-440285829,S2-452081661,S2-48120065,S2-518636747,S2-540177113,S2-541739103,S2-573238844,S2-587764583,S2-610359302,S2-702435185,S2-705276084,S2-730343704
S1-554328643	S2-280167656,S2-388074361,S2-491437576,S2-535988246,S2-580021699,S2-584619194,S2-837157393,S2-867413750,S2-514308119,S2-14631983,S2-154063343,S2-162817711,S2-184258903,S2-185270699,S2-254902464,S2-287048240,S2-303569597,S2-322349265,S2-348926808,S2-395212259,S2-395272315,S2-424119549,S2-454592498,S2-462362616,S2-472487634,S2-47351895,S2-47749434,S2-484900457,S2-49234201,S2-563644814,S2-572650198,S2-747243692,S2-755645266,S2-760795499,S2-795140573,S2-833077737,S2-836846019,S2-837021812,S2-864403010,S2-868365106
S1-495990882	S2-105845989,S2-180441936,S2-220686156,S2-294062437,S2-564433190,S2-596878321,S2-892521270,S2-116189378,S2-130887373,S2-134392248,S2-136260880,S2-145204119,S2-182529122,S2-195109492,S2-218203548,S2-242367010,S2-264819702,S2-296969450,S2-307857044,S2-311898669,S2-338141614,S2-340239310,S2-353473370,S2-362262700,S2-367076099,S2-372772519,S2-39821301,S2-398456093,S2-412033502,S2-422600541,S2-459656288,S2-459767841,S2-483326033,S2-502295672,S2-503378605,S2-505029475,S2-50544513,S2-561720285,S2-567327667,S2-571151973
S1-196716011	S2-142609972,S2-177360599,S2-194950110,S2-211475433,S2-265452952,S2-301339378,S2-35427816,S2-355811048,S2-379553126,S2-536617751,S2-569930411,S2-60781442,S2-625717852,S2-740325013,S2-754058952,S2-784830849,S2-812532662,S2-883276410,S2-968177648,S2-999793401,S2-135560048,S2-249175224,S2-543940578,S2-580390359,S2-27306997,S2-280342394,S2-419358971,S2-886359416,S2-103300986,S2-245909245,S2-290515461,S2-292981942,S2-296763170,S2-410752754,S2-444445874,S2-506521283,S2-518721601,S2-550348786,S2-56228238,S2-584792162
S1-736162578	S2-913897436,S2-925511054,S2-716235978,S2-362065845,S2-43773032,S2-943271753,S2-107111824,S2-113907407,S2-123633221,S2-133292215,S2-142521568,S2-15501444,S2-186016865,S2-2208097,S2-220907837,S2-226819198,S2-228779604,S2-229315248,S2-237660677,S2-247552236,S2-254788701,S2-263273654,S2-266340710,S2-271080754,S2-271739874,S2-278537000,S2-28767414,S2-318303423,S2-341695688,S2-35191964,S2-364936416,S2-407788306,S2-418380949,S2-426113074,S2-438753836,S2-461563520,S2-471135532,S2-48721163,S2-499948886,S2-551616319
S1-637627315	S2-45803531,S2-738028717,S2-140355053,S2-2224824,S2-377011033,S2-486843244,S2-101999827,S2-113463368,S2-122944993,S2-132617858,S2-136103129,S2-136437217,S2-136904219,S2-162464267,S2-162669505,S2-178406946,S2-181915906,S2-187514897,S2-189607674,S2-192558011,S2-195940449,S2-199237801,S2-212955583,S2-229927247,S2-231316567,S2-23181035,S2-235155410,S2-237024609,S2-255877102,S2-281905923,S2-29880524,S2-299436431,S2-305508408,S2-313909510,S2-314412774,S2-335124172,S2-337473468,S2-337546861,S2-343310050,S2-344134243
S1-762169586	S2-139603809,S2-150814682,S2-182789318,S2-213208828,S2-225037888,S2-258676677,S2-266101971,S2-272004093,S2-308329661,S2-321991349,S2-508632479,S2-535109554,S2-539393537,S2-558486436,S2-56105139,S2-589161213,S2-594064798,S2-621497277,S2-622773844,S2-640723488,S2-641344610,S2-684555226,S2-69614578,S2-715375320,S2-735560077,S2-73664446,S2-766200550,S2-791429680,S2-803596169,S2-812320141,S2-818696988,S2-839252781,S2-844735754,S2-871163588,S2-940086754,S2-941763879,S2-945865905,S2-973809049,S2-982091290,S2-994827565
S1-346929118	S2-344866039,S2-547097573,S2-641596648,S2-102509620,S2-108868655,S2-112370727,S2-114823038,S2-123614400,S2-123641424,S2-123964652,S2-134710405,S2-134796146,S2-138039475,S2-143157323,S2-144841979,S2-148006268,S2-150284085,S2-153235761,S2-15760024,S2-157735411,S2-161174102,S2-167496095,S2-178231625,S2-178937252,S2-184299435,S2-186039838,S2-190167199,S2-195509551,S2-198717453,S2-202562988,S2-205415275,S2-212009392,S2-215063815,S2-218140871,S2-219242350,S2-221821958,S2-222687623,S2-222822607,S2-224083706,S2-231316567
S1-913450089	S2-109321026,S2-152947987,S2-16277535,S2-177348709,S2-234982389,S2-252729569,S2-26780242,S2-286533228,S2-304608282,S2-406817429,S2-442287139,S2-477020225,S2-666813005,S2-684749498,S2-776531851,S2-799474562,S2-804865446,S2-851098073,S2-963284424,S2-259858270,S2-688743579,S2-531426283,S2-775031735,S2-826444421,S2-884534513,S2-173181959,S2-196866972,S2-232194015,S2-310363235,S2-438856586,S2-996880116,S2-108675865,S2-127777840,S2-128112112,S2-17446939,S2-174541886,S2-177779132,S2-217022936,S2-228567244,S2-253331117
S1-325873958	S2-206692526,S2-690934565,S2-236826922,S2-239142590,S2-242087832,S2-245882826,S2-256701972,S2-438085957,S2-506680793,S2-630107018,S2-632415865,S2-707163958,S2-712756118,S2-724396789,S2-736281197,S2-869717044,S2-992829478,S2-104440195,S2-111056035,S2-134558801,S2-186256882,S2-190682877,S2-192435550,S2-194856123,S2-203358920,S2-205748643,S2-215324023,S2-23304,S2-236735351,S2-250915022,S2-258995064,S2-279106615,S2-291157878,S2-292604254,S2-30838507,S2-314512553,S2-324171161,S2-3256414,S2-335414266,S2-35086639
S1-766372261	S2-353118958,S2-485585276,S2-114664509,S2-134110056,S2-134760285,S2-13895880,S2-160740180,S2-196744322,S2-278647234,S2-290549553,S2-30228438,S2-345383720,S2-419644754,S2-424148602,S2-448838200,S2-452616393,S2-471056437,S2-481248258,S2-534293419,S2-547597901,S2-589718353,S2-595790130,S2-600989209,S2-601648653,S2-620387017,S2-643532106,S2-667973495,S2-727893934,S2-741581730,S2-752442018,S2-768500127,S2-800244781,S2-844576796,S2-849819552,S2-901115410,S2-9218123,S2-931567948,S2-944174686,S2-954796561,S2-973278721
S1-359751656	S2-158989871,S2-719236233,S2-748176651,S2-874582752,S2-187498810,S2-364676421,S2-38839346,S2-659685525,S2-681912272,S2-742271220,S2-757040349,S2-94069242,S2-94837044,S2-120730634,S2-128840868,S2-144770056,S2-17300802,S2-173953360,S2-202556875,S2-210062866,S2-246621020,S2-247759089,S2-253170678,S2-284446102,S2-291410564,S2-31545870,S2-344821654,S2-352377875,S2-378730157,S2-417455367,S2-436257218,S2-443114018,S2-450271281,S2-452715719,S2-463159414,S2-489461707,S2-53369492,S2-5371139,S2-546127792,S2-547557150
S1-683697428	S2-27386354,S2-43399661,S2-617200441,S2-936121618,S2-114409155,S2-143010552,S2-194171151,S2-228079379,S2-276136550,S2-393601356,S2-460684696,S2-560605880,S2-610203435,S2-612684324,S2-833472436,S2-101254538,S2-101313426,S2-102838962,S2-104464839,S2-10465607,S2-105423216,S2-105594990,S2-105768147,S2-10578216,S2-106908241,S2-107106168,S2-108231938,S2-110360169,S2-110550221,S2-111461865,S2-112834662,S2-113704778,S2-113907407,S2-114111700,S2-116629257,S2-11773207,S2-118215506,S2-119584880,S2-11983041,S2-120614992
S1-697463198	S2-408430847,S2-71105955,S2-128812248,S2-142513026,S2-169134681,S2-226993824,S2-28466100,S2-303245217,S2-306658048,S2-374470578,S2-411675185,S2-418175589,S2-424867849,S2-437641120,S2-468247608,S2-476527679,S2-487517967,S2-492343047,S2-512553178,S2-541408179,S2-580017481,S2-591649583,S2-610175371,S2-616750290,S2-641856671,S2-707082817,S2-716855502,S2-792029374,S2-799289955,S2-826459322,S2-847335213,S2-886935641,S2-100006923,S2-100331681,S2-106976296,S2-107330887,S2-110852440,S2-111361216,S2-112066657,S2-118199917
S1-127186532	S2-38839346,S2-742271220,S2-748176651,S2-158989871,S2-187498810,S2-364676421,S2-450271281,S2-567254704,S2-589794392,S2-620073773,S2-659685525,S2-681912272,S2-70597689,S2-719236233,S2-757040349,S2-874582752,S2-878761231,S2-94069242,S2-94837044,S2-120730634,S2-128840868,S2-144770056,S2-17300802,S2-173953360,S2-202556875,S2-210062866,S2-246621020,S2-247759089,S2-253170678,S2-284446102,S2-291410564,S2-31545870,S2-344821654,S2-352377875,S2-378730157,S2-417455367,S2-436257218,S2-443114018,S2-452715719,S2-463159414
S1-409256428	S2-843034402,S2-109623307,S2-137335733,S2-175559786,S2-236037396,S2-27535785,S2-279812084,S2-380497229,S2-516834602,S2-518007334,S2-540618798,S2-549241513,S2-550041933,S2-594434378,S2-637391878,S2-660785006,S2-682826207,S2-691131518,S2-728915674,S2-765331020,S2-818808943,S2-828907362,S2-83244215,S2-84477819,S2-897475107,S2-942616391,S2-983064567,S2-12925728,S2-597532562,S2-65281603,S2-369485231,S2-860079971,S2-107397054,S2-120369605,S2-173453083,S2-182921717,S2-195219793,S2-208866666,S2-210675536,S2-213670246
S1-6381641	S2-116669132,S2-226822895,S2-260085113,S2-275292871,S2-327358953,S2-392688436,S2-42643443,S2-553716394,S2-571132317,S2-576897418,S2-711200321,S2-796765396,S2-797739280,S2-814330180,S2-861414287,S2-87602936,S2-932298572,S2-118263691,S2-365904551,S2-100128288,S2-557028381,S2-810116004,S2-191203958,S2-274887107,S2-314464238,S2-375827490,S2-410232132,S2-440751152,S2-662595608,S2-675348100,S2-797558775,S2-943366859,S2-522319220,S2-77238215,S2-866512142,S2-25679689,S2-28303423,S2-286492661,S2-287977915,S2-31091931
S1-249354768	S2-200895915,S2-132712335,S2-413822422,S2-596791231,S2-774119543,S2-814876053,S2-824657678,S2-863958680,S2-975814955,S2-102677,S2-103397384,S2-107929873,S2-140581550,S2-141789543,S2-147749794,S2-148116189,S2-151628472,S2-158151198,S2-16964085,S2-170993862,S2-172207378,S2-17446939,S2-178243328,S2-178448400,S2-186041583,S2-186256882,S2-18868925,S2-194287484,S2-199693428,S2-208468004,S2-21928602,S2-229570617,S2-232219224,S2-236659402,S2-248578795,S2-256004548,S2-259053443,S2-26081285,S2-2827703,S2-291365171
S1-884751359	S2-253611872,S2-332957565,S2-950955768,S2-581318712,S2-699301561,S2-119428002,S2-13639996,S2-140694796,S2-142086734,S2-158485790,S2-165809100,S2-174868680,S2-185405451,S2-195435490,S2-243618862,S2-253215790,S2-289703780,S2-3028524,S2-32430961,S2-335864524,S2-358510569,S2-364600012,S2-369868688,S2-372013424,S2-409276453,S2-411895789,S2-41583718,S2-419321728,S2-426397038,S2-435504815,S2-437516262,S2-44038583,S2-462160475,S2-469326217,S2-470025676,S2-485768772,S2-487797261,S2-516892088,S2-531085205,S2-537868403
S1-7383499	S2-602449123,S2-225761300,S2-985269649,S2-122109484,S2-392036067,S2-420494817,S2-513774113,S2-632973445,S2-905087284,S2-922574977,S2-933131808,S2-964884603
S1-832983427	S2-282677323,S2-305427278,S2-38310208,S2-494651510,S2-75100863,S2-761759887,S2-782234179,S2-799684632,S2-81148534,S2-303457668,S2-37793685,S2-493583198,S2-615942825,S2-674223031,S2-112171916,S2-129502005,S2-15280146,S2-162252776,S2-175491309,S2-192749727,S2-20026074,S2-248578795,S2-252936153,S2-254355218,S2-28418448,S2-309965376,S2-3213296,S2-327707439,S2-33776943,S2-382846011,S2-394253140,S2-406794851,S2-413820553,S2-426259815,S2-449578781,S2-468081602,S2-472776555,S2-511379,S2-511849529,S2-537844716
S1-209962563	S2-145910008,S2-152308126,S2-189975257,S2-192982284,S2-265951472,S2-273677150,S2-296564551,S2-338958401,S2-361276601,S2-532194186,S2-575682484,S2-57917699,S2-630321430,S2-808715434,S2-831757528,S2-84502053,S2-866580995,S2-895418771,S2-895797947,S2-914507551,S2-925862598,S2-977796762,S2-994018233,S2-271475358,S2-45495534,S2-616226970,S2-941996642,S2-412195376,S2-595665289,S2-620419239,S2-798702330,S2-913413984,S2-106474429,S2-112975142,S2-11609800,S2-119063659,S2-126315980,S2-12827529,S2-146263154,S2-146359706
S1-275228042	S2-353473370,S2-182529122,S2-845486018,S2-105845989,S2-116189378,S2-130887373,S2-134392248,S2-136260880,S2-145204119,S2-180441936,S2-195109492,S2-218203548,S2-220686156,S2-242367010,S2-264819702,S2-294062437,S2-296969450,S2-307857044,S2-311898669,S2-338141614,S2-340239310,S2-362262700,S2-367076099,S2-372772519,S2-39821301,S2-398456093,S2-412033502,S2-422600541,S2-459656288,S2-459767841,S2-483326033,S2-502295672,S2-503378605,S2-505029475,S2-50544513,S2-561720285,S2-564433190,S2-567327667,S2-571151973,S2-585698283
S1-98065022	S2-563493524,S2-923176344,S2-561238195,S2-644372027,S2-403791727,S2-416264354,S2-110331304,S2-11459613,S2-155350727,S2-166629328,S2-167986169,S2-195899758,S2-201899514,S2-229702355,S2-24330465,S2-262878034,S2-268136836,S2-312458258,S2-350163162,S2-375497942,S2-403863397,S2-424459800,S2-441770496,S2-449406079,S2-524676747,S2-5327132,S2-543940578,S2-590130894,S2-59463358,S2-61436897,S2-672381387,S2-71571042,S2-733030529,S2-761989439,S2-767390046,S2-787337411,S2-804771937,S2-804914400,S2-850383126,S2-86251091
S1-752971281	S2-142521568,S2-35191964,S2-364936416,S2-426113074,S2-551616319,S2-573732703,S2-72841314,S2-950857461,S2-993394296,S2-107111824,S2-113907407,S2-123633221,S2-133292215,S2-15501444,S2-186016865,S2-2208097,S2-220907837,S2-226819198,S2-228779604,S2-229315248,S2-237660677,S2-247552236,S2-254788701,S2-263273654,S2-266340710,S2-271080754,S2-271739874,S2-278537000,S2-28767414,S2-318303423,S2-341695688,S2-362065845,S2-407788306,S2-418380949,S2-43773032,S2-438753836,S2-461563520,S2-471135532,S2-48721163,S2-499948886
S1-431241109	S2-737724720,S2-116505976,S2-119607177,S2-120498114,S2-15148623,S2-191866478,S2-259169216,S2-268498482,S2-282013704,S2-328218174,S2-334354664,S2-405822096,S2-441367107,S2-642855647,S2-732405607,S2-73748059,S2-791073365,S2-791990398,S2-814052487,S2-828625554,S2-934467273,S2-967373031,S2-268968548,S2-360308013,S2-529387663,S2-532711023,S2-598701556,S2-649406556,S2-662673311,S2-996114505,S2-297150010,S2-154479629,S2-247558193,S2-285603840,S2-386386357,S2-404466941,S2-422534402,S2-459633919,S2-764266080,S2-787189547
S1-131053132	S2-100901770,S2-104901542,S2-1240778,S2-12691971,S2-199920961,S2-206038488,S2-235715861,S2-241766504,S2-242907777,S2-248795010,S2-250985662,S2-27249460,S2-277697710,S2-332592408,S2-372667013,S2-372883889,S2-436433024,S2-444720240,S2-45083710,S2-476661731,S2-488349091,S2-498215317,S2-513258256,S2-543869570,S2-550704522,S2-551749306,S2-560549562,S2-576544214,S2-61942671,S2-645001222,S2-678390281,S2-685859261,S2-708328011,S2-741639927,S2-744519779,S2-745158840,S2-771879732,S2-792941939,S2-812007549,S2-824484345
S1-114279394	S2-114233191,S2-110358042,S2-125301970,S2-143999439,S2-184840920,S2-19818593,S2-199563023,S2-201392485,S2-209305476,S2-282978237,S2-334135228,S2-337900694,S2-421518911,S2-423368397,S2-439872728,S2-457718870,S2-477226287,S2-543811262,S2-558870956,S2-730288777,S2-736654053,S2-741554756,S2-763345190,S2-78516139,S2-821708358,S2-834479083,S2-857940402,S2-906291206,S2-921487107,S2-100966367,S2-101030307,S2-102677,S2-102835643,S2-103397384,S2-103979213,S2-105845989,S2-106413714,S2-107369086,S2-107929873,S2-111647224
S1-646968667	S2-294638554,S2-57046353,S2-878122566,S2-966749008,S2-114971268,S2-124024723,S2-127340374,S2-147509105,S2-165271705,S2-165350708,S2-173394919,S2-180447643,S2-185537657,S2-18797984,S2-205288146,S2-208651496,S2-250090156,S2-267223916,S2-274109622,S2-277444929,S2-282834824,S2-288895558,S2-296830281,S2-300373097,S2-300957446,S2-313048014,S2-319771268,S2-330974580,S2-333300862,S2-370549501,S2-434043362,S2-48289976,S2-504845030,S2-508443778,S2-513452847,S2-527665947,S2-528320338,S2-540664307,S2-57560168,S2-583442963
S1-374959431	S2-100648957,S2-126904244,S2-128076983,S2-136019650,S2-155633699,S2-174388500,S2-18027888,S2-210799457,S2-259818580,S2-295781156,S2-302419463,S2-34873792,S2-35086639,S2-370932433,S2-399870699,S2-406854790,S2-41310495,S2-413828238,S2-415774936,S2-479720193,S2-494756875,S2-544399933,S2-576926084,S2-580728490,S2-59129159,S2-645038825,S2-69910049,S2-716107739,S2-758210318,S2-760365495,S2-781500077,S2-790701769,S2-801809740,S2-809978004,S2-835775099,S2-845851602,S2-910131574,S2-915520931,S2-958051593,S2-967544760
S1-971250306	S2-142537195,S2-249701273,S2-264750243,S2-581330528,S2-102286733,S2-106817274,S2-110236539,S2-114805384,S2-117632192,S2-11851443,S2-12953898,S2-132197171,S2-132555754,S2-134358987,S2-135712954,S2-156408698,S2-156460390,S2-17298657,S2-174548948,S2-177141734,S2-182921717,S2-184993338,S2-189142927,S2-191314858,S2-193196105,S2-198938800,S2-200135066,S2-234510949,S2-239963043,S2-246466150,S2-246768328,S2-247658857,S2-253310937,S2-261180002,S2-274316857,S2-278626875,S2-27893296,S2-282704171,S2-287605788,S2-303726261
S1-19121821	S2-121611732,S2-139182951,S2-159965255,S2-222005991,S2-279747767,S2-304260237,S2-340153823,S2-340825792,S2-387009667,S2-391270161,S2-40363631,S2-480009101,S2-613496413,S2-613634098,S2-629499045,S2-693884068,S2-814844590,S2-85829243,S2-876824000,S2-924058834,S2-924470584,S2-964255174,S2-15970945,S2-244886524,S2-474177475,S2-515530098,S2-740964391,S2-101030307,S2-102773684,S2-134708169,S2-174396474,S2-184840920,S2-196446855,S2-200895915,S2-206082608,S2-28079880,S2-297534555,S2-299611907,S2-314926049,S2-338166538
S1-850983521	S2-675077467,S2-813046015,S2-126119010,S2-129818134,S2-146182742,S2-219400256,S2-222273464,S2-233994357,S2-254872504,S2-275379289,S2-286982976,S2-290775709,S2-299980209,S2-323943101,S2-350758158,S2-375543235,S2-383733509,S2-38470677,S2-386388102,S2-436876789,S2-454437738,S2-470242377,S2-48253661,S2-503689621,S2-524826984,S2-529698103,S2-552693272,S2-553590321,S2-621012621,S2-674420371,S2-719483884,S2-788836572,S2-855026830,S2-860318473,S2-885632745,S2-896035765,S2-944742689,S2-953579753,S2-95768790,S2-979219719
S1-732585910	S2-263062006,S2-42822838,S2-732218701,S2-157245246,S2-269867174,S2-346171796,S2-713274075,S2-227887567,S2-281788940,S2-350683874,S2-367987690,S2-505093473,S2-523379739,S2-637434518,S2-778285699,S2-780232653,S2-806795229,S2-816118120,S2-892178595,S2-933965005,S2-299325554,S2-489196749,S2-144636346,S2-145223494,S2-212515881,S2-261040245,S2-319442504,S2-401492041,S2-422398678,S2-445637459,S2-458037916,S2-560212442,S2-7094860,S2-770823485,S2-774119543,S2-83815437,S2-892174150,S2-92915929,S2-984618079,S2-103972023
S1-981346708	S2-277379643,S2-311912341,S2-936656303,S2-136305349,S2-136465789,S2-187130654,S2-244546798,S2-257438195,S2-303726261,S2-329880992,S2-372857983,S2-384743598,S2-520527138,S2-52106123,S2-526814787,S2-569860965,S2-574676194,S2-605902517,S2-685184615,S2-698662232,S2-725621051,S2-78628977,S2-90154865,S2-910088949,S2-911423239,S2-9214690,S2-990871318,S2-996245861,S2-997025264,S2-123720543,S2-127333365,S2-181199933,S2-185878279,S2-20367392,S2-268656082,S2-275634125,S2-311814169,S2-405328308,S2-425791839,S2-436783714
S1-904996225	S2-835122913,S2-464158153,S2-129035403,S2-167351345,S2-197514971,S2-232036945,S2-256814361,S2-34680342,S2-384999014,S2-396551836,S2-623935557,S2-700094374,S2-726340703,S2-157404029,S2-235586406,S2-257597643,S2-280829962,S2-311801112,S2-350639903,S2-384829851,S2-417333492,S2-495548955,S2-541570442,S2-624565374,S2-624884316,S2-63044075,S2-653459371,S2-682109957,S2-717205181,S2-746452946,S2-857753362,S2-902447208,S2-923513744,S2-992312056,S2-102713949,S2-108266910,S2-109496510,S2-10950521,S2-109512442,S2-109730183
S1-431387492	S2-729718584,S2-125034015,S2-126861995,S2-13440422,S2-152186399,S2-154876508,S2-19297940,S2-197251777,S2-248782105,S2-25115719,S2-255808984,S2-264776657,S2-269084113,S2-28021649,S2-316331777,S2-386702363,S2-392313075,S2-412196838,S2-416243900,S2-505166418,S2-506656278,S2-515416055,S2-525587203,S2-527150782,S2-550136811,S2-55800500,S2-579566857,S2-600108525,S2-621802942,S2-625899005,S2-638282892,S2-660059542,S2-685830084,S2-711919843,S2-716588163,S2-774632221,S2-776958887,S2-818483736,S2-841559996,S2-884393475
S1-779180246	S2-203806837,S2-340617159,S2-560702438,S2-875713213,S2-420745505,S2-686475305,S2-402511279,S2-173171433,S2-805808363,S2-122449763,S2-185614004,S2-195219793,S2-243915375,S2-290530216,S2-326876405,S2-445283159,S2-476751021,S2-642135948,S2-658686334,S2-667295720,S2-674286686,S2-679261720,S2-706213529,S2-71161222,S2-74052072,S2-747801987,S2-803825075,S2-822383608,S2-856941269,S2-87145096,S2-885218742,S2-156967808,S2-284568008,S2-344620239,S2-42658359,S2-455209026,S2-512250778,S2-540591986,S2-727409714,S2-730319195
S1-561314507	S2-215170190,S2-367294125,S2-369558242,S2-476083868,S2-509562990,S2-545202243,S2-573307988,S2-851158280,S2-873006554,S2-97092423,S2-974193110,S2-364902100,S2-460684696,S2-723986550,S2-100090803,S2-106916619,S2-117325459,S2-120549229,S2-13556886,S2-143358506,S2-146288242,S2-151322374,S2-152690112,S2-153191170,S2-159064454,S2-165828114,S2-168390561,S2-173774743,S2-177959947,S2-194535034,S2-197696225,S2-207490927,S2-220587965,S2-22257325,S2-225495149,S2-226233787,S2-230625410,S2-246869552,S2-253266360,S2-253792975
S1-88592935	S2-346192346,S2-672799577,S2-933085923,S2-747984507,S2-786953011,S2-738527890,S2-103979213,S2-124767708,S2-146361694,S2-169764743,S2-174278936,S2-189937493,S2-211672107,S2-250378753,S2-290666292,S2-293312486,S2-315776397,S2-344355411,S2-410329713,S2-462357184,S2-471404752,S2-474346550,S2-478744721,S2-495549966,S2-517566405,S2-51977302,S2-52703680,S2-540580165,S2-546281071,S2-554316628,S2-563517787,S2-573643650,S2-597272422,S2-629449423,S2-648373570,S2-666037560,S2-669591644,S2-699391872,S2-714244170,S2-736492107
S1-310017139	S2-271739874,S2-499948886,S2-709708746,S2-107111824,S2-113907407,S2-123633221,S2-133292215,S2-142521568,S2-15501444,S2-186016865,S2-2208097,S2-220907837,S2-226819198,S2-228779604,S2-229315248,S2-237660677,S2-247552236,S2-254788701,S2-263273654,S2-266340710,S2-271080754,S2-278537000,S2-28767414,S2-318303423,S2-341695688,S2-35191964,S2-362065845,S2-364936416,S2-407788306,S2-418380949,S2-426113074,S2-43773032,S2-438753836,S2-461563520,S2-471135532,S2-48721163,S2-551616319,S2-567630676,S2-573732703,S2-58214219
S1-90032658	S2-116894160,S2-264927097,S2-278899754,S2-293675262,S2-396092633,S2-414750116,S2-487755645,S2-52271027,S2-646977611,S2-659140555,S2-663191944,S2-67505679,S2-775372498,S2-808710396,S2-837376746,S2-928348681,S2-50055782,S2-132780702,S2-249313801,S2-332036682,S2-575124666,S2-702949564,S2-221471302,S2-242194185,S2-448598544,S2-510842734,S2-76917246,S2-839228491,S2-962688252,S2-161174102,S2-303234792,S2-46715599,S2-606845571,S2-772010362,S2-811695384,S2-912956777,S2-119620011,S2-12146927,S2-129093659,S2-13208375
S1-529182833	S2-13208375,S2-23010857,S2-285714275,S2-32190143,S2-378054793,S2-410966569,S2-412005346,S2-445965866,S2-498520215,S2-59463358,S2-604259050,S2-608231554,S2-674589988,S2-754631478,S2-756854940,S2-794319658,S2-80220016,S2-805903126,S2-864103770,S2-139514918,S2-266763301,S2-268136836,S2-348537616,S2-382720781,S2-444900570,S2-53736323,S2-555746143,S2-593112650,S2-611686904,S2-675472707,S2-734833318,S2-762445251,S2-804869547,S2-839531876,S2-840459654,S2-987890216,S2-183683146,S2-218444802,S2-295564788,S2-526479001
S1-726860670	S2-420667558,S2-835358320,S2-90861332,S2-248578795,S2-325866948,S2-540475101,S2-556334410,S2-558588522,S2-816942970,S2-857940402,S2-894229317,S2-924843935,S2-96541745,S2-100627640,S2-101720861,S2-102677,S2-103397384,S2-107172479,S2-107929873,S2-108055972,S2-113775999,S2-11615539,S2-12407936,S2-126429420,S2-129436480,S2-129474646,S2-131100893,S2-131923016,S2-134791364,S2-135225672,S2-141789543,S2-142962200,S2-143977672,S2-144066810,S2-145325301,S2-147260243,S2-147432492,S2-148116189,S2-151628472,S2-154690269
S1-349027619	S2-464477099,S2-176438515,S2-683055877,S2-923595204,S2-101808449,S2-103934090,S2-105041837,S2-106581817,S2-111216682,S2-121212035,S2-121922395,S2-122570602,S2-123809013,S2-124708833,S2-126182240,S2-127922980,S2-129570837,S2-138086675,S2-138798009,S2-141843280,S2-14391913,S2-145521404,S2-146057071,S2-149909781,S2-154061412,S2-154492307,S2-158363027,S2-161578601,S2-165306983,S2-165450569,S2-16553343,S2-16606029,S2-166312284,S2-173496176,S2-175861248,S2-176968531,S2-180148157,S2-182107691,S2-188676591,S2-190178601
S1-328371553	S2-683581288,S2-156357253,S2-304826655,S2-446464109,S2-522377481,S2-52618405,S2-737081388,S2-102950909,S2-108259617,S2-120060080,S2-131551315,S2-157086200,S2-174251713,S2-255028006,S2-260401846,S2-260948764,S2-270250656,S2-30007808,S2-304180445,S2-433479960,S2-442639145,S2-442829552,S2-445994325,S2-449440448,S2-487803790,S2-5073918,S2-527422854,S2-580016157,S2-586392191,S2-633258084,S2-653605374,S2-676667222,S2-726681224,S2-74019245,S2-747396458,S2-777184613,S2-781524374,S2-799289955,S2-808912064,S2-810222982
S1-295805789	S2-108616532,S2-515408980,S2-648770543,S2-718171178,S2-720490901,S2-824470330,S2-876471185,S2-97857545,S2-853563408,S2-119054309,S2-14703848,S2-152056988,S2-152110557,S2-177271859,S2-220596390,S2-225826534,S2-258368560,S2-277415629,S2-480871187,S2-495084719,S2-804767126,S2-934305669,S2-100842773,S2-101177744,S2-102416813,S2-102668134,S2-109862055,S2-112685256,S2-11543447,S2-11971993,S2-121587258,S2-122341199,S2-12407936,S2-124642170,S2-12611301,S2-129253587,S2-131636708,S2-133231514,S2-133443330,S2-133984853
S1-72073780	S2-312119982,S2-314529907,S2-36729907,S2-439311261,S2-711487058,S2-908060403,S2-145773778,S2-156240517,S2-264220874,S2-414480540,S2-7695059,S2-169943330,S2-179342366,S2-217827193,S2-229976047,S2-263029371,S2-348150760,S2-350583491,S2-358640198,S2-388362166,S2-400230753,S2-402023314,S2-41686968,S2-430490738,S2-463813708,S2-538428162,S2-558928253,S2-593827285,S2-646164866,S2-678442717,S2-679757669,S2-685390436,S2-784237344,S2-792912193,S2-813396578,S2-825707760,S2-838286214,S2-841776003,S2-877285329,S2-878734791
S1-205103751	S2-42445297,S2-995335581,S2-107569041,S2-113163500,S2-121600861,S2-126411084,S2-133397451,S2-147620702,S2-149945543,S2-170548497,S2-172622109,S2-175456325,S2-180292031,S2-202434604,S2-212370970,S2-21551751,S2-217441407,S2-221543245,S2-234238441,S2-242220369,S2-284439219,S2-337900694,S2-345313911,S2-362105495,S2-362114184,S2-363943539,S2-367370263,S2-371824081,S2-41644685,S2-417391901,S2-453771647,S2-4599432,S2-466580473,S2-472761225,S2-503956565,S2-507246758,S2-50729650,S2-508793354,S2-510778080,S2-515937605
S1-148265622	S2-169770386,S2-209700998,S2-233248001,S2-372867707,S2-537295588,S2-107172479,S2-10881057,S2-108900878,S2-113366716,S2-117080450,S2-117680822,S2-126969084,S2-134880053,S2-138211842,S2-143115589,S2-144395531,S2-147597950,S2-147970318,S2-151615034,S2-15326120,S2-154404949,S2-159004257,S2-16285602,S2-172207378,S2-182529912,S2-188887388,S2-19037906,S2-191186951,S2-19456237,S2-199026847,S2-200547911,S2-207387614,S2-208984116,S2-218205773,S2-22035153,S2-225647390,S2-227612893,S2-228670372,S2-238398944,S2-238566883
S1-464105135	S2-100601479,S2-103979213,S2-108103764,S2-111061237,S2-113588646,S2-115308138,S2-116787993,S2-118586444,S2-118997643,S2-122325748,S2-124767708,S2-126080953,S2-129830934,S2-133129336,S2-136969294,S2-138900880,S2-140097767,S2-143043238,S2-143115589,S2-146361694,S2-146516261,S2-150648688,S2-150806063,S2-151088585,S2-152096273,S2-153673755,S2-155894024,S2-168954245,S2-169764743,S2-174278936,S2-180319104,S2-189937493,S2-190551533,S2-193208581,S2-198179625,S2-203496708,S2-205172165,S2-205518186,S2-206953803,S2-208125316
S1-763496609	S2-114657503,S2-199635728,S2-317532419,S2-379382395,S2-422534402,S2-43498869,S2-520378303,S2-564177352,S2-623639058,S2-693931344,S2-735547873,S2-747478411,S2-835993781,S2-840990980,S2-865029092,S2-884607777,S2-894384835,S2-155473968,S2-445076674,S2-198672108,S2-584977605,S2-6889820,S2-784395175,S2-134434670,S2-381773206,S2-794711875,S2-915229145,S2-922274635,S2-963533527,S2-12779077,S2-136893078,S2-140943290,S2-164646602,S2-166422121,S2-168185439,S2-169730225,S2-18394219,S2-18879382,S2-190692311,S2-229543188
S1-823731657	S2-123203308,S2-152677061,S2-194684055,S2-215681717,S2-35283649,S2-361830662,S2-365786634,S2-394253140,S2-395425974,S2-395489902,S2-505166418,S2-512977364,S2-515189936,S2-517415184,S2-532348010,S2-562473367,S2-591448531,S2-592164284,S2-608671267,S2-685818927,S2-719544005,S2-742088882,S2-748555281,S2-75173721,S2-76271560,S2-775863449,S2-77964233,S2-813569572,S2-813862982,S2-88381366,S2-950705478,S2-988417294
S1-250530040	S2-783048431,S2-918156875,S2-17006710,S2-354696282,S2-643791791,S2-104164963,S2-104273864,S2-105463326,S2-107283812,S2-107690513,S2-156812288,S2-160850131,S2-162284321,S2-178499618,S2-189723704,S2-205807234,S2-236415025,S2-23988136,S2-247904240,S2-248796480,S2-26564516,S2-316571302,S2-323013397,S2-326143558,S2-33244838,S2-332493978,S2-360585628,S2-368183185,S2-368811315,S2-410555462,S2-435862866,S2-441341822,S2-442147451,S2-470204530,S2-498472092,S2-508855516,S2-519967157,S2-56133264,S2-599910283,S2-600485958
S1-740041904	S2-523715903,S2-844348639,S2-196314395,S2-406202669,S2-418612401,S2-12305067,S2-154037334,S2-242648115,S2-342983489,S2-364836333,S2-396593187,S2-403157826,S2-420688149,S2-461920484,S2-479907313,S2-488651713,S2-519702183,S2-558588522,S2-600588678,S2-613711435,S2-662142656,S2-684075085,S2-708006755,S2-748096290,S2-752095280,S2-798482339,S2-84169767,S2-859442269,S2-860276435,S2-882926023,S2-924599001,S2-924929045,S2-938746096,S2-954699458,S2-105769043,S2-11509313,S2-118962579,S2-124169707,S2-129281438,S2-144638525
S1-38345711	S2-362555190,S2-369817284,S2-102072426,S2-132986379,S2-141913343,S2-147139591,S2-150965879,S2-158716035,S2-171161046,S2-179104223,S2-206083167,S2-206794664,S2-217908075,S2-287350450,S2-288489447,S2-302080693,S2-325162634,S2-325340520,S2-325620293,S2-331989793,S2-344669624,S2-362882330,S2-365476800,S2-368462066,S2-379827618,S2-408293188,S2-411112885,S2-414716513,S2-423429285,S2-427449026,S2-446776245,S2-446792539,S2-454272837,S2-465229230,S2-498488337,S2-512690883,S2-5405243,S2-545940068,S2-56744275,S2-576774941
S1-80363633	S2-328679242,S2-234829057,S2-10836953,S2-118323960,S2-131795106,S2-132078905,S2-153944521,S2-157404029,S2-159817452,S2-167816710,S2-189485488,S2-203491557,S2-210704840,S2-218764611,S2-234917047,S2-256301789,S2-297891330,S2-305769260,S2-349301525,S2-386421515,S2-408089531,S2-45411264,S2-476477108,S2-490590455,S2-500235007,S2-515498415,S2-519903668,S2-524362280,S2-536898444,S2-541857465,S2-569424002,S2-575914097,S2-614821783,S2-627341192,S2-656960149,S2-698997162,S2-733480582,S2-751248582,S2-751939440,S2-754957141
S1-521978308	S2-100707778,S2-152178692,S2-157223243,S2-194597960,S2-201826651,S2-252166881,S2-27111559,S2-280522383,S2-324130988,S2-324803431,S2-36123567,S2-383732371,S2-396926611,S2-442353206,S2-447491469,S2-488946413,S2-511344319,S2-518268989,S2-551295330,S2-551679176,S2-55982292,S2-614537668,S2-650336671,S2-674427212,S2-702118060,S2-716673557,S2-771811559,S2-777015027,S2-802488403,S2-821619345,S2-845614914,S2-852709574,S2-902700144,S2-958038056,S2-995601480,S2-141123004,S2-147426826,S2-157564986,S2-160637560,S2-169620416
S1-17666546	S2-10157860,S2-112327492,S2-112834662,S2-126175750,S2-135528912,S2-166470814,S2-177994544,S2-193992071,S2-198498998,S2-229886583,S2-232490044,S2-239391031,S2-258973712,S2-277181156,S2-304106936,S2-310171285,S2-315589253,S2-331190512,S2-331370136,S2-338112826,S2-372899546,S2-378019566,S2-395410864,S2-396061899,S2-40875972,S2-426287968,S2-454478078,S2-457321092,S2-463853464,S2-464992727,S2-471642227,S2-476753105,S2-489827398,S2-502382007,S2-514926620,S2-547296202,S2-557030973,S2-56156382,S2-572367141,S2-585646138
S1-370715897	S2-6739378,S2-145204119,S2-916170899,S2-105845989,S2-116189378,S2-130887373,S2-134392248,S2-136260880,S2-180441936,S2-182529122,S2-195109492,S2-218203548,S2-220686156,S2-242367010,S2-264819702,S2-294062437,S2-296969450,S2-307857044,S2-311898669,S2-338141614,S2-340239310,S2-353473370,S2-362262700,S2-367076099,S2-372772519,S2-39821301,S2-398456093,S2-412033502,S2-422600541,S2-459656288,S2-459767841,S2-483326033,S2-502295672,S2-503378605,S2-505029475,S2-50544513,S2-561720285,S2-564433190,S2-567327667,S2-571151973
S1-906281937	S2-51134911,S2-539530415,S2-101313426,S2-102838962,S2-104464839,S2-10465607,S2-105423216,S2-105594990,S2-105768147,S2-10578216,S2-106908241,S2-108231938,S2-109340169,S2-110360169,S2-110550221,S2-111461865,S2-112834662,S2-113704778,S2-113907407,S2-114111700,S2-114409155,S2-118215506,S2-119584880,S2-120614992,S2-12066237,S2-121196170,S2-121292343,S2-121359254,S2-122842467,S2-123633221,S2-127104276,S2-128786990,S2-130887373,S2-133292215,S2-13394175,S2-134078505,S2-134301319,S2-134392248,S2-136019650,S2-136235099
S1-862715502	S2-34865373,S2-848924792,S2-580026440,S2-195940449,S2-274227325,S2-48935959,S2-53980733,S2-816819649,S2-846975420,S2-106372869,S2-108212287,S2-109530796,S2-125036006,S2-1252732,S2-134950497,S2-135210500,S2-13574353,S2-156967808,S2-157314783,S2-159052178,S2-168275464,S2-168519202,S2-176385688,S2-177141734,S2-177672595,S2-180244772,S2-182287178,S2-185125340,S2-191045664,S2-195219793,S2-197615738,S2-199107589,S2-200011965,S2-203806837,S2-204450133,S2-205707353,S2-208741096,S2-208815786,S2-209410163,S2-217888796
S1-500072209	S2-103636129,S2-119421000,S2-157695826,S2-161956716,S2-210712486,S2-220596390,S2-238646336,S2-257923513,S2-26126776,S2-264187723,S2-27041274,S2-3072135,S2-316212117,S2-322926562,S2-348173686,S2-371867210,S2-446798463,S2-456333971,S2-47720371,S2-497225212,S2-569007716,S2-60963378,S2-645008402,S2-679375932,S2-681932720,S2-689834927,S2-698458738,S2-703536654,S2-703594998,S2-727006455,S2-775649499,S2-787582683,S2-804872908,S2-828034699,S2-862633191,S2-877875891,S2-911546090,S2-940469449,S2-973292523,S2-97437306
S1-986280179	S2-303327441,S2-322664301,S2-831597713,S2-1032635,S2-103961382,S2-148373235,S2-162435863,S2-318105691,S2-383337687,S2-392587641,S2-434327146,S2-47799063,S2-493606306,S2-510385054,S2-517995133,S2-526719108,S2-532092328,S2-552335474,S2-649782590,S2-652487467,S2-698947683,S2-709576782,S2-723928973,S2-772319796,S2-848687795,S2-854951998,S2-892135960,S2-922713109,S2-925725028,S2-939142894,S2-983824538,S2-528810805,S2-850794270,S2-89906125,S2-622597050,S2-10978218,S2-163653728,S2-198499522,S2-236735351,S2-337295888
S1-93053516	S2-240658357,S2-256900071,S2-622205729,S2-159176232,S2-664243955,S2-813656617,S2-110358771,S2-111216682,S2-11558889,S2-119606819,S2-12066237,S2-121109521,S2-125134325,S2-132712335,S2-137658355,S2-145521404,S2-149909781,S2-151698256,S2-158989871,S2-163227237,S2-163491413,S2-166312284,S2-16977683,S2-173496176,S2-184380459,S2-187498810,S2-197015982,S2-199406877,S2-199669656,S2-200764481,S2-210774584,S2-211389639,S2-218242383,S2-218771556,S2-221796576,S2-229715952,S2-239404227,S2-242484551,S2-24698033,S2-264496302
S1-621858889	S2-105768147,S2-108015761,S2-171593739,S2-195211279,S2-292606854,S2-33337398,S2-370818838,S2-371711787,S2-385090662,S2-480871187,S2-54735763,S2-554377846,S2-554398664,S2-582055824,S2-592124942,S2-59913111,S2-602695064,S2-629149374,S2-640105360,S2-670261017,S2-70930903,S2-75560900,S2-757807953,S2-813476632,S2-821686916,S2-844175790,S2-856670588,S2-872958158,S2-880116338,S2-888036197,S2-89034737,S2-894434839,S2-927108224,S2-959962240,S2-978750809,S2-98073969,S2-981988715,S2-985114164,S2-158052271,S2-180136712
S1-89723082	S2-580554862,S2-195075875,S2-232772404,S2-242544151,S2-271205523,S2-285482274,S2-301455259,S2-303476286,S2-314218223,S2-316773179,S2-337499206,S2-33906737,S2-370383834,S2-421897098,S2-433230546,S2-434392943,S2-436300891,S2-44162524,S2-454547723,S2-558215635,S2-569273395,S2-595346262,S2-597159535,S2-612552347,S2-622132740,S2-639820522,S2-649579964,S2-676382349,S2-701747492,S2-736324328,S2-822978972,S2-852026022,S2-853799526,S2-857650841,S2-909796844,S2-954999800,S2-98254170,S2-983560097,S2-11659145,S2-161213241
S1-438409093	S2-117672295,S2-145136821,S2-163737169,S2-181403261,S2-181562892,S2-203570435,S2-278045426,S2-285349475,S2-298073453,S2-315957452,S2-337167666,S2-594386142,S2-595783250,S2-601806311,S2-609178823,S2-762525455,S2-770422756,S2-974126678,S2-985612206,S2-243026715,S2-604464805,S2-98789881,S2-144916279,S2-246140180,S2-311029321,S2-317539573,S2-507569300,S2-637241996,S2-643861583,S2-703336809,S2-73148033,S2-744668824,S2-775990620,S2-780835308,S2-789935686,S2-791608566,S2-906710898,S2-966215119,S2-159857707,S2-204621140
S1-888312490	S2-24518942,S2-503045539,S2-576449164,S2-707828248,S2-878768582,S2-159106309,S2-378394812,S2-475277433,S2-60745224,S2-664584468,S2-752363850,S2-980781071
S1-986863583	S2-341576957,S2-430613674,S2-483780949,S2-59552265,S2-717400290,S2-86007144,S2-976741970,S2-155371162,S2-170400388,S2-280640258,S2-33267509,S2-347294253,S2-378394812,S2-391718145,S2-571691434,S2-598658234,S2-599426743,S2-657051107,S2-661455380,S2-722247491,S2-787643546,S2-79226941,S2-804393737,S2-823723251,S2-929202907,S2-977030657,S2-271166031,S2-122123791,S2-153608433,S2-164631002,S2-310811469,S2-369945787,S2-390743347,S2-412418123,S2-434768886,S2-539754273,S2-574889905,S2-60745224,S2-670269332,S2-751334279
S1-928564604	S2-386534018,S2-102040411,S2-103750348,S2-118228907,S2-118339592,S2-122773968,S2-132022202,S2-136378745,S2-147279394,S2-14959066,S2-199260738,S2-202394836,S2-222205849,S2-236490265,S2-27679228,S2-279445642,S2-284511717,S2-286184277,S2-290688425,S2-294536872,S2-295884984,S2-299719857,S2-306775002,S2-338227083,S2-357379424,S2-369652523,S2-377795523,S2-395757743,S2-410385649,S2-418907220,S2-421975132,S2-467121938,S2-470497584,S2-477618882,S2-487803690,S2-494946306,S2-524647886,S2-537463633,S2-557541533,S2-58285154
S1-325616466	S2-102596253,S2-129061494,S2-209019917,S2-297548070,S2-359752930,S2-384702934,S2-398969078,S2-445128275,S2-458123858,S2-570055158,S2-619635875,S2-639059357,S2-665400933,S2-667286753,S2-684927326,S2-724760820,S2-734964954,S2-740423142,S2-752556753,S2-763175228,S2-992631178,S2-681050319,S2-109034922,S2-119428002,S2-168075289,S2-183967309,S2-208158932,S2-222413699,S2-242468905,S2-319196731,S2-324128202,S2-360730261,S2-373354095,S2-406605077,S2-408287979,S2-460107134,S2-473249066,S2-493762375,S2-520677637,S2-537793946
S1-71846920	S2-903132026,S2-112239883,S2-132198938,S2-138744674,S2-273116504,S2-27727250,S2-281588010,S2-311749624,S2-353189689,S2-35786559,S2-372746500,S2-385546967,S2-387886896,S2-440139598,S2-468552285,S2-480737340,S2-482353871,S2-49107732,S2-50076925,S2-510514658,S2-51892097,S2-60645038,S2-626329432,S2-629341946,S2-637543154,S2-685362882,S2-690522931,S2-709650804,S2-71789809,S2-729326599,S2-739015476,S2-77247045,S2-796243625,S2-796380676,S2-873232185,S2-909593704,S2-926274974,S2-934025953,S2-939739824,S2-957155529
S1-116728901	S2-181915906,S2-192558011,S2-195940449,S2-199237801,S2-229927247,S2-305508408,S2-314412774,S2-386575117,S2-416568090,S2-426068896,S2-427191694,S2-427676086,S2-48980190,S2-490147771,S2-504057286,S2-514944350,S2-536983991,S2-612436325,S2-613289328,S2-664910395,S2-667880979,S2-732859610,S2-79031592,S2-808796137,S2-824655930,S2-831260251,S2-841302474,S2-856318585,S2-89956614,S2-907196971,S2-583138182,S2-921101552,S2-112755265,S2-180473100,S2-199086599,S2-204607858,S2-212009392,S2-219242350,S2-236012541,S2-246311305
S1-171653159	S2-114113860,S2-157723209,S2-310241017,S2-321909251,S2-40410688,S2-456818452,S2-472527104,S2-540656284,S2-612694600,S2-623517407,S2-825182537,S2-877479417,S2-91805441,S2-919864463,S2-31817231,S2-730334340,S2-825184243,S2-317645819,S2-87288325,S2-12780552,S2-130855524,S2-135770182,S2-138950190,S2-160192383,S2-169597264,S2-177205880,S2-19633413,S2-210181028,S2-231236399,S2-2499937,S2-250840257,S2-259854240,S2-264927097,S2-276070906,S2-284865264,S2-291735178,S2-322831392,S2-367059834,S2-383938935,S2-394456782
S1-380091161	S2-208265904,S2-387500444,S2-402952231,S2-527812446,S2-594064154,S2-603240769,S2-609529419,S2-629824692,S2-682357879,S2-719528805,S2-802407650,S2-843741773,S2-85159896,S2-856146743,S2-945117162,S2-320905301,S2-389407663,S2-439458470,S2-116639585,S2-128727609,S2-139719497,S2-145275705,S2-15148623,S2-157735411,S2-158902765,S2-1743104,S2-189007990,S2-196513047,S2-198515773,S2-200429808,S2-206629501,S2-217110302,S2-218598807,S2-220022698,S2-229539144,S2-241769236,S2-261694422,S2-265891218,S2-291655773,S2-297926319
S1-193379835	S2-114824814,S2-153269872,S2-159052178,S2-180244772,S2-182287178,S2-193442566,S2-198163085,S2-198672108,S2-199213478,S2-205392679,S2-20593252,S2-213177013,S2-220663043,S2-234593343,S2-250949938,S2-256459754,S2-257508542,S2-258085782,S2-273791403,S2-28303423,S2-285714275,S2-299415493,S2-303245217,S2-304667963,S2-306856642,S2-307398580,S2-30874231,S2-312406220,S2-332430964,S2-332498056,S2-33690730,S2-337172708,S2-341431209,S2-34205243,S2-347660873,S2-362154472,S2-388384717,S2-389452257,S2-39768398,S2-409279565
S1-210055577	S2-216312489,S2-609934618,S2-986728349,S2-388861649,S2-472735808,S2-569296998,S2-61799811,S2-653397982,S2-749573398,S2-788252980,S2-147564537,S2-167109962,S2-499198461,S2-776324843,S2-797454540,S2-102215032,S2-102773684,S2-109239798,S2-110813877,S2-110844020,S2-111185747,S2-112672947,S2-116518353,S2-128532524,S2-13856217,S2-140385523,S2-140544302,S2-14123063,S2-142314444,S2-156437500,S2-157935723,S2-163612231,S2-169298326,S2-185231364,S2-200895915,S2-203944670,S2-204540434,S2-209295461,S2-230420415,S2-234262247
S1-51112073	S2-118730390,S2-137030548,S2-138117262,S2-154397073,S2-155322370,S2-161592048,S2-179344254,S2-185148108,S2-233414831,S2-337705810,S2-353306250,S2-353940050,S2-368003367,S2-431596819,S2-440543825,S2-443510447,S2-452208391,S2-486810239,S2-519912199,S2-5390612,S2-565305569,S2-573319079,S2-584619937,S2-601199370,S2-639677389,S2-666612729,S2-701706778,S2-717702900,S2-733593008,S2-742235942,S2-761037233,S2-789711070,S2-790711753,S2-795077160,S2-825957189,S2-830797725,S2-847374839,S2-852713078,S2-93542945,S2-947593661
S1-352105774	S2-204724680,S2-641048180,S2-924356555,S2-524077452,S2-163510036,S2-19146148,S2-320879630,S2-336854356,S2-46083167,S2-496222873,S2-601269892,S2-605082755,S2-611382030,S2-628509139,S2-670742735,S2-808824187,S2-809157171,S2-844208461,S2-888767595,S2-902447208,S2-929014261,S2-998885968,S2-183522702,S2-213354246,S2-214267117,S2-219629011,S2-257368504,S2-267299703,S2-271321037,S2-30200636,S2-356135491,S2-357485533,S2-415413684,S2-425601986,S2-432277253,S2-443396304,S2-445331388,S2-447011909,S2-450340074,S2-451801906
S1-971115873	S2-120949661,S2-166606349,S2-208812856,S2-236125003,S2-245865680,S2-279192832,S2-283848602,S2-285456867,S2-311609470,S2-328308841,S2-396638996,S2-404190892,S2-430980578,S2-485500279,S2-510501346,S2-518657430,S2-551837031,S2-558654912,S2-568026492,S2-574281714,S2-647693632,S2-683175721,S2-69025194,S2-775168980,S2-796668186,S2-808694908,S2-826313543,S2-830000105,S2-838238998,S2-887525636,S2-907856457,S2-93717520,S2-937283255,S2-954237935,S2-236415779,S2-286201851,S2-43550719,S2-415413684,S2-387762959,S2-510293809
S1-350057104	S2-542402013,S2-427191694,S2-104896081,S2-106248676,S2-118550245,S2-122785362,S2-126644390,S2-134638434,S2-136918579,S2-139016318,S2-13918394,S2-141203706,S2-145275705,S2-149854075,S2-160681057,S2-16302762,S2-174298792,S2-18742582,S2-19498210,S2-200464422,S2-239385396,S2-253428263,S2-260889085,S2-262904419,S2-264350521,S2-276213535,S2-29736253,S2-305691850,S2-310799255,S2-328155781,S2-343500491,S2-350748608,S2-353951791,S2-35450420,S2-362313533,S2-365111685,S2-366696624,S2-388957167,S2-395536311,S2-407386487
S1-323747485	S2-418958758,S2-552828703,S2-528385753,S2-563616086,S2-907860704,S2-10157860,S2-107143243,S2-112327492,S2-112834662,S2-113689769,S2-126175750,S2-133129336,S2-135528912,S2-143698424,S2-143772861,S2-166470814,S2-169085511,S2-173632166,S2-177994544,S2-182246971,S2-185152513,S2-187048297,S2-193992071,S2-198498998,S2-216552439,S2-220541338,S2-220720253,S2-229886583,S2-231603712,S2-232490044,S2-239391031,S2-254788212,S2-258973712,S2-277181156,S2-29639567,S2-304106936,S2-310171285,S2-315589253,S2-321590109,S2-324690671
S1-617270932	S2-755305710,S2-105388736,S2-172206969,S2-303036192,S2-836846019,S2-845017447,S2-912156807,S2-103397384,S2-10465607,S2-108015761,S2-109472059,S2-110358771,S2-118729035,S2-122595459,S2-12718845,S2-128595050,S2-130549409,S2-1348717,S2-137981508,S2-139182951,S2-140493438,S2-14199165,S2-143918464,S2-144862115,S2-14631983,S2-149304301,S2-154063343,S2-15595800,S2-162817711,S2-164631002,S2-164805474,S2-17484102,S2-177244649,S2-179618783,S2-184258903,S2-185089731,S2-185270699,S2-187283779,S2-193903284,S2-196382917
S1-676648395	S2-142513026,S2-169134681,S2-28466100,S2-303245217,S2-374470578,S2-411675185,S2-418175589,S2-487517967,S2-492343047,S2-541408179,S2-591649583,S2-610175371,S2-826459322,S2-226993824,S2-512553178,S2-153543833,S2-260923976,S2-641856671,S2-797366491,S2-799289955,S2-951297943,S2-157391497,S2-223038034,S2-275859011,S2-293670539,S2-294894437,S2-388856696,S2-497134906,S2-582488939,S2-690830208,S2-703539531,S2-729547086,S2-756612910,S2-815424973,S2-961788450,S2-965302398,S2-976148781,S2-979023277,S2-994897267,S2-106295375
S1-46801320	S2-172639826,S2-206495455,S2-237386533,S2-313359818,S2-363654366,S2-387361650,S2-403213198,S2-406070785,S2-414785219,S2-448915596,S2-449455270,S2-512564017,S2-521313228,S2-551418540,S2-602587817,S2-63501895,S2-651190084,S2-735696530,S2-782534007,S2-788786407,S2-790965205,S2-81084363,S2-810987431,S2-82738358,S2-862841483,S2-863129268,S2-882812819,S2-913033756,S2-914169533,S2-944030245,S2-967318207,S2-970794406,S2-265752180,S2-504188280,S2-557830658,S2-237386317,S2-285802098,S2-31817231,S2-387323350,S2-45620068
S1-518860674	S2-100707778,S2-120730634,S2-1240796,S2-128840868,S2-141123004,S2-144770056,S2-146689671,S2-147426826,S2-152178692,S2-154093870,S2-155306351,S2-157223243,S2-157564986,S2-158989871,S2-16025153,S2-160637560,S2-169620416,S2-17300802,S2-173953360,S2-187498810,S2-188787369,S2-194597960,S2-19630842,S2-201826651,S2-202556875,S2-207614621,S2-210062866,S2-215681717,S2-219254439,S2-222042072,S2-246621020,S2-247759089,S2-252166881,S2-253170678,S2-270501614,S2-27111559,S2-280522383,S2-281482759,S2-283795540,S2-284439219
S1-892508757	S2-132808942,S2-204838925,S2-603106249,S2-369447643,S2-394276172,S2-526825432,S2-817641394,S2-85552910,S2-892949140,S2-915284751,S2-39097823,S2-438273048,S2-519140213,S2-55183736,S2-560024202,S2-582175414,S2-583001902,S2-620482053,S2-701087262,S2-722833565,S2-724344492,S2-772506022,S2-774513223,S2-8358326,S2-899604176,S2-175121522,S2-381601239,S2-119054309,S2-144066810,S2-159106309,S2-186998411,S2-238369526,S2-281482759,S2-362590281,S2-43889792,S2-465719161,S2-471441474,S2-480486929,S2-492055185,S2-516297148
S1-38072697	S2-777145933,S2-183430561,S2-222859868,S2-316849024,S2-454552602,S2-774320229,S2-987231071,S2-10978218,S2-1170578,S2-121842587,S2-13556947,S2-167083882,S2-170759291,S2-250365111,S2-304450263,S2-305828292,S2-314926049,S2-320102510,S2-32729616,S2-370354913,S2-3964983,S2-405762263,S2-408956870,S2-510440757,S2-519959445,S2-539876583,S2-54507770,S2-566192738,S2-57638018,S2-622045012,S2-622219107,S2-642972375,S2-655041694,S2-682837277,S2-712994058,S2-74525317,S2-776830262,S2-782371269,S2-792305555,S2-818555762
S1-627144525	S2-232772404,S2-285482274,S2-676382349,S2-195075875,S2-242544151,S2-271205523,S2-301455259,S2-303476286,S2-314218223,S2-316773179,S2-337499206,S2-33906737,S2-370383834,S2-421897098,S2-433230546,S2-434392943,S2-436300891,S2-44162524,S2-454547723,S2-558215635,S2-569273395,S2-580554862,S2-595346262,S2-597159535,S2-612552347,S2-622132740,S2-639820522,S2-649579964,S2-701747492,S2-736324328,S2-822978972,S2-852026022,S2-853799526,S2-857650841,S2-909796844,S2-954999800,S2-98254170,S2-983560097,S2-11659145,S2-161213241
S1-836764916	S2-247904240,S2-67722428,S2-998885968,S2-160850131,S2-178499618,S2-189723704,S2-26564516,S2-360585628,S2-608629229,S2-743425664,S2-900104998,S2-946349065,S2-107690513,S2-236415025,S2-323013397,S2-33244838,S2-519967157,S2-744053238,S2-798256488,S2-828155943,S2-852793021,S2-879030047,S2-104164963,S2-104273864,S2-105463326,S2-107283812,S2-156812288,S2-162284321,S2-17006710,S2-205807234,S2-23988136,S2-248796480,S2-316571302,S2-326143558,S2-332493978,S2-354696282,S2-368183185,S2-368811315,S2-410555462,S2-435862866
S1-231882629	S2-224682063,S2-838329651,S2-112672947,S2-113366716,S2-114664509,S2-121212035,S2-131659033,S2-134507143,S2-137255280,S2-140544302,S2-144395531,S2-188887388,S2-19456237,S2-19884353,S2-207387614,S2-208881467,S2-208984116,S2-21882802,S2-231155207,S2-238566883,S2-253237543,S2-253331117,S2-254422036,S2-261618486,S2-288270521,S2-305376778,S2-323858830,S2-325307325,S2-325866948,S2-327008381,S2-329112939,S2-342107989,S2-343192936,S2-350895380,S2-35283649,S2-35383247,S2-355519810,S2-37834343,S2-387404670,S2-389890209
S1-859252896	S2-91871546,S2-818874846,S2-152872765,S2-19689896,S2-218852291,S2-237375796,S2-24217073,S2-300777619,S2-304376560,S2-318338349,S2-439528984,S2-553049587,S2-571877846,S2-598002760,S2-60801055,S2-616288418,S2-641338186,S2-686605612,S2-691389535,S2-790553661,S2-801232303,S2-803489779,S2-8112246,S2-837129159,S2-861086320,S2-88445361,S2-908566664,S2-914644849,S2-979643124,S2-984231545,S2-236555087,S2-86546864,S2-959819929,S2-138068334,S2-219775662,S2-253392440,S2-327889768,S2-385274042,S2-410290055,S2-420061591
S1-524597476	S2-286540858,S2-475374214,S2-554313700,S2-611782282,S2-673191999,S2-81789993,S2-874261415,S2-879593658,S2-140006950,S2-445637459,S2-149157756,S2-824397153,S2-701130687,S2-943690147,S2-984929881,S2-102773684,S2-11392440,S2-133129336,S2-137861827,S2-155024567,S2-176926975,S2-186477879,S2-192258145,S2-205496240,S2-211828014,S2-220947877,S2-236755590,S2-259670830,S2-265530016,S2-271388316,S2-272299,S2-291157878,S2-298508990,S2-310878378,S2-313899922,S2-316522724,S2-329549036,S2-329975684,S2-331259992,S2-356438396
S1-677712937	S2-195219793,S2-243915375,S2-290530216,S2-445283159,S2-667295720,S2-679261720,S2-87145096,S2-885218742,S2-476751021,S2-803825075,S2-320905301,S2-621956653,S2-71161222,S2-771610087,S2-805808363,S2-849418701,S2-959056724,S2-822383608,S2-122449763,S2-173171433,S2-185614004,S2-203806837,S2-326876405,S2-340617159,S2-560702438,S2-642135948,S2-658686334,S2-674286686,S2-706213529,S2-727409714,S2-74052072,S2-747801987,S2-856941269,S2-875713213,S2-104896081,S2-135184290,S2-141203706,S2-143541538,S2-264350521,S2-266145544
S1-556204321	S2-328679242,S2-553768930,S2-670594947,S2-719946555,S2-10836953,S2-131795106,S2-132078905,S2-153944521,S2-167816710,S2-189485488,S2-203491557,S2-210704840,S2-218764611,S2-234917047,S2-259895637,S2-297891330,S2-305769260,S2-321789018,S2-324980630,S2-349301525,S2-386421515,S2-408089531,S2-476477108,S2-490590455,S2-500235007,S2-519903668,S2-524362280,S2-536898444,S2-541857465,S2-569424002,S2-575914097,S2-614821783,S2-627341192,S2-656960149,S2-698997162,S2-733480582,S2-73502247,S2-751248582,S2-751939440,S2-754957141
S1-262506206	S2-976322075,S2-989042396,S2-113069326,S2-316703436,S2-317079908,S2-376178597,S2-437114828,S2-466041228,S2-53056924,S2-705827573,S2-759118868,S2-794331531,S2-985145276,S2-153447517,S2-312744380,S2-626798330,S2-856662947,S2-989564844,S2-118094151,S2-243255960,S2-293652299,S2-320983511,S2-348362184,S2-352198717,S2-36945012,S2-371875095,S2-373401869,S2-427212932,S2-497944131,S2-537976044,S2-609803074,S2-635811887,S2-869179837,S2-885155137,S2-951668515,S2-954117899,S2-977493927,S2-992439424,S2-101935915,S2-10447408
S1-357079669	S2-102704852,S2-163773302,S2-291583227,S2-321398182,S2-349303228,S2-413010877,S2-428604792,S2-502866969,S2-551502726,S2-571948922,S2-645512708,S2-67439278,S2-717073129,S2-748576779,S2-812698439,S2-923506303,S2-950196766,S2-46203677,S2-709357535,S2-383885623,S2-460515872,S2-754211073,S2-326307057,S2-376689232,S2-504085848,S2-981517288,S2-139274716,S2-170176453,S2-223493773,S2-257223759,S2-28303423,S2-286915421,S2-307692005,S2-398744805,S2-411547279,S2-511214114,S2-518561014,S2-54589430,S2-554295400,S2-663042674
S1-896142542	S2-612573160,S2-105361628,S2-106852754,S2-17298657,S2-195343183,S2-227688778,S2-247055649,S2-445799217,S2-477911409,S2-535260713,S2-55878542,S2-63896462,S2-666830488,S2-700561399,S2-752790430,S2-779808134,S2-786390341,S2-792142780,S2-937173190,S2-136103129,S2-237998363,S2-431737694,S2-493763715,S2-62697433,S2-777430270,S2-788901142,S2-10371526,S2-207949575,S2-212239056,S2-219512084,S2-223741344,S2-323770048,S2-326534995,S2-375736675,S2-421460682,S2-467312056,S2-50577313,S2-562185065,S2-590604060,S2-648755299
S1-980395056	S2-146439932,S2-160191566,S2-218659743,S2-235596503,S2-253704160,S2-283699128,S2-286035633,S2-290270982,S2-358355440,S2-361985021,S2-370251675,S2-38148801,S2-510793888,S2-557365967,S2-612198537,S2-713227418,S2-72408016,S2-745248132,S2-751290376,S2-772525143,S2-788026831,S2-810231331,S2-941264213,S2-942847197,S2-971008651,S2-988441169,S2-378717380,S2-433132737,S2-906755174,S2-703536654,S2-103636129,S2-119421000,S2-131659033,S2-131845158,S2-157695826,S2-161956716,S2-163896098,S2-170119635,S2-173027391,S2-193465829
S1-364876430	S2-216552439,S2-113689769,S2-254788212,S2-822890943,S2-595250976,S2-415364320,S2-522497403,S2-855492299,S2-143010552,S2-211672107,S2-238438811,S2-252652332,S2-255713387,S2-274640549,S2-274762522,S2-294062437,S2-316024478,S2-362262700,S2-39020745,S2-410329713,S2-433856366,S2-451009287,S2-480709310,S2-49139217,S2-517566405,S2-520833347,S2-546281071,S2-552828703,S2-554316628,S2-597272422,S2-648373570,S2-651895285,S2-656020279,S2-660609664,S2-755716841,S2-828773122,S2-908317707,S2-926793633,S2-940074301,S2-976581237
S1-105870348	S2-748735382,S2-766463894,S2-133651279,S2-149889868,S2-122291051,S2-738186653,S2-103852320,S2-106817274,S2-125399465,S2-132197171,S2-136212723,S2-137769894,S2-155448849,S2-157613530,S2-160192383,S2-166325550,S2-174548948,S2-182185790,S2-182921717,S2-189991527,S2-193196105,S2-198672108,S2-199019587,S2-200135066,S2-201576069,S2-207706454,S2-211359524,S2-211439777,S2-225823147,S2-226618368,S2-26203030,S2-264350828,S2-28514463,S2-287300820,S2-293040560,S2-294691711,S2-300789834,S2-301180921,S2-307550061,S2-309113625
S1-299065838	S2-152167783,S2-226443541,S2-784592218,S2-143437925,S2-155473968,S2-274227325,S2-325946933,S2-331875313,S2-339405702,S2-360126897,S2-360146726,S2-375100765,S2-488066631,S2-516117577,S2-594361769,S2-59447312,S2-750812506,S2-759123740,S2-764648578,S2-764760426,S2-786583091,S2-799289955,S2-805961127,S2-807802342,S2-813449730,S2-859726068,S2-879875024,S2-980422,S2-105761953,S2-106383133,S2-110549915,S2-114657503,S2-119087459,S2-119907794,S2-123982944,S2-133651279,S2-133774508,S2-135210500,S2-136991143,S2-137935394
S1-380833681	S2-739603930,S2-114824814,S2-153269872,S2-179524589,S2-191752697,S2-207312409,S2-207868561,S2-225877806,S2-234593343,S2-256459754,S2-277826628,S2-28303423,S2-289452794,S2-299415493,S2-306856642,S2-332356681,S2-332498056,S2-337172708,S2-342561707,S2-369557657,S2-389452257,S2-39768398,S2-439458470,S2-475170125,S2-487199125,S2-509685032,S2-528494926,S2-563951582,S2-578546667,S2-593179143,S2-598421374,S2-59991184,S2-607530845,S2-614055634,S2-61512873,S2-631869569,S2-66962209,S2-670373562,S2-675474737,S2-675604924
S1-493124566	S2-417267728,S2-499198461,S2-987185320,S2-112171916,S2-131264573,S2-134791364,S2-137648271,S2-164618338,S2-171450667,S2-177948141,S2-179095524,S2-180861806,S2-206592404,S2-222859868,S2-226698507,S2-230242780,S2-235886198,S2-247310229,S2-250146903,S2-254010972,S2-264930191,S2-267299703,S2-267517924,S2-267714454,S2-27271072,S2-273364015,S2-290741782,S2-319910913,S2-33477746,S2-336422152,S2-363102585,S2-363634967,S2-36501442,S2-382500675,S2-392583492,S2-395046384,S2-403068460,S2-425397364,S2-42673671,S2-428308433
S1-536638885	S2-47337689,S2-561310368,S2-720611760,S2-823134762,S2-908777290,S2-65690847,S2-814881099,S2-185920568,S2-205376017,S2-31517803,S2-375357145,S2-789612018,S2-108886380,S2-121693888,S2-137062485,S2-137954799,S2-149182232,S2-175421902,S2-189594557,S2-228677320,S2-243791981,S2-25491059,S2-255719807,S2-258904656,S2-306248022,S2-349770729,S2-394499781,S2-395432285,S2-401293041,S2-408023823,S2-414692669,S2-457608846,S2-467135728,S2-471769625,S2-473081612,S2-487638185,S2-524647886,S2-529343869,S2-538372178,S2-545961686
S1-790887991	S2-132617858,S2-140355053,S2-2224824,S2-69697537,S2-105938262,S2-133556960,S2-134640727,S2-134710405,S2-183761344,S2-188552109,S2-206495455,S2-231042988,S2-272976595,S2-282892866,S2-294434771,S2-295090310,S2-308505251,S2-313478000,S2-314124183,S2-318827991,S2-326839544,S2-330518097,S2-335429163,S2-34598233,S2-366207537,S2-383974391,S2-404461191,S2-406070785,S2-410648686,S2-439739672,S2-462436387,S2-47207038,S2-487235017,S2-497581206,S2-507473101,S2-50991519,S2-53379911,S2-538976068,S2-545807419,S2-546030141
S1-167577766	S2-302072151,S2-624078133,S2-68812643,S2-866917864,S2-30720967,S2-120771780,S2-81271171,S2-818351097,S2-169258740,S2-182432675,S2-36732240,S2-61579750,S2-184376515,S2-219962142,S2-256065903,S2-303287924,S2-348147517,S2-513255133,S2-629497737,S2-638167884,S2-662191652,S2-741566402,S2-777364829,S2-848808895,S2-856650897,S2-872823424,S2-938312255,S2-999686,S2-103934090,S2-111908242,S2-111914306,S2-114712518,S2-114873065,S2-118729035,S2-123409799,S2-127777840,S2-133129336,S2-134876836,S2-135225672,S2-13636289
S1-700600281	S2-102403491,S2-196489082,S2-196984076,S2-200774530,S2-202276581,S2-253600369,S2-267018863,S2-282767622,S2-314039319,S2-317647861,S2-321091001,S2-331672026,S2-365063283,S2-372634189,S2-394640870,S2-414157712,S2-438894790,S2-439505668,S2-453455590,S2-453485181,S2-454082161,S2-462691582,S2-474886651,S2-496701813,S2-514100122,S2-515008896,S2-526301845,S2-526337456,S2-530100856,S2-534868598,S2-559274323,S2-561625161,S2-561809902,S2-603055703,S2-619676471,S2-645627128,S2-668918244,S2-669773765,S2-697088735,S2-70161323
S1-94486532	S2-440981928,S2-140917061,S2-168987401,S2-404282859,S2-900526828,S2-905878361,S2-10154331,S2-153452187,S2-165413693,S2-173306551,S2-220082939,S2-324771787,S2-336365604,S2-384246000,S2-410137278,S2-413165268,S2-424847590,S2-440452027,S2-474934237,S2-506217253,S2-519999105,S2-584380890,S2-704901158,S2-854080066,S2-879472043,S2-884264544,S2-918677238,S2-962511385,S2-128213418,S2-245618187,S2-268927595,S2-293831194,S2-315127060,S2-324129652,S2-372961141,S2-375222707,S2-514851545,S2-5290392,S2-539420714,S2-593539450
S1-69012797	S2-367641576,S2-154366928,S2-968134233,S2-101730549,S2-24217243,S2-580161444,S2-876053870,S2-100035425,S2-101177744,S2-101825927,S2-102668134,S2-103676806,S2-104603594,S2-104901542,S2-107172479,S2-107185125,S2-107435203,S2-109335306,S2-11190790,S2-112997685,S2-113064990,S2-113248270,S2-11392440,S2-114931558,S2-115152834,S2-115261077,S2-116042201,S2-11971993,S2-120303533,S2-121251263,S2-122918631,S2-126644866,S2-126681458,S2-127308250,S2-127922980,S2-128137532,S2-129134599,S2-129565558,S2-132230594,S2-132796698
S1-113951846	S2-118275942,S2-130427925,S2-15857499,S2-180376369,S2-185878279,S2-221704303,S2-229927247,S2-257308271,S2-274242736,S2-292940974,S2-300789834,S2-305071473,S2-318161943,S2-342101031,S2-345527592,S2-350094462,S2-369485231,S2-374273353,S2-378780545,S2-380210040,S2-424893955,S2-426660752,S2-435111683,S2-441336199,S2-443734166,S2-462511622,S2-463532424,S2-488406580,S2-501249786,S2-522124626,S2-542594536,S2-559489421,S2-568369259,S2-585850396,S2-60332086,S2-609888752,S2-616997096,S2-626546137,S2-637500424,S2-644467191
S1-329965372	S2-285381585,S2-296107223,S2-396970862,S2-458305569,S2-931653625,S2-10406267,S2-114111700,S2-118962579,S2-119597681,S2-121365773,S2-124169707,S2-125034015,S2-126404735,S2-126861995,S2-132259578,S2-13440422,S2-141510337,S2-144638525,S2-152186399,S2-154008376,S2-154876508,S2-158828409,S2-158829121,S2-178559516,S2-179836618,S2-180229297,S2-18320938,S2-188277246,S2-19297940,S2-197251777,S2-199293153,S2-200267070,S2-201277806,S2-203004257,S2-203870993,S2-210122015,S2-222989097,S2-225111611,S2-226320473,S2-230300940
S1-143265439	S2-388461555,S2-441214244,S2-891092645,S2-180151192,S2-313135383,S2-139704264,S2-178572410,S2-198044607,S2-206291469,S2-20764903,S2-281726052,S2-365456091,S2-383575009,S2-40604043,S2-428075143,S2-457491323,S2-524732780,S2-526149450,S2-532587912,S2-555724821,S2-659343004,S2-754383993,S2-823921382,S2-908777030,S2-933267645,S2-936000357,S2-999511296,S2-151633423,S2-166470814,S2-253690114,S2-40536417,S2-410555462,S2-413852461,S2-473150548,S2-480486929,S2-490814405,S2-60493309,S2-609537028,S2-709321678,S2-719763877
S1-895771779	S2-228980697,S2-346790350,S2-5411904,S2-650393084,S2-685992084,S2-901230514,S2-991502402,S2-995657440,S2-366901475,S2-628104554,S2-721670612,S2-135791682,S2-176055194,S2-243618862,S2-301984201,S2-327203402,S2-345085185,S2-422965781,S2-431490662,S2-562083919,S2-685277588,S2-706839063,S2-864913262,S2-871017791,S2-903834682,S2-909650050
S1-143671838	S2-103852320,S2-125399465,S2-189991527,S2-201576069,S2-207706454,S2-211359524,S2-232447876,S2-26203030,S2-264350828,S2-28514463,S2-287300820,S2-293040560,S2-294691711,S2-300789834,S2-307550061,S2-325974460,S2-327542049,S2-331386193,S2-348824176,S2-35262632,S2-357206661,S2-375545762,S2-382822437,S2-402384005,S2-406076404,S2-413759799,S2-429191525,S2-452442332,S2-484296294,S2-498082101,S2-503324206,S2-521513700,S2-522442919,S2-523364629,S2-530283935,S2-544586371,S2-559808795,S2-572382280,S2-583138182,S2-607991569
S1-958740646	S2-84734904,S2-847642452,S2-99260087,S2-420061591,S2-136382984,S2-136419735,S2-181345125,S2-186072832,S2-199348255,S2-310294232,S2-353666951,S2-406063706,S2-464495315,S2-468454228,S2-47940472,S2-50331098,S2-504242360,S2-519903945,S2-521972329,S2-579159988,S2-592579137,S2-601425204,S2-656712210,S2-665914441,S2-740446216,S2-759830570,S2-76927529,S2-776047312,S2-784439070,S2-791932252,S2-799978429,S2-871325588,S2-914886555,S2-977033809,S2-981916482,S2-757613830,S2-838286214,S2-138068334,S2-219775662,S2-253392440
S1-224164495	S2-220590804,S2-300499770,S2-30856868,S2-385153522,S2-408807242,S2-450571778,S2-549396237,S2-56720788,S2-624090422,S2-646793255,S2-748655909,S2-424753279,S2-899712688,S2-357546378,S2-445076674,S2-150942644,S2-251173613,S2-449617627,S2-844267085,S2-401307436,S2-630829551,S2-965633813,S2-146498176,S2-196422622,S2-245126142,S2-246773804,S2-286053950,S2-378780545,S2-390239892,S2-430057506,S2-469205402,S2-470497584,S2-517338772,S2-626484732,S2-817678526,S2-914337479,S2-962138377,S2-968334902,S2-977136216,S2-101192551
S1-309349399	S2-29481789,S2-156726965,S2-601830828,S2-70145504,S2-767293282,S2-824775589,S2-289498739,S2-701130687,S2-100706365,S2-106184894,S2-111671984,S2-113656688,S2-11673139,S2-132259578,S2-151514283,S2-16075678,S2-180408468,S2-186260747,S2-189093402,S2-190037032,S2-190315479,S2-206639583,S2-209660350,S2-220549298,S2-254422036,S2-267572660,S2-268638596,S2-291350196,S2-297487585,S2-32675678,S2-331692143,S2-33720886,S2-343664206,S2-356220463,S2-358334842,S2-359710026,S2-379054592,S2-390464052,S2-402495223,S2-408928292
S1-941287961	S2-516280546,S2-782558469,S2-833290819,S2-137402189,S2-166336001,S2-607826334,S2-690038102,S2-960814077,S2-98413241,S2-100798928,S2-101819164,S2-112975142,S2-122833780,S2-13306888,S2-133523016,S2-145958782,S2-149682443,S2-159465386,S2-161174102,S2-164073191,S2-16423658,S2-175559786,S2-177672595,S2-18496240,S2-187499079,S2-187631804,S2-190391934,S2-195343183,S2-199115367,S2-200011965,S2-200688590,S2-205707353,S2-21532254,S2-221471302,S2-222540081,S2-22534444,S2-23028681,S2-230457131,S2-234275905,S2-236893261
S1-992538093	S2-123938326,S2-191839285,S2-191893737,S2-219888857,S2-262922617,S2-275578658,S2-278501566,S2-30470193,S2-31565181,S2-333989418,S2-386066551,S2-402548315,S2-404916166,S2-473733145,S2-476760864,S2-47785410,S2-520879072,S2-630112569,S2-659496238,S2-67089845,S2-683588684,S2-761875150,S2-825012256,S2-882156421,S2-88404845,S2-888979586,S2-911154739,S2-997429450,S2-127037984,S2-147485049,S2-30193154,S2-311879305,S2-339680178,S2-588828600,S2-622709972,S2-279620556,S2-341758664,S2-382409411,S2-684873043,S2-80942167
S1-152287749	S2-381947930,S2-619313461,S2-867204681,S2-246773804,S2-303889402,S2-487593998,S2-491158352,S2-66503014,S2-823564452,S2-105720426,S2-128809239,S2-165622038,S2-224608066,S2-232323896,S2-234881217,S2-248328837,S2-288424236,S2-29906625,S2-304180445,S2-356192934,S2-36221846,S2-413267401,S2-438185832,S2-468294115,S2-484254734,S2-513524525,S2-54299797,S2-556661926,S2-567504953,S2-590327586,S2-62697433,S2-655804813,S2-660428346,S2-671535601,S2-727462685,S2-747470539,S2-759470626,S2-782903465,S2-841394108,S2-892942170
S1-898279595	S2-112370727,S2-190167199,S2-375416301,S2-396336211,S2-431498941,S2-474118498,S2-503671769,S2-790425886,S2-816205839,S2-864981476,S2-880421504,S2-883621501,S2-889918406,S2-921472751,S2-260726129,S2-322272213,S2-347954414,S2-641596648,S2-765966940,S2-806888903,S2-416714901,S2-161174102,S2-219242350,S2-222822607,S2-295564788,S2-301338150,S2-513524525,S2-57490681,S2-619470822,S2-644865109,S2-710297560,S2-710505709,S2-756452886,S2-788876489,S2-831239310,S2-87906164,S2-909333015,S2-998440718,S2-100331681,S2-10068244
S1-838509817	S2-167717233,S2-400343253,S2-165484148,S2-264597063,S2-298762225,S2-381127815,S2-583264950,S2-735254538,S2-782970966,S2-892458075,S2-133991201,S2-295799812,S2-103505940,S2-14068945,S2-175865714,S2-222689397,S2-241468824,S2-248263159,S2-277557813,S2-279937166,S2-390040337,S2-432522197,S2-450924279,S2-527577982,S2-534274444,S2-581821672,S2-611101843,S2-670045719,S2-67294215,S2-685306612,S2-686064436,S2-798834165,S2-801353329,S2-823575427,S2-850568549,S2-881228620,S2-955174019,S2-100606700,S2-101037091,S2-101383646
S1-44090099	S2-33281159,S2-428778110,S2-689344470,S2-207393657,S2-261156360,S2-309961801,S2-338625303,S2-369125410,S2-414418413,S2-574196519,S2-575122390,S2-610009187,S2-613717012,S2-692004669,S2-858627959,S2-859283516,S2-973668409,S2-101851848,S2-102835643,S2-104103491,S2-105041837,S2-108630610,S2-109949830,S2-110358771,S2-114233191,S2-11680136,S2-118730390,S2-118764423,S2-12009787,S2-120889040,S2-120949661,S2-121289279,S2-122123791,S2-12558351,S2-125656026,S2-126472901,S2-126644866,S2-12879446,S2-129356588,S2-13097904
S1-109581032	S2-544803775,S2-681022312,S2-899404205,S2-519056546,S2-118393214,S2-107838326,S2-11509313,S2-118329705,S2-135110292,S2-13978335,S2-140880262,S2-143181162,S2-149105881,S2-15675812,S2-159176232,S2-174240991,S2-17571256,S2-183967309,S2-196668934,S2-20801745,S2-222899205,S2-246069903,S2-251687456,S2-253358415,S2-254668576,S2-270518407,S2-276218375,S2-276266669,S2-311198605,S2-313899922,S2-329549036,S2-331986058,S2-349365849,S2-361518781,S2-362306867,S2-368200009,S2-369282473,S2-372005913,S2-385649054,S2-386649727
S1-51122580	S2-79942342,S2-107810306,S2-248868933,S2-702972416,S2-76403904,S2-889255526,S2-100798928,S2-106174634,S2-110154642,S2-110649728,S2-111528223,S2-111556898,S2-113931183,S2-114957535,S2-116505106,S2-116537238,S2-116895353,S2-118516014,S2-119518113,S2-120215656,S2-121378391,S2-122481112,S2-124522842,S2-125991329,S2-126400508,S2-128809239,S2-132543275,S2-134640727,S2-134831831,S2-142029376,S2-143414354,S2-146201376,S2-146359706,S2-14828490,S2-150662180,S2-156092186,S2-165914840,S2-167076845,S2-168519202,S2-17408236
S1-244210172	S2-154268491,S2-193184988,S2-281803835,S2-402121022,S2-422101281,S2-516280546,S2-532389987,S2-545592992,S2-585316294,S2-586167780,S2-658815137,S2-705702961,S2-708389947,S2-74210598,S2-802651416,S2-811459411,S2-894819779,S2-916774674,S2-921258246,S2-993846541,S2-996607332,S2-102140882,S2-10776474,S2-109858819,S2-115951285,S2-131956008,S2-140740414,S2-148683077,S2-165830587,S2-171172645,S2-173684584,S2-178068108,S2-192779989,S2-200011965,S2-201659527,S2-203563675,S2-208815786,S2-253299810,S2-260121473,S2-272079679
S1-74338892	S2-109899510,S2-118711492,S2-224980295,S2-284501015,S2-346922998,S2-352457766,S2-458658981,S2-472694676,S2-475982006,S2-481254808,S2-597540516,S2-613586487,S2-776623624,S2-778485100,S2-921433400,S2-940589254,S2-993820972,S2-169416923,S2-183393419,S2-188496341,S2-207641198,S2-340851297,S2-348180150,S2-354233452,S2-391886434,S2-409657574,S2-46552888,S2-467505244,S2-547512506,S2-548296657,S2-55607785,S2-602160357,S2-603841351,S2-656748868,S2-676321006,S2-683449571,S2-731682240,S2-815312566,S2-873790751,S2-951499790
S1-919267939	S2-513774829,S2-162793102,S2-193244683,S2-213822060,S2-271696808,S2-277442081,S2-278662238,S2-317952646,S2-332873837,S2-339678785,S2-353767542,S2-409926137,S2-418910403,S2-423973304,S2-462816155,S2-485163917,S2-515012790,S2-52344531,S2-538001035,S2-612641784,S2-636839041,S2-641379738,S2-654375611,S2-654833223,S2-74052072,S2-775181940,S2-78974999,S2-792029374,S2-796125314,S2-807617466,S2-826133631,S2-833336326,S2-853390204,S2-857250441,S2-906898057,S2-968177648,S2-968795966,S2-973236481
S1-304071988	S2-698355859,S2-529572198,S2-230657819,S2-286270410,S2-358041178,S2-623758944,S2-692842362,S2-726022879,S2-77153417,S2-850550701,S2-916859477,S2-102838962,S2-11196630,S2-12290164,S2-128137532,S2-131872909,S2-152996985,S2-193995593,S2-198033071,S2-198522721,S2-199985060,S2-216558824,S2-220392750,S2-239703595,S2-244406713,S2-255704949,S2-263529378,S2-285655872,S2-292552164,S2-297719344,S2-343435542,S2-352910264,S2-403646565,S2-411849925,S2-444723601,S2-449232006,S2-466147229,S2-474535244,S2-476294495,S2-476901149
S1-975229569	S2-102215032,S2-109239798,S2-110813877,S2-128532524,S2-140385523,S2-157935723,S2-163612231,S2-169298326,S2-264940990,S2-267429693,S2-309092050,S2-324348748,S2-330656969,S2-38453631,S2-427731617,S2-457049940,S2-469944775,S2-505386824,S2-533088329,S2-575646982,S2-614810613,S2-646720926,S2-676624824,S2-680323770,S2-727779637,S2-73085681,S2-820320849,S2-834077920,S2-879294820,S2-904488870,S2-906119201,S2-958407281,S2-965910760,S2-965982171,S2-983439720,S2-156437500,S2-345921177,S2-4020443,S2-496850215,S2-514653047
S1-175963448	S2-185231364,S2-118094151,S2-127284579,S2-13856217,S2-152382583,S2-162666356,S2-162817711,S2-186234986,S2-41383201,S2-431758951,S2-446750650,S2-466967679,S2-471139802,S2-48866343,S2-49964364,S2-518269914,S2-550758564,S2-588544647,S2-637317501,S2-65268992,S2-6758516,S2-67759549,S2-695324400,S2-718685149,S2-852296296,S2-902662883,S2-903026864,S2-914257310,S2-101177744,S2-101617662,S2-102170262,S2-103372442,S2-105769043,S2-107035834,S2-107838326,S2-108616532,S2-109161598,S2-109807565,S2-111185747,S2-114121811
S1-648030801	S2-237699647,S2-620095453,S2-922697182,S2-109158013,S2-148219973,S2-249418882,S2-388074361,S2-424602201,S2-59597810,S2-689076507,S2-833081464,S2-898655684,S2-917094295,S2-97308338,S2-100251681,S2-102396184,S2-103041397,S2-104019702,S2-106261579,S2-106596659,S2-111784650,S2-113734215,S2-115467558,S2-117064852,S2-119502414,S2-119843211,S2-131913984,S2-13478829,S2-135102887,S2-142305657,S2-14241037,S2-145060112,S2-148918307,S2-149271521,S2-149356677,S2-1505887,S2-151582230,S2-153348859,S2-161624812,S2-163384346
S1-182297791	S2-626546137,S2-135712954,S2-146417701,S2-159994333,S2-162277750,S2-185735427,S2-230569230,S2-237243311,S2-246534162,S2-283097035,S2-314925002,S2-315005820,S2-329256726,S2-331920032,S2-371724116,S2-383218892,S2-411000054,S2-412874024,S2-471156571,S2-487803690,S2-488313976,S2-571721474,S2-635911598,S2-715079993,S2-738479881,S2-740956922,S2-761127938,S2-776425226,S2-781044699,S2-785661690,S2-790619030,S2-816920190,S2-831625227,S2-841227826,S2-871870024,S2-924541909,S2-963378378,S2-979515993,S2-985419260,S3-20727238
S1-680231884	S2-105501087,S2-229461725,S2-307398580,S2-328590926,S2-401254991,S2-534494849,S2-597453824,S2-719476589,S2-977850626,S2-127778636,S2-145410569,S2-268968548,S2-30568957,S2-314691859,S2-33569019,S2-34449822,S2-346922998,S2-360308013,S2-406070785,S2-423249503,S2-460653265,S2-469205402,S2-478457975,S2-492787349,S2-527456769,S2-529387663,S2-535545077,S2-609650250,S2-649406556,S2-678063895,S2-703927490,S2-706928986,S2-726681224,S2-735910191,S2-746237034,S2-760461881,S2-804591095,S2-806888903,S2-826274779,S2-869425123
S1-451255492	S2-100706365,S2-113656688,S2-151514283,S2-16075678,S2-180408468,S2-186260747,S2-189093402,S2-190037032,S2-209660350,S2-267572660,S2-268638596,S2-297487585,S2-33720886,S2-343664206,S2-358334842,S2-359710026,S2-379054592,S2-402495223,S2-408928292,S2-417629629,S2-42497330,S2-450597163,S2-451206301,S2-45508951,S2-52514951,S2-539623514,S2-544796941,S2-548035382,S2-555725963,S2-569099647,S2-585560719,S2-600854240,S2-609915151,S2-637184698,S2-648311535,S2-651186426,S2-672639049,S2-71235843,S2-712443374,S2-730306803
S1-479915851	S2-138967824,S2-388170154,S2-670752375,S2-715856963,S2-110855273,S2-126873216,S2-134430685,S2-140879600,S2-142305657,S2-145060112,S2-14589566,S2-161624812,S2-168302230,S2-17162579,S2-172597897,S2-187760869,S2-203944670,S2-220286148,S2-225227362,S2-255930762,S2-258436929,S2-297699519,S2-319866868,S2-321590098,S2-328638969,S2-337652920,S2-362875802,S2-397144890,S2-410049879,S2-410115402,S2-413822422,S2-418082017,S2-423707830,S2-429222675,S2-442025933,S2-445816199,S2-455660268,S2-465428947,S2-490994155,S2-504663207
S1-418655393	S2-237926534,S2-290977286,S2-391749247,S2-402594304,S2-420647991,S2-458724991,S2-675066136,S2-746620792,S2-776879773,S2-996679134,S2-532780785,S2-628586249,S2-337516700,S2-102396184,S2-104019702,S2-119843211,S2-13478829,S2-14241037,S2-149271521,S2-1505887,S2-151582230,S2-177353350,S2-193307781,S2-200814831,S2-203503037,S2-203511816,S2-230358190,S2-230840511,S2-233502407,S2-241538826,S2-242055718,S2-252583656,S2-264997775,S2-271321037,S2-276476724,S2-277184030,S2-283878571,S2-286138822,S2-288071884,S2-299203503
S1-942110962	S2-343664206,S2-100706365,S2-113656688,S2-151514283,S2-16075678,S2-180408468,S2-186260747,S2-189093402,S2-190037032,S2-209660350,S2-267572660,S2-268638596,S2-297487585,S2-33720886,S2-358334842,S2-359710026,S2-379054592,S2-402495223,S2-408928292,S2-417629629,S2-42497330,S2-450597163,S2-451206301,S2-45508951,S2-52514951,S2-539623514,S2-544796941,S2-548035382,S2-555725963,S2-569099647,S2-585560719,S2-600854240,S2-609915151,S2-637184698,S2-648311535,S2-651186426,S2-672639049,S2-71235843,S2-712443374,S2-730306803
S1-440550738	S2-293269841,S2-510231579,S2-531670088,S2-777086128,S2-982969599,S2-130639814,S2-146582760,S2-164977182,S2-218626843,S2-259204687,S2-378221342,S2-426477607,S2-458658981,S2-570955183,S2-595795733,S2-68363129,S2-896772282,S2-969121932
S1-420536902	S2-128203835,S2-132636692,S2-132866128,S2-149284548,S2-155455751,S2-158571758,S2-171738557,S2-198372143,S2-234015149,S2-239390744,S2-240745384,S2-258702122,S2-260121473,S2-261955538,S2-274035680,S2-280263727,S2-288770292,S2-293723058,S2-297926319,S2-298194492,S2-300422214,S2-301120078,S2-319744931,S2-331117949,S2-331920032,S2-347588318,S2-376791375,S2-398912153,S2-413720367,S2-416714901,S2-417775419,S2-418402593,S2-42320993,S2-450838763,S2-46363636,S2-466772620,S2-468242606,S2-471977441,S2-472400754,S2-476515099
S1-486510827	S2-937634725,S2-139274716,S2-170176453,S2-223493773,S2-28303423,S2-286915421,S2-307692005,S2-398744805,S2-411547279,S2-518561014,S2-54589430,S2-554295400,S2-663042674,S2-663404866,S2-799669540,S2-812083505,S2-866759577,S2-887643919,S2-938099947,S2-987592369,S2-46203677,S2-745340321,S2-319001690,S2-428604792,S2-511214114,S2-102704852,S2-163773302,S2-291583227,S2-321398182,S2-349303228,S2-376689232,S2-383885623,S2-413010877,S2-439084279,S2-502866969,S2-551502726,S2-571948922,S2-645512708,S2-67439278,S2-690838377
S1-78789684	S2-100707778,S2-152178692,S2-157223243,S2-194597960,S2-201826651,S2-252166881,S2-27111559,S2-280522383,S2-324130988,S2-324803431,S2-36123567,S2-383732371,S2-396926611,S2-442353206,S2-447491469,S2-488946413,S2-511344319,S2-518268989,S2-551295330,S2-551679176,S2-55982292,S2-614537668,S2-650336671,S2-674427212,S2-702118060,S2-716673557,S2-771811559,S2-777015027,S2-802488403,S2-821619345,S2-845614914,S2-852709574,S2-902700144,S2-958038056,S2-995601480,S2-141123004,S2-147426826,S2-157564986,S2-160637560,S2-169620416
S1-583547492	S2-358006308,S2-102677,S2-104885704,S2-107788076,S2-116996696,S2-118730390,S2-137030548,S2-138117262,S2-142547712,S2-146057071,S2-152110557,S2-154397073,S2-155322370,S2-161592048,S2-172617808,S2-179344254,S2-185148108,S2-187283779,S2-190155015,S2-199354951,S2-216282787,S2-227542097,S2-22772506,S2-233414831,S2-235369418,S2-253196124,S2-25393327,S2-277362399,S2-287768232,S2-296670248,S2-300116362,S2-308291302,S2-314513636,S2-325615566,S2-337705810,S2-344347707,S2-353306250,S2-353940050,S2-364448022,S2-368003367
S1-558129390	S2-525900411,S2-62552776,S2-75071547,S2-830394308,S2-842724020,S2-287796246,S2-272902061,S2-430308884,S2-676967505,S2-754987155,S2-906609960,S2-248970646,S2-387404670,S2-929743519,S2-236755590,S2-745433972,S2-764262219,S2-869133935,S2-928837147,S2-111185747,S2-118094151,S2-127284579,S2-13856217,S2-141106063,S2-183522702,S2-183663839,S2-185231364,S2-199384569,S2-214390505,S2-234262247,S2-244065849,S2-253331117,S2-261061632,S2-335437461,S2-340914541,S2-38259941,S2-386492007,S2-516297148,S2-533018744,S2-535378015
S1-476195607	S2-803169516,S2-182654436,S2-189305879,S2-260923976,S2-336358047,S2-368322057,S2-371641791,S2-405699523,S2-417437360,S2-426375044,S2-48148241,S2-550635270,S2-56453857,S2-601516858,S2-66472272,S2-711899051,S2-76008588,S2-762809654,S2-77198147,S2-774349773,S2-783571408,S2-796551785,S2-825274870,S2-831233375,S2-834353592,S2-850586747,S2-861983050,S2-890073534,S2-892886608,S2-909068518,S2-94228576,S2-952484765,S2-962180990,S2-100855203,S2-106809448,S2-108868655,S2-109865432,S2-112975142,S2-113038806,S2-114971370
S1-447240062	S2-426632654,S2-55183736,S2-61966,S2-772220103,S2-783741190,S2-912707500,S2-941790297,S2-100706365,S2-113656688,S2-137741720,S2-139342863,S2-151514283,S2-16075678,S2-171445573,S2-180408468,S2-186260747,S2-189093402,S2-190037032,S2-195715181,S2-20761583,S2-209660350,S2-246869552,S2-267572660,S2-268638596,S2-279159049,S2-291808021,S2-292552164,S2-294884494,S2-297487585,S2-327203402,S2-33720886,S2-343664206,S2-354438049,S2-357026407,S2-358334842,S2-359710026,S2-379054592,S2-37926357,S2-385506432,S2-402495223
S1-204848731	S2-897248525,S2-384142265,S2-412058850,S2-86849330,S2-121056762,S2-121365773,S2-126596186,S2-13090762,S2-133367669,S2-145384447,S2-154335718,S2-157245246,S2-162284321,S2-210872208,S2-214591597,S2-224520354,S2-226441548,S2-227887567,S2-229933,S2-231537739,S2-237236933,S2-238688281,S2-239866768,S2-251694915,S2-263062006,S2-264870071,S2-269867174,S2-281788940,S2-281801530,S2-289862093,S2-290089954,S2-314658894,S2-314962689,S2-321590098,S2-321590109,S2-326452445,S2-337602484,S2-346171796,S2-350683874,S2-354081242
S1-227187617	S2-101591517,S2-103694263,S2-106871300,S2-109447170,S2-114428657,S2-115698842,S2-115951285,S2-116915215,S2-120382648,S2-128203835,S2-128997508,S2-131201732,S2-132636692,S2-132866128,S2-133763910,S2-135117602,S2-136069705,S2-13822010,S2-141953528,S2-142052433,S2-142432539,S2-144916279,S2-147194195,S2-148451308,S2-149201065,S2-149284548,S2-150021013,S2-150185003,S2-151322413,S2-152723880,S2-155289861,S2-155455751,S2-157723209,S2-158571758,S2-16007832,S2-160473373,S2-164761174,S2-165330754,S2-166464443,S2-167986169
S1-370595750	S2-214664820,S2-684055122,S2-715036311,S2-276942370,S2-315310656,S2-354827453,S2-56304039,S2-905223021,S2-17435107,S2-265862472,S2-653397982,S2-927062580,S2-987865398,S2-115115601,S2-124526830,S2-126900007,S2-127308250,S2-144273324,S2-147206006,S2-172585428,S2-188225777,S2-201898175,S2-22793625,S2-228200232,S2-230642928,S2-256900071,S2-268220398,S2-270256436,S2-307865609,S2-32080879,S2-323797704,S2-325595725,S2-328937106,S2-35561576,S2-367290621,S2-36772046,S2-370462940,S2-392583492,S2-405762263,S2-407250255
S1-376134253	S2-677805848,S2-958190796,S2-181154568,S2-198376390,S2-204334609,S2-227520813,S2-240905908,S2-407727977,S2-42509455,S2-466857833,S2-504870692,S2-58469860,S2-643117947,S2-802353681,S2-817935651,S2-828008324,S2-844950752,S2-91400703,S2-915359691,S2-945494616,S2-128595050,S2-129929493,S2-133664209,S2-144030565,S2-154074234,S2-168987401,S2-169849130,S2-172338894,S2-189015965,S2-19749906,S2-213967613,S2-251858541,S2-269792170,S2-274601568,S2-280748354,S2-317946778,S2-326247420,S2-380073101,S2-404282859,S2-40604043
S1-785847572	S2-164190611,S2-143518913,S2-195298369,S2-218466900,S2-343892468,S2-550723740,S2-611102741,S2-73618549,S2-775518682,S2-826381908,S2-887705965,S2-91908767,S2-161066650,S2-365904551,S2-807760986,S2-81595468,S2-853163442,S2-117953150,S2-121087780,S2-1291343,S2-132393206,S2-14367164,S2-256961283,S2-266352916,S2-299583176,S2-322859146,S2-331370910,S2-378820746,S2-419522364,S2-423073901,S2-46651966,S2-477211900,S2-493707167,S2-502221699,S2-525720524,S2-544645705,S2-602913689,S2-604256875,S2-621787878,S2-636413219
S1-694879293	S2-184901015,S2-242735870,S2-30143582,S2-329439395,S2-423099834,S2-461171822,S2-510688423,S2-52327500,S2-526794603,S2-538545365,S2-635730595,S2-764677118,S2-783741190,S2-787504818,S2-826461333,S2-954831941,S2-965080141,S2-983821062,S2-126794277,S2-15280146,S2-191174694,S2-545290400,S2-546534755,S2-611975514,S2-824783934,S2-845379409,S2-858423651,S2-42591616,S2-156286288,S2-261144736,S2-293976685,S2-336845092,S2-338288495,S2-350985725,S2-351859336,S2-356781591,S2-450048474,S2-590267621,S2-591694936,S2-610346984
S1-472770480	S2-104665206,S2-113903756,S2-208524001,S2-235513521,S2-257375164,S2-39418573,S2-473089428,S2-6201861,S2-657612909,S2-689077012,S2-761563119,S2-770529225,S2-856654739,S2-920539851,S2-98119646,S2-934704957,S2-577186665,S2-705574772,S2-773494439,S2-628509139,S2-319520219,S2-101454137,S2-133809905,S2-307153808,S2-337499206,S2-404018961,S2-464944510,S2-499520071,S2-601361516,S2-6039565,S2-711288488,S2-72014837,S2-734955658,S2-788776438,S2-834764614,S2-916100837,S2-936466126,S2-102699008,S2-104925049,S2-10985621
S1-165368525	S2-107439787,S2-1086160,S2-108761854,S2-144747945,S2-20162564,S2-211838062,S2-252088973,S2-259278756,S2-304761870,S2-349194877,S2-364602374,S2-419211629,S2-454088755,S2-454355317,S2-463166652,S2-499532975,S2-523612000,S2-528134843,S2-560617517,S2-588989978,S2-613849355,S2-617181686,S2-629780384,S2-715767895,S2-769440829,S2-775882984,S2-80562911,S2-807248967,S2-818920940,S2-870120630,S2-950625131,S2-959223286,S2-32601578,S2-507122583,S2-527125751,S2-61922780,S2-877948119,S2-40019073,S2-81310363,S2-622276587
S1-575923620	S2-169701381,S2-103096914,S2-11494376,S2-133028223,S2-136328599,S2-142230467,S2-148918307,S2-149345266,S2-156153865,S2-159701054,S2-163653728,S2-172338894,S2-172931305,S2-179104223,S2-185005990,S2-199502880,S2-20761583,S2-216744828,S2-220405948,S2-231775749,S2-234917047,S2-239413380,S2-253792975,S2-255930762,S2-256217561,S2-258547928,S2-27986137,S2-285274066,S2-288287673,S2-290665457,S2-295179249,S2-298508990,S2-30200636,S2-310050325,S2-313291466,S2-314988928,S2-321975134,S2-328163912,S2-335371,S2-337295888
S1-993662167	S2-125063288,S2-169181644,S2-7495917,S2-661226958,S2-103603271,S2-109121051,S2-114824814,S2-131956008,S2-13685817,S2-145860486,S2-177821719,S2-18442426,S2-223637416,S2-271505486,S2-303234792,S2-310538544,S2-31091931,S2-343381447,S2-427921346,S2-435438082,S2-435512062,S2-440734586,S2-462417369,S2-498476425,S2-65623277,S2-671757249,S2-709186915,S2-744018700,S2-748913064,S2-752441536,S2-795716762,S2-809855453,S2-834955077,S2-839069488,S2-84623473,S2-916655209,S2-930324705,S2-93531460,S2-943036351,S2-972413002
S1-615462936	S2-249517780,S2-380116381,S2-898156452,S2-49107732,S2-555927007,S2-776826875,S2-101254538,S2-101825927,S2-102252903,S2-102409556,S2-103505940,S2-104103491,S2-110425320,S2-113469017,S2-113801764,S2-114328615,S2-116629257,S2-11799591,S2-120182420,S2-123640222,S2-125403632,S2-126996401,S2-134392248,S2-139610210,S2-143115589,S2-147123074,S2-150219403,S2-151322740,S2-155489436,S2-161047745,S2-162494835,S2-165768476,S2-167580872,S2-169784465,S2-170119635,S2-174122356,S2-17670680,S2-179118728,S2-181346965,S2-184309677
S1-37245133	S2-107988880,S2-337546861,S2-625911637,S2-835202415,S2-928348681,S2-976148781,S2-217889346,S2-336659578,S2-353035944,S2-378486562,S2-799386002
S1-801212938	S2-102677,S2-103397384,S2-16964085,S2-170993862,S2-178243328,S2-178448400,S2-248578795,S2-2827703,S2-293691225,S2-293911511,S2-323329661,S2-391091068,S2-430702484,S2-452973108,S2-564174132,S2-574655879,S2-591966344,S2-596520145,S2-616556397,S2-624442724,S2-632788341,S2-633281412,S2-636018182,S2-654429344,S2-656255139,S2-667274253,S2-668239457,S2-697902620,S2-70935393,S2-722988187,S2-73156996,S2-740640057,S2-772018029,S2-783431341,S2-806523322,S2-85926088,S2-872949216,S2-879330978,S2-884952517,S2-891696401
S1-228678189	S2-102704852,S2-163773302,S2-291583227,S2-321398182,S2-349303228,S2-413010877,S2-428604792,S2-502866969,S2-551502726,S2-571948922,S2-645512708,S2-67439278,S2-717073129,S2-748576779,S2-812698439,S2-923506303,S2-950196766,S2-46203677,S2-709357535,S2-383885623,S2-460515872,S2-754211073,S2-326307057,S2-376689232,S2-504085848,S2-981517288,S2-139274716,S2-170176453,S2-223493773,S2-257223759,S2-28303423,S2-286915421,S2-307692005,S2-398744805,S2-411547279,S2-511214114,S2-518561014,S2-54589430,S2-554295400,S2-663042674
S1-203924219	S2-575739656,S2-327453740,S2-339853392,S2-414286289,S2-514861460,S2-526876910,S2-543695247,S2-596274604,S2-650546822,S2-663571205,S2-673446983,S2-823626647,S2-838397796,S2-867614780,S2-942792172,S2-973278721,S2-102202242,S2-10316620,S2-111456241,S2-112883751,S2-114664509,S2-119023376,S2-12290164,S2-125203770,S2-125350133,S2-128921019,S2-130579916,S2-135831464,S2-143852128,S2-144002220,S2-149924065,S2-160740180,S2-18053882,S2-182687969,S2-190479086,S2-192587620,S2-196744322,S2-201618952,S2-205121019,S2-208881467
S1-576857452	S2-205392679,S2-253849262,S2-358455184,S2-398460096,S2-412539123,S2-436471877,S2-546869596,S2-606628661,S2-743716332,S2-84163196,S2-869469547,S2-934989040,S2-374721574,S2-963336602,S2-314140371,S2-402828916,S2-408490440,S2-865479916,S2-107330887,S2-107389460,S2-112066657,S2-118199917,S2-127333365,S2-128213271,S2-132543275,S2-142513026,S2-142971689,S2-148143091,S2-148435905,S2-167139875,S2-168560796,S2-1689156,S2-169134681,S2-172032247,S2-180447643,S2-18192700,S2-187047488,S2-203151029,S2-225041234,S2-226993824
S1-524463249	S2-893800214,S2-105388736,S2-105862338,S2-111370285,S2-114233191,S2-1240778,S2-135133357,S2-141316194,S2-14199165,S2-145212314,S2-172206969,S2-178243328,S2-180696551,S2-185089731,S2-191012952,S2-194675219,S2-206866055,S2-209709244,S2-24323523,S2-24896345,S2-280450125,S2-280677288,S2-290064703,S2-290414091,S2-303036192,S2-323329661,S2-328638969,S2-334427383,S2-340390017,S2-382670716,S2-385173809,S2-402816908,S2-422448157,S2-456360567,S2-461421504,S2-464992727,S2-473742923,S2-478416988,S2-479081815,S2-480438727
S1-858342158	S2-644743948,S2-104697101,S2-144861464,S2-256236598,S2-362776689,S2-403422246,S2-419465725,S2-510980061,S2-595104744,S2-623796338,S2-653061922,S2-669613456,S2-736013075,S2-848962643,S2-973716969,S2-98156578,S2-101780727,S2-115355492,S2-119023376,S2-122372088,S2-126700325,S2-133292979,S2-134558801,S2-135133357,S2-136260880,S2-141913343,S2-152066839,S2-159924049,S2-173382953,S2-177788478,S2-178163350,S2-197991660,S2-203678791,S2-207482807,S2-208221365,S2-215134403,S2-217259737,S2-217908075,S2-220405948,S2-221255127
S1-811767850	S2-654130080,S2-109507798,S2-114237744,S2-134923652,S2-211038389,S2-428007216,S2-541539020,S2-625943145,S2-769841660,S2-77434885,S2-825946593,S2-857059573,S2-11243137,S2-117898368,S2-131465052,S2-147432492,S2-168476862,S2-199656834,S2-201272956,S2-205023557,S2-212365315,S2-212790133,S2-214727503,S2-215716814,S2-230099831,S2-238369526,S2-239061874,S2-241726445,S2-255965168,S2-261144736,S2-325537654,S2-327327793,S2-327774900,S2-346952176,S2-348649320,S2-350895380,S2-352869641,S2-360468964,S2-368624114,S2-371309140
S1-892913998	S2-565584231,S2-632958795,S2-103573723,S2-105547812,S2-106383133,S2-108927878,S2-109905092,S2-113628773,S2-116329941,S2-120695955,S2-123349497,S2-125586840,S2-138840242,S2-139110446,S2-148986177,S2-157632564,S2-163881979,S2-16898407,S2-170821232,S2-171193711,S2-174118382,S2-178156769,S2-178384635,S2-180361841,S2-189322970,S2-190642185,S2-190849736,S2-191274340,S2-193344911,S2-219201040,S2-22642885,S2-228023672,S2-236789268,S2-238258130,S2-270217724,S2-271068810,S2-272390130,S2-273325619,S2-280817578,S2-28478343
S1-760830552	S2-222413699,S2-727900448,S2-79724729,S2-52029009,S2-5272214,S2-755992154,S2-893387066,S2-233551467,S2-319196731,S2-321540574,S2-360730261,S2-361830662,S2-363663261,S2-365387521,S2-36945012,S2-390887886,S2-460107134,S2-493762375,S2-554902971,S2-614597395,S2-643273528,S2-718230557,S2-737804674,S2-894138505,S2-102596253,S2-103464119,S2-105845989,S2-107035834,S2-10836953,S2-108630610,S2-110284095,S2-114121811,S2-115994154,S2-116189378,S2-117080450,S2-119054309,S2-122325748,S2-123328425,S2-123723862,S2-125926135
S1-203404916	S2-229962546,S2-400003645,S2-512937172,S2-745674672,S2-989089567,S2-131659033,S2-163896098,S2-170681210,S2-25086538,S2-25660490,S2-314048956,S2-389397659,S2-534323737,S2-538999586,S2-605743649,S2-802686176,S2-827650596,S2-829070070,S2-849686830,S2-90225197,S2-973557907,S2-98073969,S2-100627640,S2-100648957,S2-103636129,S2-106178242,S2-107035834,S2-107838326,S2-109161598,S2-113734215,S2-114121811,S2-114597445,S2-114853591,S2-117962152,S2-118094151,S2-118329705,S2-118393214,S2-119421000,S2-120058030,S2-121365773
S1-875691993	S2-222205849,S2-365478542,S2-391045671,S2-476000925,S2-553193794,S2-567812283,S2-583958357,S2-640526624,S2-656715924,S2-664612154,S2-665985147,S2-67035710,S2-704211489,S2-713719889,S2-785127369,S2-791856232,S2-822482083,S2-882915480,S2-91836810,S2-935001208,S2-975285928,S2-981196366,S2-173251583,S2-183598714,S2-494951180,S2-869196667,S2-109530796,S2-245206348,S2-267092691,S2-308126862,S2-365904551,S2-379927807,S2-495772499,S2-526807784,S2-540591986,S2-576100292,S2-59968679,S2-69592389,S2-725932095,S2-727710081
S1-885630742	S2-876053870,S2-658994017,S2-109158013,S2-169712403,S2-175758368,S2-205935593,S2-229962546,S2-270140435,S2-324221813,S2-333091248,S2-342207109,S2-428072163,S2-470204530,S2-51822308,S2-540300149,S2-557948792,S2-558928253,S2-565261299,S2-694466866,S2-793324265,S2-828752313,S2-856762307,S2-889659593,S2-895538292,S2-946888445,S2-103464119,S2-10836953,S2-115994154,S2-117080450,S2-119054309,S2-123723862,S2-130617388,S2-132078905,S2-133978724,S2-139704264,S2-142792546,S2-154366928,S2-162387508,S2-17260257,S2-178655092
S1-411926733	S2-538372178,S2-592691095,S2-535468525,S2-930757131,S2-12919946,S2-176116039,S2-186983744,S2-18797984,S2-195138230,S2-34611123,S2-369512941,S2-375896736,S2-384313945,S2-409800335,S2-443724298,S2-446102152,S2-514513213,S2-645586359,S2-682660453,S2-699190345,S2-71933402,S2-738725699,S2-799649954,S2-911753751,S2-959460989,S2-100128288,S2-100598528,S2-101325335,S2-102059869,S2-102376842,S2-104894722,S2-106571440,S2-108937951,S2-110236539,S2-112560716,S2-112813886,S2-113038806,S2-116227998,S2-11848379,S2-119813155
S1-570361411	S2-147417181,S2-168126628,S2-198403642,S2-202198660,S2-272079679,S2-393508323,S2-421975132,S2-476709399,S2-479978581,S2-485775575,S2-535129943,S2-644925787,S2-699500794,S2-699849389,S2-823854686,S2-956242460,S2-190698845,S2-26466375,S2-348504325,S2-350163162,S2-383063268,S2-743419266,S2-224032436,S2-705366045,S2-841806453,S2-87933074,S2-158255969,S2-183604325,S2-49339398,S2-776054439,S2-791800063,S2-863044258,S2-988217120,S2-100375127,S2-101436810,S2-107330887,S2-110236539,S2-118275942,S2-12235064,S2-122944993
S1-360871186	S2-18694107,S2-276367695,S2-286099735,S2-286668058,S2-385705003,S2-468712179,S2-557873939,S2-573950787,S2-574552081,S2-63341616,S2-652649856,S2-705320533,S2-7236928,S2-765552969,S2-786544564,S2-952740597,S2-954993655,S2-967007967,S2-101436810,S2-105501087,S2-140568647,S2-155681006,S2-174528596,S2-187631804,S2-223038034,S2-229461725,S2-236320156,S2-23986578,S2-249215835,S2-249430527,S2-249660328,S2-257396061,S2-259478528,S2-268968548,S2-280127330,S2-292862371,S2-307398580,S2-309819640,S2-328590926,S2-343310050
S1-787617931	S2-129565558,S2-937509955,S2-112267485,S2-121347941,S2-130549409,S2-153334775,S2-15414665,S2-207084937,S2-217406993,S2-253799125,S2-280435218,S2-284489171,S2-335379410,S2-336224128,S2-341247816,S2-349770586,S2-350208373,S2-357092641,S2-367752196,S2-409683964,S2-436838908,S2-463365733,S2-49942811,S2-502687784,S2-522223055,S2-526955399,S2-539960627,S2-595478245,S2-660113658,S2-662107705,S2-676211559,S2-733435072,S2-735233789,S2-747793486,S2-759561238,S2-761473191,S2-768716535,S2-789630201,S2-815462974,S2-866112175
S1-432675591	S2-12691971,S2-235861581,S2-476661731,S2-560549562,S2-799252179,S2-841238827,S2-93027702,S2-101720861,S2-11728624,S2-131059312,S2-143305799,S2-147767334,S2-162666356,S2-168542791,S2-179676058,S2-192587620,S2-195373941,S2-220082939,S2-221911069,S2-278568865,S2-295771920,S2-338112826,S2-338274141,S2-361038502,S2-389134643,S2-397620598,S2-398568734,S2-400028816,S2-404109757,S2-406382423,S2-441567096,S2-505499821,S2-537803499,S2-543933766,S2-554169650,S2-557526617,S2-564871156,S2-596980720,S2-597243519,S2-609531648
S1-366092445	S2-285381585,S2-296107223,S2-396970862,S2-458305569,S2-931653625,S2-10406267,S2-114111700,S2-121365773,S2-125034015,S2-126404735,S2-126861995,S2-13440422,S2-141510337,S2-152186399,S2-154876508,S2-158828409,S2-158829121,S2-178559516,S2-180229297,S2-19297940,S2-197251777,S2-200624285,S2-203004257,S2-210122015,S2-212672756,S2-222989097,S2-226320473,S2-230300940,S2-230859218,S2-231775749,S2-234013990,S2-248782105,S2-248858505,S2-25115719,S2-255808984,S2-25592135,S2-258088282,S2-259666352,S2-259858270,S2-261643670
S1-985038901	S2-719946555,S2-688631666,S2-996410417,S2-606533305,S2-611463577,S2-896895298,S2-555846632,S2-577457580,S2-625648259,S2-129290626,S2-138291432,S2-162535242,S2-162849450,S2-166385937,S2-169085511,S2-174396474,S2-187477255,S2-204047145,S2-225690672,S2-233636231,S2-236477417,S2-236937406,S2-248606890,S2-286270410,S2-28920926,S2-296848408,S2-297534555,S2-406794851,S2-419475528,S2-42284542,S2-428985968,S2-429366899,S2-436706704,S2-466534308,S2-473658541,S2-508660260,S2-533174152,S2-534720300,S2-567883559,S2-605835558
S1-316185490	S2-237915370,S2-253849299,S2-347444279,S2-441769049,S2-626681045,S2-728553430,S2-852272352,S2-945240904,S2-101765675,S2-103096914,S2-110844020,S2-112646678,S2-11494376,S2-121967890,S2-136328599,S2-142230467,S2-144636346,S2-145223494,S2-147749794,S2-148918307,S2-149345266,S2-156153865,S2-159701054,S2-163653728,S2-164372312,S2-172338894,S2-172931305,S2-179104223,S2-185005990,S2-185353621,S2-194287484,S2-199502880,S2-200895915,S2-204540434,S2-204838925,S2-20761583,S2-212515881,S2-215409052,S2-216540018,S2-216744828
S1-521605108	S2-625984820,S2-735700117,S2-775102707,S2-462417369,S2-757234757,S2-115533406,S2-738849222,S2-771767473,S2-828829450,S2-130999021,S2-191804636,S2-194063396,S2-229807095,S2-249660328,S2-255276299,S2-257396061,S2-327793720,S2-345956529,S2-391482416,S2-464353833,S2-465052945,S2-484401235,S2-510526842,S2-526818852,S2-578484981,S2-581554760,S2-583972326,S2-621830421,S2-625234000,S2-672829233,S2-678432210,S2-698771134,S2-699363044,S2-76700214,S2-935118527,S2-94751831,S2-952484765,S2-970332584,S2-978522560,S2-987167648
S1-820854608	
S1-624045976	S2-115688602,S2-154479629,S2-185229437,S2-28142888,S2-433987295,S2-441711219,S2-459758045,S2-464549993,S2-465756670,S2-49616813,S2-547012073,S2-552206201,S2-59991184,S2-642746498,S2-665463193,S2-778164290,S2-805080496,S2-806790434,S2-812936372,S2-824627215,S2-827345339,S2-915104611,S2-946881740,S2-95236532,S2-954794611,S2-958087312,S2-983514167,S2-568177193,S2-774282977,S2-809428610,S2-788786407,S2-142052433,S2-190923627,S2-221142504,S2-222691902,S2-231582569,S2-259356134,S2-278501566,S2-316447872,S2-339680178
S1-172667135	S2-212023070,S2-268718255,S2-554398664,S2-716047902,S2-915762530,S2-133991201,S2-140537645,S2-144652741,S2-165484148,S2-182834322,S2-203879376,S2-214416967,S2-230478665,S2-23812106,S2-264597063,S2-277897112,S2-285609069,S2-285647710,S2-286701439,S2-298762225,S2-308329661,S2-318546967,S2-32076289,S2-321543955,S2-338853492,S2-355596040,S2-374817374,S2-381127815,S2-384556840,S2-385325065,S2-400799906,S2-447497595,S2-486053875,S2-530648053,S2-549293102,S2-566450543,S2-576538857,S2-57991649,S2-583264950,S2-588518919
S1-274896234	S2-114801328,S2-132887351,S2-148683077,S2-187593824,S2-247341171,S2-280209943,S2-308161661,S2-31531760,S2-337807970,S2-598805992,S2-605734275,S2-758592903,S2-837700172,S2-88024255,S2-880583034,S2-918946000,S2-940074102,S2-987414512,S2-813525901,S2-974668078,S2-182232294,S2-197190286,S2-313780655,S2-409818790,S2-434375149,S2-722431909,S2-104896081,S2-116639585,S2-128727609,S2-139719497,S2-15148623,S2-157735411,S2-158902765,S2-163956925,S2-16607100,S2-1743104,S2-194102819,S2-196513047,S2-198515773,S2-204450133
S1-755546342	S2-277032270,S2-36568061,S2-462187957,S2-50523188,S2-520830349,S2-607649521,S2-623988293,S2-993127076,S2-102409556,S2-118527996,S2-136113375,S2-151589139,S2-156623730,S2-172803196,S2-174609481,S2-216434283,S2-219374527,S2-226551251,S2-237238619,S2-23901043,S2-249923892,S2-271259295,S2-292985335,S2-298056918,S2-30769224,S2-326226788,S2-359388553,S2-363838256,S2-371042480,S2-372769846,S2-377924398,S2-388362035,S2-408492982,S2-410671671,S2-415919266,S2-457227128,S2-472339240,S2-473080296,S2-481306942,S2-497151756
S1-689135051	S2-210523064,S2-268932954,S2-509424134,S2-669193293,S2-710505709,S2-727800618,S2-734833318,S2-768691745,S2-856911534,S2-914761441,S2-102286733,S2-112370727,S2-116227998,S2-117568512,S2-117927544,S2-12449131,S2-135225327,S2-136893078,S2-161174102,S2-176399777,S2-17933853,S2-183479024,S2-186454776,S2-190167199,S2-190176249,S2-19936140,S2-215606032,S2-217360345,S2-219242350,S2-222822607,S2-235675362,S2-247157046,S2-250598875,S2-256815199,S2-260726129,S2-261959208,S2-266270928,S2-280759786,S2-290992226,S2-295564788
S1-942890922	S2-176727752,S2-495910519,S2-671786374,S2-840787056,S2-513994366,S2-319548402,S2-450872680,S2-66970325,S2-828819520,S2-100570644,S2-103888536,S2-115261077,S2-115296490,S2-116568778,S2-118563493,S2-120597036,S2-121922395,S2-124526830,S2-124783957,S2-125297289,S2-126298894,S2-12685109,S2-126900007,S2-13041552,S2-13284496,S2-134662867,S2-13565132,S2-139610210,S2-141123004,S2-148968056,S2-149212426,S2-149924065,S2-1507082,S2-154748565,S2-155443822,S2-166576918,S2-167880798,S2-173705524,S2-17381138,S2-174299061
S1-92768400	S2-151414268,S2-468628727,S2-530505798,S2-716495569,S2-984954970,S2-12691971,S2-107172479,S2-121700929,S2-136601966,S2-14127443,S2-16025153,S2-162888799,S2-184582259,S2-186824031,S2-187725004,S2-191962603,S2-213530655,S2-221508258,S2-230090245,S2-248711366,S2-254762071,S2-259323526,S2-288434289,S2-298147176,S2-312010791,S2-31894485,S2-337033832,S2-353637016,S2-365096291,S2-366947336,S2-367832284,S2-400771304,S2-418958758,S2-419837913,S2-421462418,S2-425072469,S2-430490738,S2-431016450,S2-436404097,S2-441472897
S1-259452306	S2-201622152,S2-396630800,S2-923559156,S2-1329476,S2-218242383,S2-391853942,S2-557874245,S2-567890068,S2-690171374,S2-786969596,S2-894785797,S2-956935272,S2-109807565,S2-119903487,S2-134041365,S2-147970318,S2-160166603,S2-174396062,S2-174396474,S2-193995593,S2-208459204,S2-21294737,S2-320879630,S2-347726951,S2-350762938,S2-366783610,S2-369159065,S2-385325065,S2-387943956,S2-412845362,S2-433469048,S2-453758271,S2-469774927,S2-475839112,S2-508637620,S2-51621111,S2-530020680,S2-551168706,S2-553836584,S2-58465497
S1-992003464	S2-801726320,S2-951964946,S2-139916403,S2-402592092,S2-426068896,S2-478457975,S2-485969289,S2-604161031,S2-612031052,S2-681275696,S2-697813993,S2-703442491,S2-76289234,S2-819918206,S2-869006382,S2-887547390,S2-945744981,S2-100598528,S2-103956914,S2-111335885,S2-123720543,S2-127333365,S2-136305349,S2-136465789,S2-144225836,S2-169654436,S2-181056636,S2-181199933,S2-183604325,S2-184993052,S2-185878279,S2-187130654,S2-188393900,S2-193910487,S2-19396123,S2-194067469,S2-195899758,S2-199272521,S2-20367392,S2-205034666
S1-651713662	S2-181763658,S2-124169707,S2-14123063,S2-142313702,S2-156726965,S2-254605586,S2-255398746,S2-299973643,S2-418371438,S2-418928048,S2-464801218,S2-471404752,S2-502822625,S2-514256297,S2-524247699,S2-52911577,S2-55233178,S2-554045029,S2-594855279,S2-601830828,S2-688401461,S2-70145504,S2-771614026,S2-775233420,S2-785245440,S2-792661362,S2-824775589,S2-93081698,S2-982003904,S2-10289494,S2-111914306,S2-117325459,S2-120771780,S2-130736404,S2-135225672,S2-136032211,S2-13636289,S2-1363951,S2-141510337,S2-141889236
S1-615024355	S2-315776397,S2-495549966,S2-764049338,S2-8835675,S2-174278936,S2-462647651,S2-772269040,S2-863917496,S2-103979213,S2-124767708,S2-146361694,S2-169764743,S2-189937493,S2-211672107,S2-250378753,S2-290666292,S2-293312486,S2-344355411,S2-346192346,S2-410329713,S2-462357184,S2-471404752,S2-474346550,S2-478744721,S2-517566405,S2-51977302,S2-52703680,S2-540580165,S2-546281071,S2-554316628,S2-563517787,S2-573643650,S2-597272422,S2-629449423,S2-648373570,S2-666037560,S2-669591644,S2-672799577,S2-699391872,S2-714244170
S1-620106632	S2-363730293,S2-572612558,S2-82725719,S2-848436872,S2-200229664,S2-543049878,S2-869677385,S2-110550221,S2-111157067,S2-146777194,S2-170230513,S2-178889449,S2-184816519,S2-19786288,S2-198708258,S2-226658215,S2-270948555,S2-272218499,S2-299494514,S2-30399169,S2-312238633,S2-321275422,S2-35742474,S2-369299713,S2-373768366,S2-386143705,S2-393992488,S2-395913623,S2-412103615,S2-423838997,S2-435929508,S2-442471515,S2-459502400,S2-465282410,S2-469851313,S2-496480456,S2-531185304,S2-546409229,S2-54864602,S2-560445859
S1-520290406	S2-224682063,S2-347087800,S2-365072804,S2-442594362,S2-471142391,S2-484638236,S2-6841889,S2-692060905,S2-698536279,S2-961490986,S2-263966863,S2-431031335,S2-567579327,S2-622431993,S2-931381813,S2-964251531
S1-304476315	S2-127778636,S2-145410569,S2-30568957,S2-314691859,S2-33569019,S2-346922998,S2-406070785,S2-423249503,S2-460653265,S2-469205402,S2-478457975,S2-492787349,S2-527456769,S2-535545077,S2-678063895,S2-703927490,S2-706928986,S2-726681224,S2-735910191,S2-746237034,S2-760461881,S2-804591095,S2-806888903,S2-826274779,S2-869425123,S2-94339175,S2-98246913,S2-102059869,S2-104641729,S2-108937951,S2-117978268,S2-118516014,S2-132098743,S2-133270735,S2-141464080,S2-144952989,S2-147321898,S2-153138802,S2-158255969,S2-164910921
S1-735713081	S2-130579916,S2-163159297,S2-186380003,S2-203678791,S2-232933281,S2-248556129,S2-278647234,S2-290549553,S2-308329203,S2-377506950,S2-410126841,S2-539778054,S2-580962677,S2-612910469,S2-675768357,S2-711387481,S2-720520787,S2-770136947,S2-849735546,S2-893953328,S2-954406317,S2-100648957,S2-126904244,S2-128076983,S2-136019650,S2-155633699,S2-174388500,S2-18027888,S2-210799457,S2-259818580,S2-295781156,S2-302419463,S2-34873792,S2-35086639,S2-357973275,S2-370932433,S2-385106483,S2-399870699,S2-406854790,S2-41310495
S1-875631699	S2-895116270,S2-183646057,S2-300499770,S2-314477032,S2-646793255,S2-100189444,S2-100428430,S2-101436810,S2-102376842,S2-103852320,S2-104028932,S2-104402925,S2-106563273,S2-111237832,S2-114823038,S2-11609800,S2-116757206,S2-118263691,S2-119044794,S2-120215656,S2-12094352,S2-122429802,S2-123349497,S2-123982944,S2-126506454,S2-128793968,S2-132022202,S2-132531751,S2-132785121,S2-132887351,S2-134321493,S2-13461361,S2-139403118,S2-143817174,S2-146624804,S2-147485049,S2-149150649,S2-149371270,S2-149854075,S2-153235761
S1-927838010	S2-827345339,S2-115688602,S2-154479629,S2-185229437,S2-28142888,S2-433987295,S2-441711219,S2-459758045,S2-464549993,S2-465756670,S2-49616813,S2-547012073,S2-552206201,S2-59991184,S2-642746498,S2-665463193,S2-778164290,S2-805080496,S2-806790434,S2-809428610,S2-812936372,S2-824627215,S2-915104611,S2-946881740,S2-95236532,S2-954794611,S2-958087312,S2-983514167,S2-568177193,S2-774282977,S2-142052433,S2-181403261,S2-327045176,S2-397570933,S2-420597976,S2-542321112,S2-604312982,S2-618550803,S2-715079993,S2-73339144
S1-460143677	S2-391665304,S2-516061123,S2-28413258,S2-785746322,S2-88712818,S2-917996971,S2-261525613,S2-275404449,S2-323473974,S2-410738553,S2-485419143,S2-577655932,S2-592512342,S2-631500880,S2-66569650,S2-74081331,S2-782939296,S2-856920191,S2-975654596,S2-155749677,S2-160694137,S2-174256960,S2-188806697,S2-23048434,S2-265510483,S2-302561043,S2-317146669,S2-328590926,S2-340517628,S2-404461191,S2-465002151,S2-482072727,S2-521665381,S2-544730715,S2-560300733,S2-641879319,S2-655504917,S2-709766140,S2-722400387,S2-734319093
S1-612071387	S2-184840920,S2-193852617,S2-31803204,S2-466028917,S2-5337215,S2-613204180,S2-632191522,S2-81148534,S2-876085779,S2-952047527,S2-116042201,S2-116828425,S2-119597681,S2-121175267,S2-134849118,S2-135696422,S2-139986213,S2-140793242,S2-143734030,S2-154639341,S2-162698438,S2-16680804,S2-169642407,S2-170545804,S2-179053570,S2-188956696,S2-190455657,S2-190495782,S2-192321368,S2-202963347,S2-209897546,S2-23490569,S2-235995649,S2-250013615,S2-251270580,S2-251551537,S2-251801751,S2-276314011,S2-277897112,S2-293484268
S1-449893244	S2-672610779,S2-923513744,S2-457818234,S2-109034922,S2-113248270,S2-291365171,S2-541017058,S2-681739297,S2-702564073,S2-869526167,S2-299545882,S2-153417256,S2-157806144,S2-261126850,S2-266027983,S2-314834823,S2-326511904,S2-33129908,S2-350683874,S2-382105464,S2-460730401,S2-464905545,S2-504905824,S2-558489580,S2-592053165,S2-609041401,S2-680734092,S2-785971729,S2-81377188,S2-8523354,S2-910074740,S2-924753139,S2-978253391,S2-982567272,S2-108444869,S2-114762618,S2-122761555,S2-13244289,S2-141106063,S2-147679503
S1-165890090	S2-109147488,S2-171172645,S2-199425487,S2-212240492,S2-250454716,S2-274316857,S2-287300820,S2-353204388,S2-466380342,S2-467281480,S2-510699017,S2-632017024,S2-760536936,S2-83072048,S2-838331205,S2-863476565,S2-921643168,S2-146697745,S2-471779425,S2-323494354,S2-546683837,S2-625358509,S2-12827529,S2-157305539,S2-342332137,S2-378210101,S2-471977441,S2-592899862,S2-628238161,S2-672471315,S2-692397752,S2-784492940,S2-804830967,S2-898976675,S2-914164133,S2-917066665,S2-949354416,S2-97209238,S2-995905662,S2-114238114
S1-593682333	S2-105769043,S2-539812867,S2-971865658,S2-111908242,S2-621286769,S2-623027175,S2-625558654,S2-720249023,S2-935702135,S2-11509313,S2-128213418,S2-129281438,S2-134041365,S2-218767643,S2-256236598,S2-268927595,S2-293831194,S2-315127060,S2-324129652,S2-32806426,S2-336993514,S2-364820336,S2-369159065,S2-372961141,S2-375222707,S2-375479293,S2-422648938,S2-457144425,S2-461150320,S2-497589817,S2-498390029,S2-51751363,S2-518589900,S2-523715903,S2-527375586,S2-5290392,S2-529777829,S2-539420714,S2-551798888,S2-553410329
S1-184484093	S2-258656873,S2-422263966,S2-473623481,S2-487346238,S2-501229096,S2-59556650,S2-599628837,S2-641104663,S2-740009891,S2-782839840,S2-855428890,S2-869595665,S2-928996355,S2-316184459,S2-317912944,S2-407207664,S2-42957609,S2-614056912,S2-642279452,S2-644092481,S2-659531921,S2-664391582,S2-723550919,S2-735045630,S2-857071377,S2-929575262,S2-101617662,S2-10472605,S2-105041837,S2-106413714,S2-107035834,S2-108418148,S2-109496510,S2-109807565,S2-110284095,S2-111554720,S2-111671984,S2-113398294,S2-114029537,S2-114121811
S1-371729996	S2-398432433,S2-217992296,S2-428097788,S2-535468525,S2-986116212,S2-28303423,S2-324016604,S2-102704852,S2-139274716,S2-163773302,S2-170176453,S2-223493773,S2-271875156,S2-278260042,S2-286915421,S2-291583227,S2-307692005,S2-321398182,S2-349303228,S2-376689232,S2-383635034,S2-383885623,S2-398744805,S2-401293041,S2-411547279,S2-413010877,S2-42658359,S2-428604792,S2-46203677,S2-493337621,S2-502403387,S2-502866969,S2-511214114,S2-518561014,S2-54589430,S2-551502726,S2-554295400,S2-568967808,S2-571948922,S2-588110608
S1-915022305	S2-410187650,S2-65378876,S2-27286557,S2-169224891,S2-689139932,S2-110659960,S2-11127611,S2-163212711,S2-170759291,S2-177278156,S2-181306435,S2-186072832,S2-207919356,S2-212844259,S2-220839689,S2-222523102,S2-22921912,S2-242220369,S2-254663123,S2-261533346,S2-374420745,S2-377019823,S2-40991100,S2-421073163,S2-479778586,S2-50581814,S2-54118446,S2-558879955,S2-563242591,S2-579650659,S2-630746357,S2-637071891,S2-639820522,S2-700323495,S2-713227418,S2-727006455,S2-773404918,S2-784185651,S2-789570917,S2-800992054
S1-487652257	S2-198677483,S2-205484370,S2-295060887,S2-356546671,S2-421026994,S2-434575880,S2-445331388,S2-716112614,S2-852115447,S2-856098209,S2-938408290,S2-10316620,S2-121832287,S2-12709576,S2-138689089,S2-182806587,S2-219466057,S2-252858744,S2-277206516,S2-290108980,S2-321151620,S2-334202182,S2-397543241,S2-402816014,S2-431579714,S2-45471854,S2-458178251,S2-498880727,S2-520685118,S2-53669218,S2-551811705,S2-621479200,S2-62776657,S2-694188038,S2-699984353,S2-711648776,S2-7352143,S2-759744511,S2-760300305,S2-786104447
S1-881502950	S2-135712954,S2-146417701,S2-159994333,S2-162277750,S2-185735427,S2-230569230,S2-237243311,S2-246534162,S2-283097035,S2-314925002,S2-315005820,S2-329256726,S2-331920032,S2-371724116,S2-383218892,S2-471156571,S2-487803690,S2-488313976,S2-635911598,S2-738479881,S2-740956922,S2-761127938,S2-776425226,S2-781044699,S2-785661690,S2-790619030,S2-816920190,S2-831625227,S2-871870024,S2-924541909,S2-963378378,S2-979515993,S2-985419260,S3-20727238,S3-212514545,S3-696813732,S3-839020948,S3-935370916,S2-200200363,S2-636502988
S1-768057805	S2-102319624,S2-13895880,S2-208984116,S2-210511756,S2-344874828,S2-377506950,S2-383732371,S2-396551836,S2-492031103,S2-537854766,S2-561809902,S2-576161707,S2-591398537,S2-596878321,S2-623636977,S2-648909385,S2-750070041,S2-776064996,S2-787582683,S2-807638781,S2-809130402,S2-872022787,S2-921729082,S2-945985381,S2-949845335,S2-998987504,S2-114931558,S2-209392471,S2-218053776,S2-279774151,S2-329975684,S2-372350290,S2-389134643,S2-478230107,S2-502097294,S2-55508488,S2-555927007,S2-623626120,S2-667364108,S2-699297088
S1-338939566	S2-109064076,S2-111131531,S2-119671371,S2-156918549,S2-16411613,S2-164782049,S2-179792263,S2-189413522,S2-19372775,S2-196618803,S2-219322699,S2-219512084,S2-238473467,S2-248239730,S2-249721833,S2-263805706,S2-268350161,S2-273078526,S2-275572535,S2-279023418,S2-282118325,S2-301050410,S2-321258405,S2-337380542,S2-340977545,S2-357328816,S2-364247124,S2-395189346,S2-397774402,S2-409506475,S2-41143210,S2-425902897,S2-432279643,S2-437383509,S2-438268544,S2-452442332,S2-461744131,S2-479951722,S2-491147307,S2-500744486
S1-945702783	S2-996410417,S2-719946555,S2-606533305,S2-611463577,S2-688631666,S2-896895298,S2-170959049,S2-254762071,S2-112367897,S2-138478502,S2-174396474,S2-300832120,S2-369052019,S2-405365194,S2-419475528,S2-45455979,S2-50456215,S2-513450236,S2-590166315,S2-594516964,S2-691370082,S2-704821006,S2-710039258,S2-720254256,S2-802478660,S2-810218836,S2-858691756,S2-973980011,S2-102773684,S2-103466554,S2-108304064,S2-11804033,S2-121289279,S2-121611732,S2-129290626,S2-134708169,S2-135225672,S2-138291432,S2-139182951,S2-141510337
S1-991504592	S2-130887373,S2-505029475,S2-296969450,S2-845360968,S2-134392248,S2-242367010,S2-564433190,S2-585698283,S2-754789254,S2-105845989,S2-116189378,S2-136260880,S2-145204119,S2-180441936,S2-182529122,S2-195109492,S2-218203548,S2-220686156,S2-264819702,S2-294062437,S2-307857044,S2-311898669,S2-338141614,S2-340239310,S2-353473370,S2-362262700,S2-367076099,S2-372772519,S2-39821301,S2-398456093,S2-412033502,S2-422600541,S2-459656288,S2-459767841,S2-483326033,S2-502295672,S2-503378605,S2-50544513,S2-561720285,S2-567327667
S1-650051667	S2-174059963,S2-196815431,S2-321676424,S2-424147028,S2-461325533,S2-497821513,S2-533082645,S2-536977972,S2-560603081,S2-611071988,S2-65309950,S2-695804918,S2-697129727,S2-724775790,S2-730222176,S2-73576294,S2-744614392,S2-797865498,S2-859848018,S2-950381919,S2-965881323,S2-998989345,S2-309524721,S2-452679483,S2-9776869,S2-332430964,S2-721227251,S2-278721294,S2-296176914,S2-384382823,S2-52429330,S2-103852320,S2-104469883,S2-111237832,S2-114971268,S2-125991329,S2-132723141,S2-13685817,S2-138051778,S2-142662074
S1-730279779	S2-356220463,S2-12066237,S2-613086297,S2-423406761,S2-132259578,S2-194536194,S2-29481789,S2-343615678,S2-398572423,S2-595556398,S2-645961860,S2-665291480,S2-757586708,S2-100706365,S2-101730549,S2-106184894,S2-111671984,S2-112874857,S2-113656688,S2-11673139,S2-151514283,S2-16075678,S2-180408468,S2-184190407,S2-18620770,S2-186260747,S2-189093402,S2-190037032,S2-190315479,S2-206639583,S2-209660350,S2-220549298,S2-240658357,S2-242167044,S2-253266360,S2-254422036,S2-256900071,S2-261855486,S2-267572660,S2-268638596
S1-181609420	S2-101999827,S2-136103129,S2-136437217,S2-136904219,S2-137876921,S2-162277750,S2-162464267,S2-178406946,S2-181915906,S2-187514897,S2-192558011,S2-195940449,S2-199237801,S2-229927247,S2-231316567,S2-23181035,S2-235155410,S2-237024609,S2-255877102,S2-279960507,S2-281905923,S2-296176914,S2-29880524,S2-299436431,S2-305508408,S2-314412774,S2-329155791,S2-335124172,S2-336659578,S2-337473468,S2-337546861,S2-343310050,S2-344134243,S2-348043690,S2-356192934,S2-356451548,S2-360682636,S2-365769586,S2-386575117,S2-3975386
S1-752939701	S2-243507157,S2-244567274,S2-253468367,S2-846197563,S2-859192618,S2-270330544,S2-196897680,S2-425850353,S2-817071846,S2-106184894,S2-126404735,S2-12718845,S2-181920800,S2-235886198,S2-272546465,S2-298833137,S2-344347707,S2-365970187,S2-382846011,S2-390464052,S2-449578781,S2-485748443,S2-53521432,S2-595531362,S2-599995287,S2-633668107,S2-636787414,S2-640401128,S2-671744957,S2-698353745,S2-704435371,S2-729484738,S2-735701312,S2-757458810,S2-775348452,S2-843279204,S2-877071031,S2-896057156,S2-9228519,S2-992672259
S1-696598587	S2-382500675,S2-440793963,S2-828206063,S2-985391245,S2-137648271,S2-235886198,S2-392583492,S2-403068460,S2-425397364,S2-567579327,S2-595531362,S2-645899328,S2-740639932,S2-131264573,S2-134925636,S2-151233060,S2-164618338,S2-177948141,S2-179095524,S2-226698507,S2-230242780,S2-273364015,S2-290741782,S2-319910913,S2-345975091,S2-390117090,S2-395046384,S2-447724295,S2-499198461,S2-575475725,S2-602971556,S2-61293282,S2-639059357,S2-647784620,S2-716241482,S2-722647990,S2-732749777,S2-737755324,S2-739330242,S2-751248582
S1-864395077	S2-453965109,S2-556267235,S2-580109073,S2-183081179,S2-220052336,S2-306683246,S2-310069047,S2-373632500,S2-421587464,S2-474835685,S2-521758874,S2-526805291,S2-544913057,S2-568232541,S2-575119611,S2-577802236,S2-62906213,S2-672080705,S2-674297673,S2-705088632,S2-855667569,S2-855836919,S2-88704222,S2-941162865,S2-94391505,S2-944612035,S2-987235626,S2-992630636,S2-874756049,S2-10578216,S2-112462184,S2-117041640,S2-121908593,S2-12970251,S2-134739386,S2-192258145,S2-201331212,S2-203773215,S2-209993110,S2-210742012
S1-625308695	S2-154795306,S2-119512219,S2-129228958,S2-140550490,S2-178043282,S2-181425752,S2-18273504,S2-23304,S2-294419557,S2-381850998,S2-383563715,S2-414623921,S2-486825345,S2-505084310,S2-691971422,S2-88626535,S2-653470506,S2-143734219,S2-418655418,S2-906188887,S2-702501110,S2-893953328,S2-963057381,S2-106872383,S2-109862055,S2-130291706,S2-133129336,S2-135968679,S2-138172601,S2-140097767,S2-142118866,S2-143708384,S2-145057304,S2-150746027,S2-158151198,S2-160740180,S2-163365630,S2-170400388,S2-17981569,S2-182505176
S1-252644636	S2-193729928,S2-19578475,S2-302049395,S2-341380543,S2-428093564,S2-434587276,S2-474580049,S2-508487309,S2-606740532,S2-611880888,S2-6658650,S2-781363735,S2-888176840,S2-939079087,S2-126049626,S2-139719497,S2-164976993,S2-18635222,S2-192827750,S2-260121473,S2-308187610,S2-333694748,S2-350228981,S2-379205310,S2-47531931,S2-529057484,S2-53313630,S2-557596124,S2-560883062,S2-622832394,S2-655987979,S2-657877197,S2-707420806,S2-767469705,S2-777373869,S2-857865408,S2-89499993,S2-934608391,S2-939986664,S2-70038977
S1-912273534	S2-101825927,S2-113469017,S2-125403632,S2-151322740,S2-174122356,S2-190663665,S2-244007740,S2-257168333,S2-280378336,S2-293478562,S2-326984990,S2-342493196,S2-375290924,S2-376746280,S2-39323155,S2-43311217,S2-437181643,S2-456180704,S2-477773970,S2-522842108,S2-629094434,S2-632285544,S2-68558280,S2-701540576,S2-766205830,S2-839770450,S2-874501939,S2-929410423,S2-965415440,S2-365096291,S2-476661731,S2-820219063,S2-555927007,S2-689214783,S2-753011263,S2-776826875,S2-848711718,S2-941788142,S2-623651726,S2-294866784
S1-772116613	S2-136113375,S2-30769224,S2-388362035,S2-457227128,S2-764009351,S2-799154869,S2-853701696,S2-94191829,S2-102409556,S2-118527996,S2-151589139,S2-156623730,S2-172803196,S2-174609481,S2-216434283,S2-219374527,S2-226551251,S2-237238619,S2-23901043,S2-249923892,S2-271259295,S2-277032270,S2-292985335,S2-298056918,S2-326226788,S2-359388553,S2-363838256,S2-36568061,S2-371042480,S2-372769846,S2-377924398,S2-408492982,S2-410671671,S2-415919266,S2-462187957,S2-472339240,S2-473080296,S2-481306942,S2-497151756,S2-50523188
S1-106766409	S2-170821232,S2-120695955,S2-138840242,S2-139110446,S2-157632564,S2-174118382,S2-178384635,S2-180361841,S2-190849736,S2-191274340,S2-22642885,S2-228023672,S2-236789268,S2-28478343,S2-288442284,S2-289100479,S2-291405893,S2-298447368,S2-3008240,S2-303280197,S2-318241231,S2-323071210,S2-334012226,S2-341748039,S2-349327469,S2-379340461,S2-380683094,S2-403306395,S2-439433416,S2-441845297,S2-45298930,S2-498743349,S2-499801899,S2-517189142,S2-519084803,S2-535718684,S2-560273443,S2-560883062,S2-565260621,S2-565584231
S1-832441709	S2-876053870,S2-10166460,S2-105862338,S2-10986462,S2-114319283,S2-116413906,S2-135129654,S2-139650940,S2-146382194,S2-150153842,S2-1507082,S2-159175610,S2-166986252,S2-17905410,S2-190315479,S2-203004257,S2-206866055,S2-210122015,S2-212149820,S2-220725838,S2-222989097,S2-232219224,S2-234013990,S2-248331231,S2-251104554,S2-256372436,S2-261405250,S2-26528208,S2-287593789,S2-289617053,S2-297891330,S2-311868409,S2-324771787,S2-330243880,S2-342207109,S2-346976956,S2-356532156,S2-362059557,S2-367832284,S2-379138306
S1-960126068	S2-604564398,S2-664074689,S2-115642399,S2-194973709,S2-200925331,S2-300257199,S2-333021767,S2-421062218,S2-432687019,S2-475706495,S2-498279964,S2-506664767,S2-513561863,S2-54870119,S2-605743649,S2-63902308,S2-680029260,S2-717675805,S2-747466359,S2-78769581,S2-802679154,S2-823575427,S2-827451868,S2-831696358,S2-870944000,S2-884135049,S2-890403902,S2-929161568,S2-148116189,S2-151628472,S2-186041583,S2-18868925,S2-199693428,S2-208468004,S2-21928602,S2-229570617,S2-253392440,S2-256004548,S2-259053443,S2-26081285
S1-78278999	S2-519056546,S2-544803775,S2-681022312,S2-899404205,S2-750282511,S2-906188887,S2-910465632,S2-108103764,S2-114233191,S2-11509313,S2-124258632,S2-13565132,S2-143999439,S2-163227237,S2-173058270,S2-176316491,S2-20116589,S2-209709244,S2-213354246,S2-231888175,S2-261144736,S2-261405250,S2-283007796,S2-327339236,S2-335971882,S2-337907589,S2-352198717,S2-360633734,S2-402108454,S2-405537711,S2-423368397,S2-425601986,S2-439872728,S2-457087738,S2-461920484,S2-463249574,S2-474203116,S2-486036870,S2-504742145,S2-517415184
S1-825852772	S2-253215790,S2-437516262,S2-666342792,S2-840105452,S2-843069859,S2-158485790,S2-165809100,S2-469326217,S2-593834896,S2-844621665,S2-174868680,S2-419321728,S2-426397038,S2-516892088,S2-700027800,S2-70284209,S2-854959253,S2-921417533,S2-119428002,S2-13639996,S2-140694796,S2-142086734,S2-185405451,S2-195435490,S2-243618862,S2-253611872,S2-289703780,S2-3028524,S2-32430961,S2-332957565,S2-335864524,S2-358510569,S2-364600012,S2-369868688,S2-372013424,S2-409276453,S2-411895789,S2-41583718,S2-435504815,S2-44038583
S1-81981566	S2-179889434,S2-199409259,S2-206603732,S2-238971069,S2-266868981,S2-276863393,S2-286244243,S2-294884494,S2-304210462,S2-310340192,S2-318964862,S2-335371,S2-357995340,S2-365786634,S2-368389963,S2-466830047,S2-467659970,S2-504352793,S2-515189936,S2-51547705,S2-530218826,S2-546407954,S2-557520173,S2-563160269,S2-566627479,S2-574056715,S2-576030535,S2-58897609,S2-600433503,S2-617821075,S2-619730998,S2-627328508,S2-657049017,S2-675404112,S2-679381757,S2-711659066,S2-732427352,S2-741154042,S2-748555281,S2-758157719
S1-683996760	S2-181346965,S2-427947934,S2-706839063,S2-784586025,S2-84687277,S2-998548920,S2-114328615,S2-126996401,S2-139610210,S2-150219403,S2-161047745,S2-264759308,S2-327738915,S2-342307473,S2-392125160,S2-396471002,S2-407567083,S2-424370597,S2-452653843,S2-471215013,S2-490874218,S2-4926160,S2-528602597,S2-58067024,S2-760072869,S2-762216330,S2-796015902,S2-800923555,S2-821225307,S2-828139103,S2-893832445,S2-920883898,S2-921122628,S2-930924548,S2-932626440,S2-944671449,S2-952919553,S2-110425320,S2-185522281,S2-252583656
S1-799709383	S2-293203126,S2-538855991,S2-594601270,S2-781915574,S2-986911398,S2-196471544,S2-426505419,S2-303635913,S2-622813222,S2-143181162,S2-194918225,S2-227254649,S2-230254980,S2-247565679,S2-277418646,S2-306202611,S2-311801112,S2-316241787,S2-368497168,S2-383522164,S2-42300137,S2-426518294,S2-427767782,S2-435144936,S2-457082667,S2-613711435,S2-640485237,S2-705344626,S2-735045630,S2-80911610,S2-824397153,S2-839757603,S2-895557957,S2-914961766,S2-962270896,S2-979750720,S2-100648957,S2-101617662,S2-105607863,S2-105768147
S1-350438578	S2-407917981,S2-106184894,S2-235886198,S2-365970187,S2-382846011,S2-390464052,S2-425850353,S2-449578781,S2-485748443,S2-53521432,S2-595531362,S2-636787414,S2-698353745,S2-704435371,S2-729484738,S2-735701312,S2-757458810,S2-817071846,S2-843279204,S2-896057156,S2-108418148,S2-12718845,S2-128238409,S2-156874802,S2-159306684,S2-15970945,S2-169160798,S2-196897680,S2-22035153,S2-222859868,S2-223360164,S2-243507157,S2-244042103,S2-244567274,S2-249096208,S2-253468367,S2-267771398,S2-270330544,S2-28480927,S2-290371392
S1-954886409	S2-566288819,S2-405435610,S2-509289203,S2-51975319,S2-615216022,S2-633890556,S2-674820172,S2-678331554,S2-762592603,S2-894363023,S2-755493827,S2-177377039,S2-20187070,S2-317560138,S2-523712788,S2-550809827,S2-583977988,S2-650270939,S2-785643946,S2-816046656,S2-825086019,S2-997279346,S2-100601479,S2-106376814,S2-109730183,S2-112775751,S2-115467558,S2-11747125,S2-123743652,S2-128460500,S2-132147493,S2-133028223,S2-13565132,S2-138702507,S2-139603809,S2-145057304,S2-145212314,S2-14820214,S2-150814682,S2-153804724
S1-846870843	S2-184439908,S2-580778156,S2-548139626,S2-391861259,S2-106393512,S2-108074414,S2-109530317,S2-110239007,S2-119815516,S2-129894884,S2-13691534,S2-137825625,S2-160941289,S2-186614082,S2-219268472,S2-222861761,S2-241013197,S2-241231062,S2-288641682,S2-292335274,S2-31854557,S2-32995522,S2-334470122,S2-334901847,S2-34207224,S2-348897674,S2-351022401,S2-361311490,S2-368527359,S2-375456364,S2-385142682,S2-387799480,S2-394598412,S2-426046760,S2-429036199,S2-503876431,S2-525455417,S2-540774687,S2-541578100,S2-545011768
S1-707311952	S2-690664216,S2-50083056,S2-795399288,S2-538205795,S2-666077802,S2-116639585,S2-178967093,S2-244224304,S2-249215835,S2-267133597,S2-290256536,S2-306503388,S2-319667672,S2-333508688,S2-3391327,S2-369652523,S2-425428886,S2-467414426,S2-494340820,S2-570217363,S2-572252171,S2-642176239,S2-718227265,S2-77906217,S2-855831597,S2-88716355,S2-888979586,S2-924382399,S2-939990702,S2-966706746,S2-102059869,S2-104028932,S2-109064076,S2-109530796,S2-110727187,S2-110852440,S2-111131531,S2-111361216,S2-111528223,S2-114823038
S1-921473285	S2-860590496,S2-101436810,S2-258085782,S2-463601226,S2-682095222,S2-798310588,S2-873954794,S2-216312371,S2-259854240,S2-402828916,S2-434799271,S2-539421539,S2-853755608,S2-864751937,S2-936309570,S2-327793720,S2-465052945,S2-127714938,S2-185878279,S2-23048434,S2-239910114,S2-270559597,S2-353572983,S2-420960738,S2-438185832,S2-453211871,S2-482529127,S2-495565633,S2-507152762,S2-523596603,S2-537241079,S2-558353056,S2-585072034,S2-588057327,S2-593402090,S2-605103499,S2-634351405,S2-651531410,S2-655777767,S2-735973567
S1-69232284	S2-509832800,S2-124389366,S2-129095695,S2-240932299,S2-256654481,S2-317079908,S2-402444489,S2-559910502,S2-613579977,S2-645176266,S2-743093625,S2-755645266,S2-79591932,S2-889222096
S1-494268853	S2-384382823,S2-446464109,S2-533488886,S2-629874126,S2-701633263,S2-831657476,S2-901392542,S2-951178231,S2-618123174,S2-867204681,S2-252154374,S2-272577867,S2-286902096,S2-292447435,S2-293441687,S2-30160788,S2-303778301,S2-317837907,S2-324122691,S2-350161456,S2-356364427,S2-37541034,S2-426804229,S2-454198562,S2-454767024,S2-463509187,S2-464353833,S2-572741885,S2-585256482,S2-618467109,S2-649938200,S2-665307065,S2-682907278,S2-703538431,S2-763108962,S2-828427679,S2-849525308,S2-866649673,S2-870107592,S2-894819779
S1-469535575	S2-324101411,S2-182112007,S2-822285448,S2-130743991,S2-13381057,S2-191040529,S2-296443997,S2-433513855,S2-497581206,S2-595151835,S2-703442491,S2-363060524,S2-392398825,S2-71488702,S2-824924992,S2-118199917,S2-148143091,S2-148435905,S2-168560796,S2-1689156,S2-172032247,S2-18192700,S2-236440691,S2-252363282,S2-287713041,S2-291424025,S2-320974130,S2-331797662,S2-344085581,S2-345516678,S2-358052714,S2-369501642,S2-375312135,S2-396648228,S2-401363317,S2-432889646,S2-442439349,S2-446101705,S2-468247608,S2-492826161
S1-23250247	S2-701633263,S2-781317961,S2-2135958,S2-287605788,S2-335124172,S2-430429830,S2-501718120,S2-584977605,S2-79751367,S2-804989344,S2-894819779,S2-910803059,S2-969898742,S2-995454342,S2-996203460,S2-106817274,S2-108639080,S2-116164313,S2-11625542,S2-118596670,S2-133523016,S2-145131937,S2-145136821,S2-151741535,S2-154501375,S2-160228504,S2-163773302,S2-18048178,S2-189942775,S2-190007420,S2-191045664,S2-193729928,S2-195777164,S2-200135066,S2-20132463,S2-205170272,S2-206922743,S2-212620390,S2-217765049,S2-23028681
S1-662196575	S2-256242530,S2-326621295,S2-462173913,S2-12235064,S2-132555754,S2-151690904,S2-156092186,S2-168275464,S2-18192700,S2-202962538,S2-226180778,S2-235916370,S2-255972940,S2-29999822,S2-300383017,S2-306464045,S2-318773716,S2-338227083,S2-362101991,S2-36958444,S2-409473745,S2-418702427,S2-431286952,S2-434220019,S2-453251525,S2-460642343,S2-494102478,S2-494949410,S2-529871863,S2-559881056,S2-561160644,S2-569291090,S2-600211546,S2-622738763,S2-630659678,S2-634271284,S2-642367103,S2-653376239,S2-67748648,S2-678286970
S1-806365059	S2-715698913,S2-902147205,S2-259868738,S2-164977182,S2-165622038,S2-468390527,S2-956379452,S2-104894722,S2-154591991,S2-180653957,S2-266601241,S2-427382450,S2-511072715,S2-796384454,S2-923647134,S2-108937951,S2-122040589,S2-135712954,S2-144841979,S2-18797984,S2-201659527,S2-204419511,S2-230412005,S2-231732832,S2-239910114,S2-246802015,S2-252154374,S2-259172669,S2-270559597,S2-273791403,S2-286492661,S2-306634202,S2-332430964,S2-335304117,S2-34611123,S2-355314799,S2-369512941,S2-371915761,S2-383218892,S2-470667641
S1-456937627	S2-508784928,S2-772599610,S2-132036832,S2-83026289,S2-170481994,S2-20139272,S2-293558728,S2-336158270,S2-389080778,S2-393044280,S2-441994328,S2-449566314,S2-600532549,S2-773595286,S2-809319363,S2-848024418,S2-973980463,S2-101021831,S2-101617662,S2-103372442,S2-10404801,S2-105594990,S2-106184894,S2-106388478,S2-106872383,S2-10768566,S2-108200719,S2-109512442,S2-110837363,S2-111192778,S2-112375605,S2-113366716,S2-113588646,S2-116048508,S2-117511591,S2-11784308,S2-119691200,S2-121339648,S2-126119010,S2-129818134
S1-926719833	S2-168076458,S2-255972940,S2-31050062,S2-329164447,S2-362346858,S2-371012941,S2-387266631,S2-388092234,S2-417386837,S2-426144370,S2-473404434,S2-50012321,S2-515415388,S2-54769223,S2-590940937,S2-602166598,S2-642033571,S2-6565711,S2-681441047,S2-709203769,S2-723312196,S2-743163205,S2-784587376,S2-825954032,S2-830464915,S2-845266905,S2-850389621,S2-858047742,S2-868104062,S2-90119518,S2-928677658,S2-928936183,S2-952087636,S2-970137354,S2-606845571,S2-990752207,S2-15760024,S2-943135456,S2-10214744,S2-103603271
S1-348673679	S2-144841979,S2-417749648,S2-778604392,S2-785903524,S2-799923883
S1-281275955	S2-548707,S2-113366716,S2-144395531,S2-188887388,S2-19456237,S2-207387614,S2-208984116,S2-253237543,S2-325307325,S2-327008381,S2-329112939,S2-342107989,S2-35283649,S2-355519810,S2-37834343,S2-406091061,S2-411376896,S2-429498841,S2-431048014,S2-456896539,S2-480974346,S2-501306391,S2-558008694,S2-590660432,S2-639339469,S2-648857283,S2-695972284,S2-742246170,S2-774498624,S2-813424195,S2-910299433,S2-927131823,S2-938898580,S2-961842332,S2-961859453,S2-994035623,S2-238566883,S2-41185867,S2-535086864,S2-108472673
S1-50821480	S2-122125858,S2-200566565,S2-213567749,S2-3987022,S2-430001277,S2-653708748,S2-665225250,S2-685197519,S2-79656407,S2-877479417,S2-125052176,S2-157357023,S2-170821232,S2-178384635,S2-178937252,S2-215606032,S2-274636190,S2-281905923,S2-3008240,S2-321785710,S2-323598400,S2-344354613,S2-354893994,S2-363779880,S2-416528623,S2-436840512,S2-441938277,S2-459995513,S2-461325533,S2-467505244,S2-474976016,S2-50513846,S2-508320775,S2-518561014,S2-546597197,S2-558307150,S2-56919865,S2-593901596,S2-596049412,S2-607661208
S1-734467842	S2-126315980,S2-18394219,S2-252335802,S2-3500693,S2-357206661,S2-397570933,S2-436621311,S2-522959312,S2-551850834,S2-554323160,S2-557390348,S2-653260287,S2-695657514,S2-783544294,S2-811681154,S2-817462756,S2-93112608,S2-944281654,S2-962347602,S2-983085691,S2-984241859,S2-989481455,S2-672372508,S2-890411162,S2-12953898,S2-135770182,S2-190176249,S2-247658857,S2-36327578,S2-377433131,S2-42635997,S2-51054631,S2-784921939,S2-970294111,S2-101325335,S2-102059869,S2-102176444,S2-102286733,S2-1052306,S2-106817274
S1-326575536	S2-79656407,S2-134831831,S2-237069584,S2-418149569,S2-52618405,S2-647416138,S2-116505106,S2-123810055,S2-125991329,S2-134640727,S2-145275705,S2-14828490,S2-150942644,S2-155159431,S2-165914840,S2-176849787,S2-183761344,S2-195224749,S2-195509551,S2-196810000,S2-231732832,S2-241664334,S2-243791981,S2-244224304,S2-255028006,S2-262847586,S2-26394070,S2-270250656,S2-277830258,S2-286099735,S2-304180445,S2-304826655,S2-324210963,S2-329081802,S2-365245923,S2-369776338,S2-421716190,S2-427382450,S2-433479960,S2-442829552
S1-326297661	S2-499198461,S2-645899328,S2-740639932,S2-921510123,S2-100090803,S2-106184894,S2-106916619,S2-113366716,S2-117680822,S2-120549229,S2-121365773,S2-13556886,S2-143358506,S2-143681690,S2-144395531,S2-146288242,S2-151322374,S2-151615034,S2-152690112,S2-153191170,S2-154404949,S2-159064454,S2-165828114,S2-168390561,S2-177959947,S2-188887388,S2-191186951,S2-194535034,S2-19456237,S2-197696225,S2-199563023,S2-207387614,S2-207490927,S2-208984116,S2-215170190,S2-218205773,S2-220587965,S2-22257325,S2-225495149,S2-226233787
S1-664267481	S2-78755416,S2-121847023,S2-127684958,S2-458251409,S2-497903120,S2-538865236,S2-657910929,S2-75637251,S2-911982345,S2-941991807,S2-236831925,S2-348789755,S2-389757612,S2-540410586,S2-558530282,S2-631752728,S2-787718430,S2-979110795,S2-375921441,S2-713249766,S2-111671984,S2-119502414,S2-125247238,S2-137648271,S2-144757916,S2-153608433,S2-158074307,S2-165828114,S2-175121522,S2-177897269,S2-179832083,S2-193136193,S2-206775978,S2-225826534,S2-249418882,S2-268325339,S2-278671113,S2-296983545,S2-302828791,S2-310878378
S1-382234885	S2-486049060,S2-241479975,S2-325919567,S2-253120022,S2-715386960,S2-812583938,S2-919324881,S2-109161598,S2-10950521,S2-109730183,S2-112672947,S2-118536780,S2-120058030,S2-129035403,S2-131181401,S2-137989962,S2-138702507,S2-140493438,S2-141268529,S2-143268653,S2-143475984,S2-145212314,S2-14712608,S2-147260243,S2-149845283,S2-151147232,S2-155904915,S2-164086509,S2-164921805,S2-165280184,S2-166986252,S2-167351345,S2-168075289,S2-169560340,S2-17265460,S2-187576771,S2-192730397,S2-193218873,S2-193586650,S2-193739593
S1-839977302	S2-123938326,S2-191839285,S2-191893737,S2-219888857,S2-262922617,S2-275578658,S2-278501566,S2-30470193,S2-31565181,S2-333989418,S2-386066551,S2-402548315,S2-404916166,S2-473733145,S2-476760864,S2-47785410,S2-520879072,S2-630112569,S2-659496238,S2-67089845,S2-683588684,S2-761875150,S2-825012256,S2-882156421,S2-88404845,S2-888979586,S2-911154739,S2-997429450,S2-127037984,S2-147485049,S2-30193154,S2-311879305,S2-339680178,S2-588828600,S2-622709972,S2-48466548,S2-794856576,S2-920906083,S2-495613259,S2-572252171
S1-134717804	S2-533185918,S2-142537195,S2-196513047,S2-244869949,S2-289140227,S2-292807436,S2-414410588,S2-438837118,S2-444991627,S2-462010585,S2-50239037,S2-553865009,S2-553988882,S2-587114734,S2-707274030,S2-735910191,S2-766601466,S2-775586416,S2-86668643,S2-971868110,S2-982890515,S2-985582768,S2-139802964,S2-188806697,S2-276213535,S2-278552620,S2-35264828,S2-360221812,S2-82841215,S2-848578999,S2-983281503,S2-143249470,S2-396939467,S2-418607040,S2-699396818,S2-736795392,S2-927840597,S2-108886380,S2-110565207,S2-115895061
S1-984247811	S2-13208375,S2-23010857,S2-285714275,S2-32190143,S2-378054793,S2-410966569,S2-412005346,S2-445965866,S2-498520215,S2-555746143,S2-59463358,S2-604259050,S2-674589988,S2-754631478,S2-756854940,S2-794319658,S2-80220016,S2-805903126,S2-864103770,S2-139514918,S2-266763301,S2-268136836,S2-348537616,S2-382720781,S2-444900570,S2-53736323,S2-593112650,S2-608231554,S2-611686904,S2-675472707,S2-734833318,S2-762445251,S2-804869547,S2-839531876,S2-840459654,S2-987890216,S2-901392542,S2-183683146,S2-218444802,S2-295564788
S1-250280931	S2-653510111,S2-755475008,S2-975749371,S2-438944456,S2-530818638,S2-10289494,S2-108418148,S2-113111022,S2-119815516,S2-128238409,S2-171161046,S2-179095524,S2-187700130,S2-202486846,S2-205172165,S2-212672756,S2-214267117,S2-21947205,S2-220720253,S2-223360164,S2-231775749,S2-244362783,S2-261618486,S2-264549180,S2-267771398,S2-274856932,S2-284994286,S2-290371392,S2-304329800,S2-304744222,S2-305573675,S2-307458396,S2-311613234,S2-315122042,S2-320626199,S2-327366512,S2-327493083,S2-327671265,S2-330896750,S2-333359081
S1-908551239	S2-804906840,S2-967815415,S2-184854626,S2-189472925,S2-304882250,S2-38242753,S2-427227596,S2-465548937,S2-474924251,S2-483944705,S2-495398257,S2-506905511,S2-533444228,S2-558382313,S2-586346194,S2-610636382,S2-616997096,S2-639929133,S2-674862293,S2-742723229,S2-755811455,S2-760870935,S2-794530374,S2-816032421,S2-817914880,S2-832126467,S2-87063122,S2-8982199,S2-901390153,S2-94076418,S2-968449745,S2-996746601,S2-100049666,S2-104159936,S2-106248676,S2-109899510,S2-111131531,S2-118550245,S2-119813155,S2-12146927
S1-340481848	S2-906284098,S2-185194896,S2-214727503,S2-292945651,S2-352198717,S2-426632654,S2-675428560,S2-813775125,S2-815107124,S2-88564603,S2-100627640,S2-101617662,S2-106178242,S2-110995440,S2-113588646,S2-113734215,S2-114762618,S2-12074261,S2-121534599,S2-123374214,S2-124854427,S2-125038980,S2-125247238,S2-125676147,S2-128147026,S2-129436480,S2-129756935,S2-131100893,S2-132673704,S2-13284496,S2-134001637,S2-143181162,S2-144066810,S2-148932974,S2-151664571,S2-154093870,S2-16294734,S2-163260689,S2-163714847,S2-166269541
S1-778881245	S2-109899510,S2-475982006,S2-118711492,S2-224980295,S2-284501015,S2-346922998,S2-352457766,S2-458658981,S2-472694676,S2-481254808,S2-597540516,S2-602160357,S2-613586487,S2-776623624,S2-778485100,S2-921433400,S2-993820972,S2-169416923,S2-183393419,S2-188496341,S2-207641198,S2-340851297,S2-348180150,S2-354233452,S2-391886434,S2-409657574,S2-46552888,S2-467505244,S2-547512506,S2-548296657,S2-55607785,S2-603841351,S2-656748868,S2-676321006,S2-683449571,S2-731682240,S2-815312566,S2-873790751,S2-940589254,S2-951499790
S1-932043072	S2-123703779,S2-153996632,S2-245233481,S2-399052000,S2-441838250,S2-715522197,S2-720048500,S2-721593862,S2-726732611,S2-799102133,S2-859870553,S2-875625657,S2-925474844,S2-927821182,S2-97461083,S2-980733550,S2-610295591,S2-276213535,S2-149284548,S2-234015149,S2-319744931,S2-466772620,S2-476515099,S2-556661926,S2-654480314,S2-924132660,S2-929700754,S2-955947706,S2-128203835,S2-128213271,S2-132636692,S2-132866128,S2-15518868,S2-155455751,S2-158571758,S2-171738557,S2-176116039,S2-186983744,S2-195138230,S2-198372143
S1-928584878	S3-212514545,S3-696813732,S2-185735427,S3-20727238,S3-935370916,S3-839020948,S2-237243311,S2-135712954,S2-146417701,S2-159994333,S2-162277750,S2-230569230,S2-246534162,S2-283097035,S2-314925002,S2-315005820,S2-329256726,S2-331920032,S2-371724116,S2-383218892,S2-471156571,S2-487803690,S2-488313976,S2-635911598,S2-738479881,S2-740956922,S2-761127938,S2-776425226,S2-781044699,S2-785661690,S2-790619030,S2-816920190,S2-831625227,S2-871870024,S2-924541909,S2-963378378,S2-979515993,S2-985419260,S2-200200363,S2-636502988
S1-128207618	S2-620298377,S2-715340601,S2-779802137,S2-989577469,S2-107369086,S2-121763106,S2-125157117,S2-130460888,S2-136414198,S2-13658566,S2-141316194,S2-143301353,S2-154599622,S2-164645767,S2-168767588,S2-171255805,S2-184894061,S2-20381087,S2-206214292,S2-208113918,S2-221796576,S2-233758967,S2-23588937,S2-28021649,S2-280450125,S2-28770178,S2-289706136,S2-30073439,S2-301910003,S2-321963956,S2-324481202,S2-324693301,S2-336884465,S2-338112826,S2-34382123,S2-349797587,S2-367821449,S2-369339411,S2-386622182,S2-394452826
S1-561152069	S2-845359582,S2-232708876,S2-276085299,S2-300448012,S2-358261816,S2-446495200,S2-48325161,S2-519084803,S2-62246080,S2-669200648,S2-881544736,S2-933852766,S2-104588563,S2-122944993,S2-133612925,S2-139990349,S2-142052433,S2-155487435,S2-1618286,S2-181999779,S2-203542060,S2-213113754,S2-224298986,S2-239363876,S2-248838396,S2-255406591,S2-269507938,S2-283141697,S2-296062381,S2-314926539,S2-31527584,S2-322914253,S2-330186762,S2-372864421,S2-374751958,S2-390420925,S2-394947863,S2-399897262,S2-404301795,S2-404641431
S1-937984740	S2-134661626,S2-164690713,S2-30629014,S2-411647326,S2-498353778,S2-536743208,S2-589794392,S2-640749817,S2-779773718,S2-860429875,S2-862767202,S2-950695448,S2-117325459,S2-123328425,S2-138689089,S2-14123063,S2-141889236,S2-144498263,S2-147564537,S2-150806063,S2-157972838,S2-158882780,S2-16285602,S2-163886609,S2-16458883,S2-179342366,S2-181763658,S2-182529912,S2-188787369,S2-209295461,S2-215170190,S2-229976047,S2-236918417,S2-241468824,S2-251235745,S2-253601041,S2-254605586,S2-25877014,S2-260576012,S2-288974455
S1-280818643	S2-72591393,S2-11243137,S2-117898368,S2-131465052,S2-147432492,S2-168476862,S2-170578238,S2-199656834,S2-212365315,S2-212790133,S2-215716814,S2-230099831,S2-238369526,S2-241726445,S2-255965168,S2-299036629,S2-325537654,S2-327327793,S2-327774900,S2-346952176,S2-350895380,S2-360468964,S2-371309140,S2-383110508,S2-387021922,S2-38913804,S2-392482719,S2-397361903,S2-401549332,S2-431031335,S2-442309389,S2-466228422,S2-468107566,S2-495874404,S2-509877057,S2-51328033,S2-514399103,S2-520885845,S2-537976044,S2-546622031
S1-488863775	S2-705723919,S2-106921487,S2-108090038,S2-108212287,S2-114428657,S2-119620011,S2-120215656,S2-122291051,S2-13056162,S2-136212723,S2-136465789,S2-136630789,S2-137904907,S2-139502679,S2-164039123,S2-17360295,S2-179053212,S2-192935505,S2-195362283,S2-205132293,S2-222540081,S2-224962421,S2-239798125,S2-245989691,S2-252156394,S2-260445047,S2-266574400,S2-273677150,S2-280306111,S2-294383113,S2-294531411,S2-308051693,S2-31918179,S2-322272213,S2-3257026,S2-333989418,S2-336822385,S2-337060225,S2-35554040,S2-356596624
S1-663137551	S2-800992054,S2-8661228,S2-479778586,S2-121534599,S2-124854427,S2-129756935,S2-154093870,S2-217592039,S2-233661342,S2-243436428,S2-251551999,S2-260567239,S2-275497842,S2-312231193,S2-313995906,S2-318048642,S2-322724737,S2-32759783,S2-345995694,S2-492559278,S2-520587790,S2-539764077,S2-554735213,S2-578666416,S2-592113355,S2-642921016,S2-71529096,S2-749704392,S2-76923389,S2-776055610,S2-79905632,S2-817844716,S2-830913602,S2-866234067,S2-941455048,S2-952711117,S2-969449407,S2-247765991,S2-284506851,S2-727234193
S1-544254899	S2-920126219,S2-947874339,S2-60075079,S2-76831605,S2-796248122,S2-921636402,S2-981555112,S2-160760471,S2-274612800,S2-343905896,S2-386644958,S2-501933449,S2-118094151,S2-154218504,S2-170578238,S2-17772653,S2-185005990,S2-186621378,S2-203944670,S2-209653486,S2-215053525,S2-220681192,S2-252697289,S2-299114066,S2-32729616,S2-336535370,S2-369083050,S2-373713892,S2-386492007,S2-397361903,S2-404374478,S2-424602201,S2-46186660,S2-491188359,S2-500235007,S2-510828550,S2-52917792,S2-531960706,S2-565474423,S2-619193843
S1-535787043	S2-614640857,S2-163963287,S2-175498662,S2-188008901,S2-198327851,S2-206936573,S2-224633651,S2-234289368,S2-23812106,S2-267871575,S2-274741236,S2-322287551,S2-324738620,S2-355319280,S2-377708352,S2-388568490,S2-410195712,S2-422826585,S2-428461775,S2-430379962,S2-457161576,S2-499135039,S2-500927860,S2-503737530,S2-513295627,S2-523972145,S2-553458222,S2-567628871,S2-586442771,S2-593455704,S2-598338098,S2-602258114,S2-624388927,S2-631827709,S2-643638573,S2-649917878,S2-67416429,S2-675010771,S2-693329513,S2-698793202
S1-114864723	S2-576190657,S2-267627337,S2-567089005,S2-335239170,S2-411986079,S2-487136175,S2-490693855,S2-502013653,S2-536880006,S2-784075198,S2-944932747,S2-11243137,S2-115301281,S2-124783957,S2-133809905,S2-149356677,S2-16458883,S2-168476862,S2-205575315,S2-216312489,S2-279187340,S2-345975091,S2-350895380,S2-359453794,S2-367832284,S2-37926357,S2-387762959,S2-404184749,S2-45236341,S2-466228422,S2-468107566,S2-483229924,S2-490491736,S2-490844985,S2-501933449,S2-503129232,S2-518872573,S2-532425514,S2-536664913,S2-540694186
S1-562175922	S2-189015965,S2-251858541,S2-269792170,S2-317946778,S2-466028917,S2-536892672,S2-622585837,S2-690919543,S2-801254519,S2-934683072,S2-949816752,S2-111784650,S2-119903487,S2-127357680,S2-128595050,S2-129929493,S2-144030565,S2-154074234,S2-168987401,S2-169849130,S2-172338894,S2-181154568,S2-19749906,S2-198376390,S2-204334609,S2-213967613,S2-227520813,S2-240905908,S2-274601568,S2-280748354,S2-309436005,S2-326247420,S2-395742460,S2-404282859,S2-40604043,S2-407727977,S2-410099600,S2-423551185,S2-42509455,S2-429661233
S1-562186345	S2-454058469,S2-105862338,S2-10986462,S2-114319283,S2-116413906,S2-150153842,S2-212149820,S2-232219224,S2-251104554,S2-26528208,S2-287593789,S2-289617053,S2-311868409,S2-330243880,S2-342207109,S2-346976956,S2-356532156,S2-382658355,S2-383822500,S2-384219063,S2-391822276,S2-393500952,S2-420967895,S2-494591082,S2-501813340,S2-502493330,S2-510105822,S2-577479315,S2-611382030,S2-618227039,S2-620627845,S2-63801241,S2-64661966,S2-651496385,S2-676465869,S2-693457941,S2-700839537,S2-706168001,S2-731309026,S2-764922789
S1-961259101	S2-526175727,S2-215281349,S2-253299810,S2-303234792,S2-349327469,S2-423729575,S2-484700872,S2-490924057,S2-539108282,S2-706360388,S2-836563673,S2-885758296,S2-954100428,S2-141203706,S2-421460682,S2-566293411,S2-566935843,S2-67760260,S2-678763991,S2-900048364,S2-445865655,S2-51065952,S2-93222871,S2-116894160,S2-117927544,S2-118968443,S2-1262769,S2-126400508,S2-132323002,S2-132780702,S2-148143091,S2-14828490,S2-149597058,S2-152482459,S2-168126628,S2-1689156,S2-171214245,S2-174069908,S2-18394219,S2-185010239
S1-656314104	S2-119608999,S2-297926954,S2-43073112,S2-555771119,S2-128147026,S2-172722823,S2-253704160,S2-256248397,S2-258697668,S2-271664466,S2-3072135,S2-333021767,S2-382009587,S2-440253063,S2-468684124,S2-473305544,S2-50331098,S2-588842182,S2-593952248,S2-648247563,S2-664217294,S2-678375896,S2-733033903,S2-742860190,S2-745188610,S2-79905632,S2-802715353,S2-805057304,S2-868444077,S2-952338272,S2-974614324
S1-404818756	S2-114328615,S2-126996401,S2-139610210,S2-150219403,S2-161047745,S2-181346965,S2-264759308,S2-327738915,S2-342307473,S2-392125160,S2-396471002,S2-407567083,S2-424370597,S2-427947934,S2-452653843,S2-471215013,S2-490874218,S2-4926160,S2-528602597,S2-58067024,S2-706839063,S2-760072869,S2-762216330,S2-784586025,S2-796015902,S2-800923555,S2-821225307,S2-828139103,S2-84687277,S2-893832445,S2-920883898,S2-921122628,S2-930924548,S2-932626440,S2-944671449,S2-952919553,S2-998548920,S2-110425320,S2-185522281,S2-252583656
S1-347171620	S2-506493505,S2-819390000,S2-671602825,S2-888379123,S2-852267169,S2-124783957,S2-483229924,S2-490844985,S2-573380352,S2-727306599,S2-828414109,S2-891265182,S2-16158267,S2-190551533,S2-209877395,S2-229962546,S2-230358190,S2-346516346,S2-376602618,S2-400003645,S2-434127290,S2-450641641,S2-493720323,S2-498070836,S2-512937172,S2-553670674,S2-642684004,S2-65551255,S2-698384347,S2-745674672,S2-781992031,S2-8839817,S2-906758330,S2-919343025,S2-919876821,S2-938876925,S2-989089567,S2-102396184,S2-104019702,S2-108103764
S1-179039599	S2-490156288,S2-728546754,S2-176831941,S2-493812176,S2-520430675,S2-155906447,S2-251568428,S2-485220908,S2-504151537,S2-534277251,S2-705748435,S2-731215113,S2-846162181,S2-899372259,S2-100154652,S2-100189444,S2-101535200,S2-104159936,S2-104193059,S2-105190653,S2-107988880,S2-109064076,S2-109121051,S2-111131531,S2-114823038,S2-116164313,S2-117568512,S2-119015590,S2-119671371,S2-122429281,S2-122429802,S2-123614400,S2-12449131,S2-128057362,S2-130119590,S2-130445881,S2-130829445,S2-133556960,S2-133612925,S2-133692655
S1-116737194	S2-275113496,S2-99886803,S2-233896603,S2-798688197,S2-166721664,S2-543230458,S2-985717089,S2-114409155,S2-305530190,S2-664243955,S2-80430812,S2-81388209,S2-845379409,S2-100606700,S2-108630610,S2-109239798,S2-109496510,S2-109730183,S2-117525275,S2-121836428,S2-123011145,S2-127420554,S2-128924658,S2-130617388,S2-131496838,S2-131845158,S2-138702507,S2-139650940,S2-144395531,S2-145212314,S2-147260243,S2-150245164,S2-15073935,S2-159175610,S2-160760471,S2-168075289,S2-168390370,S2-171072180,S2-176693096,S2-17905410
S1-758535367	S2-129502005,S2-162252776,S2-192749727,S2-252936153,S2-309965376,S2-3213296,S2-327707439,S2-33776943,S2-472776555,S2-739713234,S2-77752460,S2-863281567,S2-876085779,S2-824414038,S2-20026074,S2-28418448,S2-251997493,S2-628104554,S2-117064852,S2-215037150,S2-37793685,S2-382846011,S2-449578781,S2-757458810,S2-895538292,S2-101109194,S2-104665967,S2-112171916,S2-112436185,S2-123315323,S2-145055400,S2-147515638,S2-150993641,S2-177141330,S2-190155015,S2-239600027,S2-240841658,S2-249549757,S2-253545928,S2-254422036
S1-509283665	S2-133664209,S2-134732391,S2-195972156,S2-234672601,S2-252152193,S2-256172355,S2-280677288,S2-316631181,S2-337243893,S2-354923041,S2-360884658,S2-372871261,S2-402074777,S2-405950013,S2-408659835,S2-449995057,S2-450994825,S2-451815730,S2-472361671,S2-491599473,S2-508365500,S2-524570942,S2-539330980,S2-549397424,S2-553315335,S2-561497280,S2-568268673,S2-569931245,S2-585489181,S2-60414527,S2-613553294,S2-615055841,S2-63762158,S2-666642768,S2-669020210,S2-669043100,S2-70730904,S2-720066066,S2-738264555,S2-751185389
S1-834765297	S2-714461843,S2-10578216,S2-122361589,S2-271907093,S2-37044016,S2-376746280,S2-467076814,S2-510058123,S2-583532075,S2-705556629,S2-800456807,S2-945049160,S2-953675570,S2-111185747,S2-128238338,S2-134043330,S2-145952487,S2-176147701,S2-176512196,S2-187498810,S2-188845688,S2-201711977,S2-204561560,S2-212844259,S2-220907837,S2-221508258,S2-248798179,S2-250066100,S2-253550167,S2-257597643,S2-267771398,S2-275617536,S2-311471941,S2-314783331,S2-317647861,S2-321800887,S2-327738915,S2-331692143,S2-336631477,S2-357981389
S1-193524792	S2-375495827,S2-112997685,S2-129437880,S2-152110557,S2-156054800,S2-165644805,S2-190798105,S2-191649187,S2-204763383,S2-240276572,S2-251149385,S2-305050596,S2-350659635,S2-355667090,S2-377311367,S2-385173809,S2-392522102,S2-407248579,S2-448191173,S2-491171216,S2-500012176,S2-52328579,S2-5337215,S2-537854766,S2-56713360,S2-573327454,S2-577309568,S2-637236275,S2-669005917,S2-681167755,S2-682144149,S2-708883856,S2-71928099,S2-735792186,S2-759035314,S2-779072102,S2-826016808,S2-860438718,S2-871708021,S2-899538024
S1-564193651	S2-190061056,S2-200698718,S2-741581730,S2-850821233,S2-911447606,S2-10771920,S2-130534694,S2-13436167,S2-144138161,S2-17439372,S2-190872801,S2-218215566,S2-23960368,S2-281836610,S2-290064703,S2-307801410,S2-327971131,S2-337436721,S2-341087716,S2-346956814,S2-375399497,S2-383027424,S2-405447345,S2-435450859,S2-444119612,S2-448838200,S2-473425954,S2-485196510,S2-486018752,S2-512060211,S2-532423914,S2-54314937,S2-557948792,S2-561796765,S2-563964008,S2-638376129,S2-639527708,S2-659071356,S2-688488177,S2-710214065
S1-615455408	S2-136457087,S2-144646370,S2-153629288,S2-156443143,S2-212092946,S2-21671047,S2-221911069,S2-243805640,S2-275415486,S2-275936638,S2-27650345,S2-278732436,S2-279649595,S2-287433671,S2-288691606,S2-290954922,S2-366643378,S2-367091820,S2-376097599,S2-388636523,S2-406516355,S2-407334175,S2-410258237,S2-478596083,S2-479744167,S2-506028460,S2-513043636,S2-53133878,S2-54307441,S2-550186236,S2-551813513,S2-583018979,S2-583148664,S2-597041456,S2-619465474,S2-631104870,S2-633873636,S2-685967133,S2-701500553,S2-766485051
S1-75134768	S2-205392679,S2-253849262,S2-358455184,S2-398460096,S2-412539123,S2-436471877,S2-546869596,S2-606628661,S2-743716332,S2-84163196,S2-869469547,S2-934989040,S2-374721574,S2-963336602,S2-314140371,S2-812936372,S2-107330887,S2-112066657,S2-112369600,S2-11653846,S2-118199917,S2-124729057,S2-132543275,S2-135210500,S2-139323154,S2-142513026,S2-142519050,S2-148143091,S2-148435905,S2-168560796,S2-1689156,S2-169134681,S2-169175840,S2-171631577,S2-172032247,S2-18192700,S2-191045664,S2-199107589,S2-199425487,S2-204450133
S1-187058094	S2-95824802,S2-151165007,S2-220008500,S2-262312110,S2-264939157,S2-294829735,S2-339709693,S2-35662055,S2-616592094,S2-67832996,S2-704449115,S2-718756288,S2-7978064,S2-863919218,S2-910633246,S2-375589983,S2-537797957,S2-639277668,S2-72498405,S2-254739149,S2-437918573,S2-461850008,S2-542321112,S2-737827326,S2-851280786,S2-913017158,S2-18694107,S2-357545160,S2-583190818,S2-625303945,S2-658652721,S2-827701173,S2-132531751,S2-159932518,S2-164910921,S2-178967093,S2-182185790,S2-189987319,S2-196204984,S2-211698892
S1-248690018	S2-248303219,S2-730043743,S2-974418911,S2-804906840,S2-967815415,S2-132022202,S2-160406597,S2-174899985,S2-184854626,S2-257075698,S2-290256536,S2-50909058,S2-533444228,S2-735480035,S2-791572301,S2-816032421,S2-881544736,S2-968449745,S2-970742279,S2-989659598,S2-996746601,S2-105761953,S2-106383133,S2-110549915,S2-112867687,S2-114657503,S2-119087459,S2-119907794,S2-124970234,S2-131885549,S2-133651279,S2-133774508,S2-134796146,S2-135210500,S2-136991143,S2-137904907,S2-137935394,S2-138513768,S2-138840395,S2-141495873
S1-238319738	S2-184439908,S2-580778156,S2-548139626,S2-391861259,S2-106393512,S2-108074414,S2-109530317,S2-110239007,S2-119815516,S2-129894884,S2-13691534,S2-137825625,S2-160941289,S2-186614082,S2-219268472,S2-222861761,S2-241013197,S2-241231062,S2-288641682,S2-292335274,S2-31854557,S2-32995522,S2-334470122,S2-334901847,S2-34207224,S2-348897674,S2-351022401,S2-361311490,S2-368527359,S2-375456364,S2-385142682,S2-387799480,S2-394598412,S2-426046760,S2-429036199,S2-503876431,S2-525455417,S2-540774687,S2-541578100,S2-545011768
S1-715564797	S2-690693738,S2-282796532,S2-110320403,S2-116227998,S2-141939448,S2-165475674,S2-176831941,S2-188393900,S2-199641025,S2-206071274,S2-219322699,S2-220170799,S2-253064487,S2-276367695,S2-286221773,S2-348156373,S2-377242744,S2-377773685,S2-42705993,S2-429965861,S2-456525441,S2-494102478,S2-498649674,S2-511558696,S2-516958896,S2-518007334,S2-535495384,S2-554885304,S2-562889690,S2-66095315,S2-680198089,S2-694718168,S2-741224513,S2-772323364,S2-792142780,S2-807760986,S2-858501886,S2-933852766,S2-952882470,S2-95424985
S1-991841132	S2-214390505,S2-825354133,S2-199384569,S2-813957984,S2-949855595,S2-115642399,S2-137944817,S2-148116189,S2-151628472,S2-169767675,S2-183522702,S2-186041583,S2-18868925,S2-194973709,S2-199693428,S2-200925331,S2-208468004,S2-211475429,S2-21928602,S2-229570617,S2-236755590,S2-244065849,S2-253392440,S2-256004548,S2-259053443,S2-26081285,S2-272902061,S2-287796246,S2-300257199,S2-308345127,S2-312514311,S2-333021767,S2-333785505,S2-340914541,S2-364820336,S2-382009587,S2-38259941,S2-40107680,S2-409883935,S2-413822422
S1-391141182	S2-140954705,S2-196088758,S2-206611173,S2-242104595,S2-279857257,S2-308911053,S2-321432050,S2-321946024,S2-369776046,S2-412145046,S2-421361866,S2-42331845,S2-428566042,S2-439897368,S2-467748378,S2-485107762,S2-558070284,S2-607073224,S2-608697430,S2-617594647,S2-627360379,S2-651088719,S2-663642257,S2-70041770,S2-727314761,S2-733402251,S2-745246112,S2-755481720,S2-758301941,S2-876173771,S2-887397704,S2-945271271,S2-950171902,S2-956708079,S2-10472605,S2-197837250,S2-241148652,S2-264467660,S2-291781485,S2-299772640
S1-752808975	S2-159932518,S2-178967093,S2-196204984,S2-211698892,S2-410126541,S2-413392149,S2-48485736,S2-509424134,S2-513272494,S2-515109915,S2-529029178,S2-573495112,S2-583190818,S2-589266979,S2-611407136,S2-625303945,S2-629543845,S2-664510235,S2-704744758,S2-713055989,S2-747400550,S2-854894910,S2-951404579,S2-241470689,S2-502260546,S2-752356071,S2-894066769,S2-182185790,S2-226618368,S2-590604060,S2-697092504,S2-760461881,S2-975872810,S2-106382726,S2-123641424,S2-144241980,S2-151165007,S2-164910921,S2-18694107,S2-189987319
S1-993376356	S2-422970228,S2-68471141,S2-102215032,S2-109239798,S2-110813877,S2-11804033,S2-128532524,S2-140385523,S2-141655869,S2-156437500,S2-157935723,S2-163612231,S2-169298326,S2-172314249,S2-185005990,S2-264940990,S2-267429693,S2-298833137,S2-309092050,S2-324348748,S2-330656969,S2-345921177,S2-38453631,S2-4020443,S2-427731617,S2-457049940,S2-465871919,S2-469944775,S2-496850215,S2-505386824,S2-514653047,S2-533088329,S2-552776130,S2-575646982,S2-613729333,S2-614810613,S2-646720926,S2-666290535,S2-676624824,S2-680323770
S1-276322405	S2-35850901,S2-105423216,S2-344347707,S2-992672259,S2-102734904,S2-117680822,S2-192129648,S2-192774038,S2-210747900,S2-234013990,S2-28070223,S2-437013368,S2-534236458,S2-582679076,S2-5851662,S2-632953201,S2-678609308,S2-683926225,S2-769043427,S2-111671984,S2-184810715,S2-590158229,S2-902960006,S2-93943992,S2-100706365,S2-101008327,S2-101730549,S2-104665967,S2-113656688,S2-126429420,S2-151514283,S2-151698687,S2-15802375,S2-16075678,S2-180408468,S2-186260747,S2-189093402,S2-190037032,S2-206617051,S2-209660350
S1-896836973	S2-617009503,S2-718424465,S2-248152588,S2-351801961,S2-375223631,S2-392692075,S2-413136874,S2-437442768,S2-544150656,S2-544578174,S2-563171360,S2-573637990,S2-578489698,S2-648905432,S2-696939507,S2-74154365,S2-74976789,S2-793891207,S2-801589351,S2-806958541,S2-941136069,S2-10316620,S2-10404801,S2-109340169,S2-111192778,S2-112997685,S2-12066237,S2-127331261,S2-129437880,S2-134301319,S2-138827347,S2-139911878,S2-142314444,S2-145842885,S2-145952487,S2-151619983,S2-152110557,S2-153005765,S2-153340843,S2-156054800
S1-104662239	S2-102835643,S2-109949830,S2-118764423,S2-13846147,S2-143822171,S2-145966309,S2-172212658,S2-183974249,S2-184762538,S2-1859793,S2-205897298,S2-256768669,S2-265339181,S2-265976341,S2-271858150,S2-302906922,S2-309201954,S2-318550621,S2-332656577,S2-380863836,S2-412422017,S2-451892649,S2-47667961,S2-484229911,S2-505086652,S2-52406578,S2-592798572,S2-621418870,S2-622597050,S2-63108598,S2-639425455,S2-647730403,S2-672060047,S2-69079260,S2-697778301,S2-712013484,S2-714077903,S2-732982025,S2-739493544,S2-744699417
S1-882796400	S2-104277074,S2-104588563,S2-106976296,S2-110154642,S2-146697745,S2-166932951,S2-210181028,S2-253359631,S2-288769081,S2-30727684,S2-347660873,S2-379382395,S2-449406079,S2-495625514,S2-500594685,S2-548252036,S2-580204312,S2-605633090,S2-61575375,S2-627166104,S2-629475386,S2-734936316,S2-756732012,S2-792070887,S2-884305482,S2-965497191,S2-970116184
S1-325106163	S2-13539019,S2-17059917,S2-177205880,S2-187164462,S2-202956295,S2-250840257,S2-25478720,S2-266574400,S2-362285707,S2-607423444,S2-748545907,S2-859963855,S2-898327550,S2-728826117,S2-207441088,S2-785756054,S2-906507378,S2-970192961,S2-984482575,S2-700416422,S2-174290264,S2-218967275,S2-225394165,S2-322098502,S2-353446210,S2-363875640,S2-387454007,S2-456228483,S2-484035233,S2-495613259,S2-573034322,S2-610907787,S2-654473125,S2-684873043,S2-79732539,S2-865353440,S2-913918794,S2-92216230,S2-927569271,S2-100331681
S1-943911835	S2-60770642,S2-909704467,S2-108639080,S2-108792202,S2-110628432,S2-112759487,S2-127037984,S2-135887903,S2-149371270,S2-152181754,S2-152308126,S2-153945540,S2-162977382,S2-1677612,S2-168143357,S2-17059917,S2-17193863,S2-177926218,S2-178937252,S2-179751359,S2-182612673,S2-184115646,S2-191839285,S2-193184988,S2-215874536,S2-228023672,S2-232486295,S2-237386317,S2-245478842,S2-245485147,S2-247409704,S2-248227178,S2-249448140,S2-254739149,S2-255245234,S2-258702122,S2-268968548,S2-271808167,S2-274680358,S2-274695674
S1-723275887	S2-286891768,S2-660835208,S2-416593408,S2-100128288,S2-105898926,S2-118223037,S2-123889451,S2-12449131,S2-129014236,S2-139916403,S2-145624152,S2-161224471,S2-162977382,S2-168337060,S2-194161205,S2-200464422,S2-206922743,S2-209216476,S2-236030949,S2-238387468,S2-244567679,S2-266324159,S2-273078526,S2-280897124,S2-286915421,S2-303841877,S2-304180445,S2-315230757,S2-321133590,S2-324264809,S2-329661241,S2-339504616,S2-347588318,S2-347957738,S2-350407907,S2-361353637,S2-373726665,S2-37735549,S2-382720781,S2-395886872
S1-663284662	S2-172639826,S2-206495455,S2-237386533,S2-313359818,S2-363654366,S2-387361650,S2-403213198,S2-406070785,S2-414785219,S2-448915596,S2-449455270,S2-512564017,S2-521313228,S2-551418540,S2-602587817,S2-63501895,S2-651190084,S2-735696530,S2-782534007,S2-788786407,S2-790965205,S2-81084363,S2-810987431,S2-82738358,S2-862841483,S2-863129268,S2-882812819,S2-913033756,S2-914169533,S2-944030245,S2-967318207,S2-970794406,S2-265752180,S2-504188280,S2-557830658,S2-237386317,S2-285802098,S2-31817231,S2-387323350,S2-45620068
S1-435587816	S2-247310229,S2-112436185,S2-116937574,S2-122595459,S2-127928747,S2-129095695,S2-134301319,S2-142547712,S2-142740450,S2-143772861,S2-148135037,S2-164058523,S2-166683688,S2-17185421,S2-17670680,S2-179295808,S2-179618783,S2-193136193,S2-193903284,S2-194171151,S2-19525996,S2-199803634,S2-203491557,S2-204111235,S2-204450184,S2-209709244,S2-214292841,S2-214416967,S2-219404095,S2-222934524,S2-224884723,S2-226698507,S2-230093660,S2-230616493,S2-231882276,S2-243989309,S2-268890830,S2-272930939,S2-27315308,S2-274979643
S1-400371708	S2-209064966,S2-312853996,S2-321874863,S2-337572515,S2-750955515,S2-836726177,S2-87920141,S2-726337506,S2-133651279,S2-184083776,S2-249117696,S2-279445642,S2-295824668,S2-315230757,S2-346945355,S2-388109827,S2-421792433,S2-467121938,S2-529047613,S2-582640928,S2-622594801,S2-655515963,S2-681183214,S2-705320533,S2-818066385,S2-922951545,S2-954009491,S2-101333336,S2-102040411,S2-102876779,S2-103750348,S2-103956914,S2-105761953,S2-106383133,S2-107818292,S2-108937951,S2-109527337,S2-109794142,S2-110549915,S2-114657503
S1-489995071	S2-264927097,S2-116894160,S2-278899754,S2-293675262,S2-396092633,S2-414750116,S2-487755645,S2-52271027,S2-646977611,S2-659140555,S2-663191944,S2-67505679,S2-775372498,S2-808710396,S2-837376746,S2-928348681,S2-50055782,S2-132780702,S2-249313801,S2-332036682,S2-575124666,S2-702949564,S2-510842734,S2-19633413,S2-46715599,S2-486334845,S2-606845571,S2-912956777,S2-12146927,S2-12780552,S2-130855524,S2-132323002,S2-138950190,S2-141203706,S2-145910008,S2-152308126,S2-160192383,S2-168076458,S2-170821232,S2-17298657
S1-691555791	S2-105086356,S2-114319283,S2-128364077,S2-129818134,S2-164690713,S2-178432925,S2-186614354,S2-188225777,S2-211828014,S2-222158973,S2-231361899,S2-247790535,S2-250985662,S2-264731923,S2-27991977,S2-300552236,S2-300567807,S2-323943101,S2-333785505,S2-403529620,S2-41181277,S2-418457907,S2-428985968,S2-43073112,S2-436433024,S2-473206091,S2-477171381,S2-49632056,S2-510367781,S2-56347185,S2-591694936,S2-598177562,S2-602908979,S2-613640232,S2-631069515,S2-659537134,S2-678191772,S2-685466390,S2-692499316,S2-749604282
S1-841015443	S2-699984353,S2-802873219,S2-85129732,S2-857940402,S2-954759048,S2-10316620,S2-121832287,S2-12709576,S2-138689089,S2-16720295,S2-182806587,S2-198677483,S2-205484370,S2-215365689,S2-219466057,S2-252858744,S2-2676926,S2-277206516,S2-295060887,S2-299494514,S2-317946778,S2-334202182,S2-356546671,S2-358334842,S2-397543241,S2-402816014,S2-41383201,S2-421026994,S2-431579714,S2-434575880,S2-445331388,S2-458178251,S2-498880727,S2-520685118,S2-53669218,S2-551811705,S2-621479200,S2-62776657,S2-711648776,S2-716112614
S1-685028795	S2-202410754,S2-253099142,S2-291455881,S2-340617159,S2-359988750,S2-406252165,S2-458646765,S2-535260713,S2-536480423,S2-564743026,S2-568006951,S2-618081606,S2-653292640,S2-731368331,S2-735973567,S2-756854940,S2-790116625,S2-823243728,S2-849493308,S2-857865408,S2-896363087,S2-955730734,S2-992255988
S1-487019031	S2-277403676,S2-377656823,S2-437656395,S2-46186660,S2-151903307,S2-225342285,S2-273656819,S2-396945167,S2-493799671,S2-494952163,S2-501933449,S2-530650002,S2-630823082,S2-729701594,S2-152030787,S2-355551836,S2-363663261,S2-419858227,S2-493762375,S2-517400716,S2-702776191,S2-741077373,S2-881810445,S2-890276366,S2-102596253,S2-105845989,S2-107035834,S2-110284095,S2-114121811,S2-115467558,S2-116189378,S2-122325748,S2-123723862,S2-125926135,S2-129061494,S2-130887373,S2-13113066,S2-132873893,S2-134392248,S2-135225672
S1-12025275	S2-118962579,S2-124169707,S2-144638525,S2-18320938,S2-199293153,S2-201277806,S2-203870993,S2-225111611,S2-242815173,S2-271070852,S2-281091664,S2-297215873,S2-334734847,S2-365411286,S2-370732801,S2-40166659,S2-408071722,S2-423289341,S2-480122639,S2-48468813,S2-502977844,S2-519986526,S2-52923151,S2-529333843,S2-561170082,S2-580566062,S2-58187683,S2-584175119,S2-595639432,S2-606889205,S2-636506378,S2-651066610,S2-667363459,S2-713998084,S2-72281741,S2-736621444,S2-763792319,S2-779894373,S2-783841787,S2-790215125
S1-382138150	S2-186424247,S2-237998363,S2-607679396,S2-97112781,S2-243663622,S2-30568957,S2-82119194,S2-114957535,S2-126400508,S2-201730527,S2-251885030,S2-269586543,S2-286638694,S2-314147138,S2-321909251,S2-327045176,S2-37996167,S2-397570933,S2-487495973,S2-498602173,S2-499211806,S2-542321112,S2-56453857,S2-589547778,S2-60474665,S2-645079040,S2-682150479,S2-706024947,S2-711694926,S2-71787985,S2-738056090,S2-746975771,S2-792491460,S2-793655629,S2-809428610,S2-843741470,S2-886799530,S2-889104059,S2-904869247,S2-920447414
S1-491204002	S2-131181401,S2-140493438,S2-149845283,S2-207252956,S2-211375473,S2-225998968,S2-276428958,S2-307157712,S2-346029792,S2-359555706,S2-392877730,S2-418982457,S2-439550136,S2-450389916,S2-452050642,S2-510577105,S2-615672314,S2-676957592,S2-691463903,S2-69699069,S2-718063093,S2-721515464,S2-758637847,S2-770315389,S2-822480952,S2-869893215,S2-872609503,S2-873828790,S2-947178508,S2-948236669,S2-958495001,S2-489196749,S2-585877668,S2-900842217,S2-474888970,S2-214267117,S2-295166340,S2-311801112,S2-534363273,S2-831215313
S1-108888770	S2-124970234,S2-146498176,S2-152553514,S2-177821719,S2-194449713,S2-221773264,S2-279620556,S2-344159907,S2-368885677,S2-382657775,S2-396817199,S2-411420318,S2-453317682,S2-510026596,S2-517108152,S2-54240060,S2-643574270,S2-7089671,S2-751193380,S2-823889019,S2-912083987,S2-917705686,S2-970801107,S2-151034079,S2-207641198,S2-222816106,S2-305809313,S2-963336602,S2-994897267,S2-619573934,S2-348025335,S2-405376038,S2-604161031,S2-628246433,S2-85046646,S2-895645878,S2-943665736,S2-959118137,S2-114810075,S2-171214245
S1-371680181	S2-89007487,S2-293635930,S2-629098322,S2-102072426,S2-105862338,S2-1086160,S2-109665596,S2-10986462,S2-114319283,S2-116413906,S2-119023376,S2-119428002,S2-121102671,S2-128076983,S2-128840868,S2-129570837,S2-132736362,S2-134759309,S2-135129654,S2-138086675,S2-14391913,S2-150153842,S2-152066839,S2-153757199,S2-157842177,S2-160941289,S2-162284321,S2-162582868,S2-165450569,S2-16606029,S2-166500917,S2-172803196,S2-175029936,S2-182529122,S2-189937493,S2-198033071,S2-201277806,S2-203477366,S2-203678791,S2-204440999
S1-936853964	S2-112370727,S2-190167199,S2-375416301,S2-396336211,S2-431498941,S2-474118498,S2-503671769,S2-790425886,S2-816205839,S2-864981476,S2-880421504,S2-883621501,S2-889918406,S2-921472751,S2-260726129,S2-322272213,S2-347954414,S2-641596648,S2-765966940,S2-806888903,S2-416714901,S2-161174102,S2-219242350,S2-222822607,S2-295564788,S2-392898785,S2-619470822,S2-710297560,S2-710505709,S2-788876489,S2-802670510,S2-87906164,S2-882683845,S2-106817274,S2-108639080,S2-116164313,S2-116227998,S2-118596670,S2-135225327,S2-136893078
S1-795195261	S2-228747970,S2-441527848,S2-615253793,S2-772168225,S2-585328803,S2-767787097,S2-897418668,S2-958090016,S2-100606700,S2-101383646,S2-111189308,S2-116199441,S2-121365773,S2-142313702,S2-162582868,S2-167083882,S2-167717233,S2-168727642,S2-185385240,S2-186688728,S2-213050259,S2-213484844,S2-216607898,S2-217204313,S2-221189218,S2-223104954,S2-238550052,S2-239236149,S2-241468824,S2-255348632,S2-260303361,S2-261618486,S2-263028967,S2-266234734,S2-267508487,S2-267653922,S2-268737118,S2-285456867,S2-288447481,S2-293462594
S1-965040695	S2-229365571,S2-433246295,S2-115905594,S2-557352853,S2-131885549,S2-28846697,S2-440375858,S2-492123918,S2-509764556,S2-576558294,S2-599356567,S2-723171211,S2-102309877,S2-102829338,S2-103853781,S2-1052306,S2-107284193,S2-108792202,S2-111478758,S2-116748146,S2-119418300,S2-119607177,S2-126315980,S2-131125837,S2-131187809,S2-133556960,S2-134321493,S2-140467480,S2-140961326,S2-141203706,S2-141464080,S2-142523054,S2-143831817,S2-144554402,S2-146201376,S2-150451830,S2-150882090,S2-150942644,S2-151998897,S2-15361828
S1-736761428	S2-139962638,S2-184473866,S2-201577778,S2-21546718,S2-277537432,S2-297364330,S2-336616001,S2-360903858,S2-366082475,S2-369633230,S2-378011585,S2-400578224,S2-428041856,S2-439161022,S2-449346082,S2-485129405,S2-507704636,S2-564238568,S2-578971256,S2-591376291,S2-639059894,S2-658347451,S2-679316210,S2-69820117,S2-779419583,S2-799561564,S2-808008940,S2-808644906,S2-899738805,S2-906921519,S2-910842372,S2-934305669,S2-432237397,S2-486053875,S2-229420708,S2-531958203,S2-43963109,S2-596302925,S2-660189804,S2-225320421
S1-193364530	S2-10465607,S2-109472059,S2-143918464,S2-144862115,S2-17484102,S2-216931382,S2-221144282,S2-225568504,S2-233453539,S2-235369418,S2-267802862,S2-281337191,S2-312675883,S2-32917335,S2-364448022,S2-365330868,S2-376179005,S2-424531651,S2-467319832,S2-483799593,S2-504730599,S2-513982552,S2-517152825,S2-522151921,S2-534416622,S2-586918288,S2-591182861,S2-595652927,S2-630688873,S2-64540568,S2-653787142,S2-663713531,S2-679333576,S2-681968802,S2-683684816,S2-705546743,S2-713102729,S2-724966076,S2-725965177,S2-734408376
S1-405795474	S2-29639567,S2-931977200,S2-10472605,S2-108418148,S2-109496510,S2-113398294,S2-116828425,S2-128238409,S2-16158267,S2-162698438,S2-169160798,S2-187892076,S2-192321368,S2-197837250,S2-207689415,S2-212365315,S2-222859868,S2-223360164,S2-241148652,S2-250585887,S2-257444853,S2-259323526,S2-264467660,S2-2644830,S2-267771398,S2-277897112,S2-290371392,S2-291781485,S2-29758893,S2-298993932,S2-299772640,S2-301860501,S2-304329800,S2-305573675,S2-311613234,S2-315122042,S2-330703878,S2-333359081,S2-345152867,S2-350597533
S1-661173194	S2-674258562,S2-961635439,S2-100242007,S2-106382726,S2-110331304,S2-11459613,S2-138051778,S2-142031854,S2-144707601,S2-158217318,S2-163739871,S2-167986169,S2-171888227,S2-184115646,S2-212279628,S2-231236399,S2-250386,S2-256169482,S2-263623499,S2-268136836,S2-312458258,S2-321092368,S2-323899689,S2-350163162,S2-374659651,S2-375497942,S2-377057707,S2-410989385,S2-416264354,S2-424459800,S2-42490966,S2-425946225,S2-4415530,S2-441770496,S2-464619490,S2-516206832,S2-521478250,S2-540863605,S2-566968725,S2-608438096
S1-799587036	S2-12235064,S2-168275464,S2-18192700,S2-202962538,S2-235916370,S2-255972940,S2-318773716,S2-338227083,S2-36958444,S2-409473745,S2-431286952,S2-453251525,S2-460642343,S2-494949410,S2-529871863,S2-561160644,S2-600211546,S2-622738763,S2-634271284,S2-642367103,S2-653376239,S2-67748648,S2-718346801,S2-719592273,S2-732240757,S2-75912392,S2-781487110,S2-788168060,S2-841694346,S2-842853642,S2-876313973,S2-882459657,S2-885045580,S2-889964865,S2-898252155,S2-937785893,S2-939878921,S2-945127833,S2-987133846,S2-995910634
S1-401150950	S2-196204984,S2-159932518,S2-178967093,S2-211698892,S2-410126541,S2-413392149,S2-48485736,S2-509424134,S2-513272494,S2-515109915,S2-529029178,S2-573495112,S2-583190818,S2-589266979,S2-611407136,S2-625303945,S2-629543845,S2-664510235,S2-704744758,S2-713055989,S2-747400550,S2-854894910,S2-951404579,S2-241470689,S2-502260546,S2-752356071,S2-894066769,S2-182185790,S2-226618368,S2-590604060,S2-697092504,S2-760461881,S2-418907220,S2-975872810,S2-118339592,S2-286184277,S2-470497584,S2-941767981,S2-965341745,S2-102040411
S1-249916694	S2-480871187,S2-985114164,S2-105768147,S2-108015761,S2-171593739,S2-195211279,S2-292606854,S2-33337398,S2-370818838,S2-371711787,S2-385090662,S2-54735763,S2-554377846,S2-554398664,S2-582055824,S2-592124942,S2-59913111,S2-602695064,S2-629149374,S2-640105360,S2-670261017,S2-70930903,S2-75560900,S2-757807953,S2-813476632,S2-821686916,S2-844175790,S2-856670588,S2-872958158,S2-880116338,S2-888036197,S2-89034737,S2-894434839,S2-927108224,S2-959962240,S2-978750809,S2-98073969,S2-981988715,S2-158052271,S2-180136712
S1-380561654	S2-196314395,S2-406202669,S2-418612401,S2-523715903,S2-844348639,S2-12305067,S2-154037334,S2-242648115,S2-342983489,S2-364836333,S2-396593187,S2-403157826,S2-420688149,S2-461920484,S2-479907313,S2-488651713,S2-519702183,S2-558588522,S2-600588678,S2-613711435,S2-662142656,S2-684075085,S2-708006755,S2-748096290,S2-752095280,S2-798482339,S2-84169767,S2-859442269,S2-860276435,S2-882926023,S2-924599001,S2-924929045,S2-938746096,S2-954699458,S2-40166659,S2-118962579,S2-124169707,S2-144638525,S2-175337102,S2-18320938
S1-64231661	S2-327858374,S2-439384214,S2-460304288,S2-51424319,S2-524881952,S2-723041986,S2-732290285,S2-885938626,S2-108887187,S2-119067158,S2-119195701,S2-120107482,S2-122286245,S2-170461848,S2-178777487,S2-204440999,S2-208459204,S2-208862252,S2-21729431,S2-217337061,S2-218217567,S2-229936983,S2-239430387,S2-252231701,S2-258078518,S2-259105160,S2-259185674,S2-263698393,S2-27087381,S2-279679940,S2-290146361,S2-29472626,S2-314962689,S2-344398913,S2-346783648,S2-355035235,S2-361620397,S2-373666444,S2-39572589,S2-397600396
S1-135208388	S2-640485237,S2-42300137,S2-182583916,S2-196471544,S2-201379687,S2-227254649,S2-247565679,S2-293203126,S2-306202611,S2-311801112,S2-359056593,S2-368497168,S2-378933482,S2-379995337,S2-426505419,S2-426518294,S2-427767782,S2-435144936,S2-457082667,S2-530648053,S2-538855991,S2-544803775,S2-593487033,S2-594601270,S2-622813222,S2-681022312,S2-705344626,S2-776958887,S2-781915574,S2-895557957,S2-944515596,S2-971389584,S2-979750720,S2-986911398,S2-101537138,S2-105768147,S2-107035834,S2-107838326,S2-108015761,S2-109081523
S1-900882482	S2-510676726,S2-961418056,S2-318993556,S2-910301141,S2-864548311,S2-930170573,S2-105594990,S2-119691200,S2-154008376,S2-158888173,S2-180334619,S2-181962832,S2-198353108,S2-20542268,S2-207132088,S2-212930879,S2-213106532,S2-217485572,S2-218339176,S2-233821812,S2-243647198,S2-252746109,S2-25281745,S2-255280797,S2-282757236,S2-289265748,S2-294532497,S2-296598302,S2-304219182,S2-309986532,S2-315299988,S2-334616364,S2-353609064,S2-360207254,S2-380171737,S2-399883790,S2-400233186,S2-408865400,S2-42459012,S2-434685020
S1-112377984	S2-208791729,S2-345516678,S2-956662933,S2-13539019,S2-135535600,S2-137402189,S2-149493164,S2-166252850,S2-171727887,S2-183050312,S2-187711360,S2-215065915,S2-23165070,S2-235976983,S2-240897430,S2-252321761,S2-253444480,S2-263583143,S2-26875061,S2-273200286,S2-292170458,S2-305610224,S2-319667672,S2-333508688,S2-339709693,S2-350228981,S2-372857983,S2-375756940,S2-396515166,S2-411790590,S2-414410588,S2-414785219,S2-425428886,S2-45441914,S2-459758045,S2-461065062,S2-472477398,S2-481670096,S2-494340820,S2-509424134
S1-329014655	S2-874445221,S2-939443200,S2-16014349,S2-171495450,S2-177471665,S2-279733913,S2-280398014,S2-300518677,S2-343032788,S2-370097518,S2-445856349,S2-447927128,S2-517266602,S2-544399922,S2-605149790,S2-622353886,S2-626991326,S2-629894077,S2-637528523,S2-693376322,S2-706631397,S2-731574890,S2-749365740,S2-751539397,S2-795606203,S2-8071218,S2-848807077,S2-856752009,S2-861978377,S2-914802662,S2-94068349,S2-954478367,S2-956289606,S2-976501231,S2-980827580,S2-110284095,S2-272078168,S2-520692571,S2-55434341,S2-640663140
S1-336993358	S2-109496510,S2-389207858,S2-573238844,S2-941693622,S2-194731069,S2-521916112,S2-559821042,S2-565374369,S2-60479362,S2-624620610,S2-677292915,S2-116953520,S2-153447517,S2-185301992,S2-253920854,S2-273364015,S2-317345588,S2-356559453,S2-384829851,S2-458586441,S2-469709634,S2-473579387,S2-478442839,S2-520545166,S2-626798330,S2-681609924,S2-682109957,S2-717205181,S2-856662947,S2-857753362,S2-948056896,S2-967078026,S2-989564844,S2-100606700,S2-100924601,S2-10166460,S2-101673029,S2-102170262,S2-106184894,S2-106347669
S1-921119146	S2-10371526,S2-125063519,S2-127784010,S2-142272235,S2-163840404,S2-166146942,S2-173125473,S2-191314858,S2-200574419,S2-207949575,S2-212239056,S2-219512084,S2-222621399,S2-223741344,S2-230569230,S2-238256534,S2-2543235,S2-261757968,S2-27132776,S2-278899754,S2-292557750,S2-292934059,S2-295562471,S2-323473974,S2-323770048,S2-326534995,S2-327098529,S2-337368767,S2-375736675,S2-41303555,S2-413140058,S2-417386837,S2-421460682,S2-425185889,S2-426136724,S2-426160031,S2-430455463,S2-438260084,S2-445627614,S2-462425825
S1-65467434	S2-703945174,S2-816010137,S2-114971268,S2-124024723,S2-127340374,S2-147509105,S2-165271705,S2-165350708,S2-173394919,S2-180447643,S2-185537657,S2-205288146,S2-208651496,S2-250090156,S2-267223916,S2-274109622,S2-277444929,S2-282834824,S2-288895558,S2-294638554,S2-296830281,S2-300373097,S2-300957446,S2-313048014,S2-319771268,S2-330974580,S2-333300862,S2-370549501,S2-434043362,S2-48289976,S2-504845030,S2-508443778,S2-513452847,S2-527665947,S2-528320338,S2-540664307,S2-57046353,S2-57560168,S2-583442963,S2-616557920
S1-877292493	S2-885787788,S2-13944144,S2-14278997,S2-177353350,S2-256424299,S2-417333492,S2-476477108,S2-509776125,S2-62552776,S2-702024947,S2-759118868,S2-835249575,S2-918956074,S2-109807565,S2-119903487,S2-121908593,S2-1329476,S2-134078505,S2-145480458,S2-158078959,S2-174396062,S2-174396474,S2-19630842,S2-21294737,S2-220111542,S2-232709023,S2-285653179,S2-302996435,S2-320879630,S2-375807945,S2-378011585,S2-387943956,S2-391853942,S2-432218683,S2-469774927,S2-479770402,S2-51621111,S2-530280391,S2-536118919,S2-551168706
S1-300609714	S2-634018145,S2-202963347,S2-503429492,S2-555707870,S2-71529448,S2-755277359,S2-860732503,S2-965878547,S2-126561256,S2-182246971,S2-185471785,S2-186256882,S2-201795506,S2-22315267,S2-235995649,S2-286533228,S2-291365171,S2-367290621,S2-407131307,S2-408659835,S2-456360567,S2-471706180,S2-536660814,S2-551443743,S2-56347185,S2-565305569,S2-566822965,S2-577886,S2-584867012,S2-589161213,S2-593927445,S2-599447500,S2-673191999,S2-681517584,S2-6841889,S2-69965127,S2-708948841,S2-763917393,S2-76767213,S2-771648598
S1-95925372	S2-536721875,S2-78321788,S2-112883751,S2-296686451,S2-844576796,S2-942792172,S2-258486293,S2-28667112,S2-382118226,S2-605544566,S2-707234133,S2-777835859,S2-79536940,S2-851371773,S2-856708759,S2-940079305,S2-976620116,S2-98740207,S2-130579916,S2-14631983,S2-154063343,S2-162817711,S2-164372312,S2-184258903,S2-185270699,S2-239142590,S2-254902464,S2-254973188,S2-261862776,S2-280167656,S2-287048240,S2-303569597,S2-322349265,S2-348926808,S2-388074361,S2-395212259,S2-395272315,S2-424119549,S2-438085957,S2-454592498
S1-229996942	S2-107788076,S2-199502880,S2-241038726,S2-253567973,S2-259632643,S2-275021452,S2-286347374,S2-290310169,S2-328178211,S2-336895448,S2-344874828,S2-345388497,S2-416300306,S2-433700201,S2-441266457,S2-444949898,S2-445481130,S2-477018820,S2-479020009,S2-481276518,S2-484772051,S2-570194138,S2-603980050,S2-668293905,S2-696617658,S2-735034550,S2-735186376,S2-773595286,S2-786245285,S2-786978428,S2-791253520,S2-87892989,S2-889130904,S2-912301356,S2-917666601,S2-972119762,S2-18855548,S2-374447205,S2-456123193,S2-685840770
S1-556051630	S2-939448291,S2-364589062,S2-595691991,S2-684510901,S2-72326469,S2-792034672,S2-832521873,S2-937080621,S2-962229571,S2-105423216,S2-117680822,S2-126429420,S2-128213418,S2-165828114,S2-173306551,S2-179646386,S2-184020156,S2-18760906,S2-187700130,S2-192774038,S2-205001855,S2-205484370,S2-225826534,S2-238594418,S2-244065849,S2-261039683,S2-268927595,S2-293044341,S2-293831194,S2-298101731,S2-302828791,S2-308993997,S2-315127060,S2-324129652,S2-35410781,S2-359374079,S2-363279721,S2-36402841,S2-366702753,S2-372961141
S1-690703334	S2-4067487,S2-449375883,S2-286138822,S2-599347046,S2-889977529,S2-102396184,S2-104019702,S2-119843211,S2-13478829,S2-14241037,S2-149271521,S2-1505887,S2-151582230,S2-177353350,S2-193307781,S2-200814831,S2-203503037,S2-203511816,S2-230358190,S2-233502407,S2-242055718,S2-264997775,S2-271321037,S2-276476724,S2-277184030,S2-288071884,S2-299203503,S2-304961482,S2-306512735,S2-33294773,S2-333716982,S2-335860,S2-346516346,S2-357537858,S2-382192177,S2-412957618,S2-441407845,S2-466015321,S2-472431733,S2-483665860
S1-835419677	S2-693367857,S2-850418435,S2-680312642,S2-187725004,S2-213530655,S2-230090245,S2-248711366,S2-288434289,S2-312010791,S2-337033832,S2-353637016,S2-366947336,S2-421462418,S2-430490738,S2-431016450,S2-441472897,S2-443289456,S2-444387247,S2-463813708,S2-539392693,S2-555451144,S2-560902508,S2-573322221,S2-662502452,S2-679757669,S2-683692604,S2-69993817,S2-707609863,S2-719915449,S2-781156831,S2-819921403,S2-823884362,S2-908587975,S2-932096839,S2-949457772,S2-955603280,S2-965216820,S2-100606700,S2-101383646,S2-101730549
S1-432152596	S2-233896603,S2-243255960,S2-371875095,S2-153447517,S2-160760471,S2-247310229,S2-312744380,S2-343905896,S2-554313700,S2-626798330,S2-795500239,S2-803074201,S2-845228230,S2-856662947,S2-858002856,S2-869179837,S2-989564844,S2-101935915,S2-103934090,S2-104603594,S2-104643233,S2-106178242,S2-108948394,S2-109512442,S2-110358771,S2-114873065,S2-11673139,S2-116953520,S2-118094151,S2-119606819,S2-121289279,S2-121563182,S2-121847023,S2-127684958,S2-131496838,S2-132876714,S2-13565132,S2-136926234,S2-147686508,S2-150245164
S1-546325650	S2-632895146,S2-718979866,S2-94214011,S2-271080754,S2-278537000,S2-28767414,S2-407788306,S2-107111824,S2-113907407,S2-123633221,S2-133292215,S2-142521568,S2-15501444,S2-186016865,S2-2208097,S2-220907837,S2-226819198,S2-228779604,S2-229315248,S2-237660677,S2-247552236,S2-254788701,S2-263273654,S2-266340710,S2-271739874,S2-318303423,S2-341695688,S2-35191964,S2-362065845,S2-364936416,S2-418380949,S2-426113074,S2-43773032,S2-438753836,S2-461563520,S2-471135532,S2-48721163,S2-499948886,S2-551616319,S2-567630676
S1-366969181	S2-11848379,S2-124729057,S2-165830587,S2-169384668,S2-173684584,S2-291868119,S2-313478000,S2-367059834,S2-442447046,S2-531060027,S2-633549789,S2-636865314,S2-648906300,S2-724681924,S2-793153206,S2-806887255,S2-816576851,S2-867533221,S2-889425360,S2-890423795,S2-104535590,S2-187902625,S2-189607674,S2-250445697,S2-25136748,S2-516791831,S2-52340186,S2-643271638,S2-753617261,S2-830809689,S2-861795460,S2-885558468,S2-938731890,S2-96022673,S2-160228504,S2-279445642,S2-588390197,S2-702084815,S2-100331681,S2-106921487
S1-700641920	S2-738854048,S2-127104276,S2-178432925,S2-194675219,S2-207672044,S2-419623117,S2-487086379,S2-505864495,S2-513339388,S2-802129140,S2-884467972,S2-918370320,S2-935473269,S2-347726951,S2-628218255,S2-938883988,S2-16045559,S2-724222776,S2-776338252,S2-995341042,S2-111298661,S2-112685256,S2-114692909,S2-121832287,S2-12434856,S2-125134325,S2-136673444,S2-136846044,S2-136926234,S2-150219403,S2-154052685,S2-15919698,S2-165644805,S2-17446939,S2-175566180,S2-184810715,S2-190208801,S2-192825223,S2-198359450,S2-198586631
S1-147057413	S2-569049408,S2-651617825,S2-101851848,S2-102620713,S2-106649544,S2-107120825,S2-107435203,S2-110084330,S2-112510866,S2-126192882,S2-128364077,S2-133487711,S2-13895880,S2-178075429,S2-190462665,S2-196684622,S2-197427003,S2-197956864,S2-198708258,S2-199293153,S2-200965585,S2-204591452,S2-20748311,S2-220396923,S2-225695766,S2-231171017,S2-253237543,S2-253291989,S2-256768669,S2-256930827,S2-261126850,S2-264549180,S2-265287731,S2-266713379,S2-269792170,S2-280510986,S2-286540981,S2-303286540,S2-304562241,S2-319012131
S1-301025029	S2-142513026,S2-169134681,S2-28466100,S2-303245217,S2-374470578,S2-411675185,S2-418175589,S2-487517967,S2-492343047,S2-541408179,S2-591649583,S2-610175371,S2-826459322,S2-226993824,S2-512553178,S2-153543833,S2-260923976,S2-641856671,S2-797366491,S2-799289955,S2-951297943,S2-157391497,S2-223038034,S2-275859011,S2-293670539,S2-294894437,S2-388856696,S2-497134906,S2-582488939,S2-690830208,S2-703539531,S2-729547086,S2-756612910,S2-815424973,S2-961788450,S2-965302398,S2-976148781,S2-979023277,S2-994897267,S2-105688032
S1-108225323	S2-111370285,S2-148604645,S2-156620832,S2-162336156,S2-186998411,S2-199225324,S2-201032563,S2-206617051,S2-212969599,S2-216216027,S2-225193658,S2-233917897,S2-283161075,S2-337986091,S2-348733623,S2-361400519,S2-361439809,S2-379089587,S2-415271273,S2-422751724,S2-444643733,S2-465894918,S2-485599345,S2-493765804,S2-501799920,S2-505035494,S2-543292648,S2-596912878,S2-69236262,S2-732632263,S2-743093625,S2-822006962,S2-824120390,S2-836840386,S2-876512549,S2-888440125,S2-905350143,S2-937480787,S2-980708422,S2-985375674
S1-474409913	S2-200126752,S2-144066810,S2-159106309,S2-175121522,S2-186998411,S2-238369526,S2-43889792,S2-465719161,S2-471441474,S2-516297148,S2-548593765,S2-563356184,S2-645398164,S2-672479793,S2-695128664,S2-763663684,S2-771102412,S2-786953011,S2-872557917,S2-87360594,S2-918514229,S2-466917774,S2-546744883,S2-551811705,S2-71434915,S2-846756278,S2-936968165
S1-130018504	S2-799209536,S2-121774654,S2-285659000,S2-305724392,S2-530141559,S2-55686686,S2-627166104,S2-633146221,S2-637618515,S2-680519518,S2-704780315,S2-772323364,S2-786906151,S2-816989315,S2-851564713,S2-935794038,S2-984777890,S2-656195346,S2-699970234,S2-846047154,S2-973867712,S2-287717352,S2-711408281,S2-849847209,S2-92873322,S2-93622933,S2-110236539,S2-128057362,S2-230916292,S2-588551697,S2-722844522,S2-821523671,S2-143818305,S2-145015769,S2-167417690,S2-180653957,S2-201659527,S2-209064966,S2-230412005,S2-252154374
S1-68079909	S2-211291231,S2-265078614,S2-292606854,S2-292932387,S2-380437910,S2-423090663,S2-475599428,S2-74273469,S2-783454294,S2-959875636,S2-100924601,S2-120273501,S2-161564769,S2-18506044,S2-197074750,S2-227227974,S2-236595177,S2-304450263,S2-324346264,S2-333897582,S2-38298401,S2-394120307,S2-396926611,S2-411317248,S2-470417469,S2-493606306,S2-498556935,S2-506363323,S2-530236032,S2-552945672,S2-582253130,S2-586191120,S2-616300321,S2-632001748,S2-662050852,S2-729902197,S2-777295554,S2-796933103,S2-829401990,S2-836832298
S1-177943533	S2-328679242,S2-216491353,S2-331300478,S2-397125857,S2-486040295,S2-499191544,S2-525432891,S2-675192386,S2-799879720,S2-813849530,S2-10836953,S2-120446172,S2-131506381,S2-131795106,S2-132078905,S2-134661626,S2-153944521,S2-157016880,S2-167816710,S2-185005990,S2-185531240,S2-189485488,S2-193056650,S2-199980909,S2-200067922,S2-201618952,S2-203491557,S2-210704840,S2-218764611,S2-21882802,S2-220947877,S2-222005991,S2-222636194,S2-228292788,S2-229560398,S2-234917047,S2-236998284,S2-242499245,S2-243423250,S2-272902061
S1-11008242	S2-809810820,S2-131506381,S2-134661626,S2-185531240,S2-193056650,S2-199980909,S2-200067922,S2-228292788,S2-229560398,S2-236998284,S2-277690362,S2-28134581,S2-328861972,S2-336445129,S2-336908326,S2-34510770,S2-346550847,S2-377001396,S2-393056405,S2-414808855,S2-415984831,S2-421953366,S2-426301227,S2-435953879,S2-44935718,S2-473742923,S2-488839070,S2-490251737,S2-543634395,S2-605104851,S2-605331556,S2-609224516,S2-615652460,S2-620223248,S2-63530227,S2-651566191,S2-655756698,S2-67930851,S2-717076942,S2-74336911
S1-771779014	S2-933218135,S2-478830670,S2-616866403,S2-813060044,S2-311204736,S2-32812796,S2-394730394,S2-414027242,S2-428899461,S2-679212931,S2-777245399,S2-795150710,S2-804906840,S2-883681544,S2-94013620,S2-111478758,S2-133556960,S2-178788281,S2-192695882,S2-217360345,S2-237273862,S2-271667569,S2-272088039,S2-324751735,S2-34611123,S2-358455184,S2-362771755,S2-373988067,S2-392921683,S2-394018333,S2-407084855,S2-424246521,S2-440375858,S2-444445874,S2-451486643,S2-453574978,S2-470946707,S2-486310337,S2-486560403,S2-491147307
S1-886195710	S2-385077775,S2-413604742,S2-915252093,S2-496024117,S2-527422854,S2-816504980,S2-867204681,S2-100006923,S2-101999827,S2-106571440,S2-109413129,S2-130743991,S2-133358619,S2-13381057,S2-136103129,S2-136437217,S2-136904219,S2-158914046,S2-162464267,S2-171214245,S2-178406946,S2-181402336,S2-181915906,S2-182112007,S2-184993338,S2-187035230,S2-187159719,S2-187514897,S2-191040529,S2-192558011,S2-195940449,S2-199237801,S2-204301831,S2-208299931,S2-224053773,S2-229927247,S2-230916292,S2-231316567,S2-23181035,S2-235155410
S1-458813085	S2-12572277,S2-339097654,S2-562190485,S2-60968052,S2-779729570,S2-103603271,S2-13685817,S2-146996688,S2-271505486,S2-109121051,S2-114824814,S2-12146927,S2-12780552,S2-131956008,S2-145860486,S2-155159431,S2-167076845,S2-177821719,S2-18442426,S2-221008320,S2-221130342,S2-223637416,S2-226993824,S2-237069584,S2-291883858,S2-303234792,S2-306775002,S2-310538544,S2-31091931,S2-343381447,S2-353771582,S2-371637296,S2-3987022,S2-409976922,S2-427921346,S2-435438082,S2-435512062,S2-440734586,S2-44843332,S2-462417369
S1-192345497	S2-951528999,S2-120981197,S2-128443779,S2-190324615,S2-207822063,S2-390052621,S2-44341701,S2-475936285,S2-582984116,S2-603571229,S2-630399387,S2-66716874,S2-806750657,S2-911909095,S2-947198934,S2-986112568,S2-566549558,S2-94376815,S2-176952458,S2-163227237,S2-173774743,S2-197724578,S2-235786647,S2-258995064,S2-277409690,S2-389701509,S2-483453720,S2-569515778,S2-587601505,S2-609330747,S2-784868420,S2-862580655,S2-957766421,S2-100090803,S2-101109194,S2-101454137,S2-102409556,S2-10316620,S2-1032635,S2-103372442
S1-115773611	S2-307292504,S2-143734030,S2-562829889,S2-101109194,S2-108900878,S2-112705194,S2-112997685,S2-118962579,S2-123315323,S2-124435948,S2-124708833,S2-129437880,S2-145055400,S2-146095676,S2-147515638,S2-150993641,S2-152110557,S2-156054800,S2-159155188,S2-165644805,S2-16658849,S2-167351345,S2-169258740,S2-190155015,S2-190798105,S2-191649187,S2-19287970,S2-196446855,S2-197493885,S2-204035624,S2-204763383,S2-206639583,S2-212931966,S2-239600027,S2-240276572,S2-240841658,S2-242961655,S2-249549757,S2-251149385,S2-253545928
S1-72918323	S2-100035425,S2-25250235,S2-354439624,S2-50555502,S2-620647719,S2-661380203,S2-76382003,S2-792243260,S2-808100278,S2-810976402,S2-818959355,S2-830941898,S2-845239283,S2-872636971,S2-918763928,S2-70140928,S2-764262219,S2-65413654,S2-147848398,S2-390074612,S2-681288169,S2-125034015,S2-126861995,S2-133231514,S2-13440422,S2-152186399,S2-153673755,S2-154876508,S2-158989871,S2-19297940,S2-197251777,S2-209113147,S2-226320473,S2-227013046,S2-2316648,S2-231775749,S2-243617384,S2-247009240,S2-248782105,S2-250371949
S1-281356776	S2-468191234,S2-674028684,S2-798736287,S2-850313052,S2-392215967,S2-272170925,S2-708272084,S2-109865432,S2-131125837,S2-145131937,S2-156092186,S2-157357023,S2-161476122,S2-166629328,S2-205913158,S2-220663043,S2-244002315,S2-284394128,S2-292075403,S2-31150951,S2-316935854,S2-404837058,S2-436471877,S2-468242606,S2-513774113,S2-522826666,S2-524407984,S2-60382536,S2-623450230,S2-650621734,S2-659680727,S2-668464582,S2-675484384,S2-707417186,S2-727800618,S2-766725001,S2-777118902,S2-797558775,S2-799289955,S2-8295759
S1-90346785	S2-126737141,S2-382164737,S2-513743270,S2-593927445,S2-746709546,S2-804033782,S2-854614839,S2-100707778,S2-106393512,S2-113734215,S2-115296490,S2-116828425,S2-119584880,S2-123011145,S2-1240796,S2-124534907,S2-127545430,S2-137172645,S2-148944359,S2-149157756,S2-157666508,S2-157749489,S2-158828409,S2-162698438,S2-180229297,S2-198140902,S2-213086477,S2-217315239,S2-229735508,S2-231834521,S2-237236933,S2-251240434,S2-260846780,S2-263698393,S2-268065180,S2-272471957,S2-277128809,S2-280450125,S2-296959281,S2-304283115
S1-262390745	S2-104522416,S2-107820831,S2-112948226,S2-119268701,S2-127216883,S2-133609214,S2-136612680,S2-179060659,S2-205768809,S2-219469380,S2-222969776,S2-231361899,S2-267240709,S2-26844167,S2-271770523,S2-282922653,S2-292460995,S2-33430813,S2-335794457,S2-337907589,S2-347724585,S2-363184048,S2-373678906,S2-395499389,S2-404926302,S2-425103156,S2-436145767,S2-443722118,S2-459778851,S2-46566895,S2-471154795,S2-471955317,S2-474720793,S2-50518822,S2-512119746,S2-537912215,S2-545270835,S2-568034358,S2-571373608,S2-574952268
S1-279145576	S2-368624114,S2-38166887,S2-924303040,S2-982084716,S2-996145046,S2-205935593,S2-255783630,S2-449443443,S2-454013969,S2-507700922,S2-515273616,S2-594365535,S2-748268413,S2-757613830,S2-772860369,S2-101021831,S2-106388478,S2-106872383,S2-109512442,S2-112375605,S2-11250292,S2-116048508,S2-117511591,S2-118448865,S2-126450313,S2-131465052,S2-14331251,S2-157972838,S2-158138722,S2-158148731,S2-159604876,S2-159701054,S2-167816710,S2-169224891,S2-170481994,S2-175523131,S2-177695910,S2-1785970,S2-183102961,S2-183520291
S1-56387917	S2-724316639,S2-102286733,S2-14244056,S2-158627845,S2-215606032,S2-231096876,S2-243032485,S2-247157046,S2-273336808,S2-290992226,S2-313663613,S2-329160130,S2-362602827,S2-374572234,S2-425902897,S2-432169698,S2-469596254,S2-477618882,S2-492826161,S2-493006432,S2-49534671,S2-496500351,S2-510481286,S2-608886373,S2-620015063,S2-622064104,S2-643708783,S2-68640475,S2-693340091,S2-716849919,S2-71929421,S2-770132367,S2-794790265,S2-81197893,S2-821893822,S2-822476046,S2-844843193,S2-851141202,S2-984344895
S1-402994011	S2-253275229,S2-321324316,S2-394730618,S2-582629579,S2-617821075,S2-658756966,S2-84825910,S2-103397384,S2-10465607,S2-108015761,S2-109472059,S2-110358771,S2-128595050,S2-130549409,S2-1348717,S2-137981508,S2-139182951,S2-140493438,S2-143918464,S2-144862115,S2-15595800,S2-164805474,S2-17484102,S2-177244649,S2-187283779,S2-210601194,S2-213484844,S2-216931382,S2-221144282,S2-221968599,S2-225568504,S2-228405165,S2-233453539,S2-235369418,S2-238785001,S2-242049796,S2-249285539,S2-266979209,S2-267802862,S2-281337191
S1-157020136	S2-16294734,S2-100627640,S2-129436480,S2-131100893,S2-144066810,S2-166269541,S2-171445573,S2-190672225,S2-208795739,S2-224627523,S2-249706603,S2-287768232,S2-319119132,S2-328900052,S2-336903131,S2-362398512,S2-390350628,S2-403529620,S2-420378985,S2-426795336,S2-455652660,S2-548095621,S2-583957243,S2-591303276,S2-650578471,S2-660368230,S2-672934251,S2-689906693,S2-70556231,S2-800779929,S2-814239836,S2-814641337,S2-890862054,S2-928125078,S2-988084243,S2-479191736,S2-54568587,S2-583673860,S2-880209371,S2-194287484
S1-601945198	S2-222205849,S2-365478542,S2-391045671,S2-476000925,S2-553193794,S2-567812283,S2-583958357,S2-640526624,S2-656715924,S2-664612154,S2-665985147,S2-67035710,S2-704211489,S2-713719889,S2-785127369,S2-791856232,S2-822482083,S2-882915480,S2-91836810,S2-935001208,S2-975285928,S2-981196366,S2-173251583,S2-183598714,S2-494951180,S2-869196667,S2-151058135,S2-207868561,S2-375736675,S2-470363816,S2-507473101,S2-510842734,S2-603707090,S2-647948759,S2-663049678,S2-663763398,S2-696640506,S2-744685697,S2-770546839,S2-772780605
S1-517658056	S2-173306551,S2-336365604,S2-519999105,S2-584380890,S2-879472043,S2-884264544,S2-10154331,S2-140917061,S2-153452187,S2-165413693,S2-168987401,S2-220082939,S2-324771787,S2-384246000,S2-404282859,S2-410137278,S2-413165268,S2-424847590,S2-440452027,S2-440981928,S2-474934237,S2-506217253,S2-704901158,S2-854080066,S2-900526828,S2-905878361,S2-918677238,S2-962511385,S2-205001855,S2-36402841,S2-366702753,S2-623028024,S2-691886075,S2-774016077,S2-911713499,S2-101834389,S2-105423216,S2-117680822,S2-120762773,S2-130736404
S1-319761497	S2-120060080,S2-131551315,S2-13563203,S2-157086200,S2-162793102,S2-198717453,S2-260401846,S2-260948764,S2-261191937,S2-273758008,S2-284766257,S2-334283064,S2-340786070,S2-404070372,S2-420995032,S2-471716469,S2-5073918,S2-507695587,S2-595921710,S2-602353889,S2-626012117,S2-633258084,S2-676667222,S2-703646011,S2-731161232,S2-741964871,S2-746839529,S2-771610087,S2-781524374,S2-822798899,S2-84464833,S2-99488138,S2-102002843,S2-102309877,S2-102509620,S2-102876779,S2-102950909,S2-108259617,S2-108868655,S2-110236539
S1-502043608	S2-100128288,S2-116661379,S2-142537195,S2-144672505,S2-170257972,S2-17933853,S2-179792263,S2-194067469,S2-194980849,S2-205221094,S2-230569230,S2-247055649,S2-281309190,S2-282013704,S2-289243772,S2-294894437,S2-311928481,S2-319208403,S2-362258219,S2-38077773,S2-391202970,S2-402828916,S2-404916166,S2-424537185,S2-428497065,S2-445965866,S2-44837735,S2-45441914,S2-460118134,S2-467661730,S2-470145282,S2-483944705,S2-485300251,S2-488313976,S2-488548827,S2-512950951,S2-515415388,S2-520378303,S2-520696531,S2-565481558
S1-20023045	S2-104665206,S2-113903756,S2-208524001,S2-235513521,S2-257375164,S2-39418573,S2-473089428,S2-6201861,S2-657612909,S2-689077012,S2-761563119,S2-770529225,S2-856654739,S2-920539851,S2-98119646,S2-934704957,S2-577186665,S2-705574772,S2-773494439,S2-628509139,S2-319520219,S2-464944510,S2-276266669,S2-337499206,S2-6039565,S2-72014837,S2-916100837,S2-936466126,S2-102699008,S2-104643233,S2-104925049,S2-10985621,S2-11443748,S2-11543447,S2-11784308,S2-120889040,S2-122341199,S2-130460888,S2-133231514,S2-134925636
S1-461918961	S2-929743519,S2-340914541,S2-430308884,S2-516297148,S2-580826105,S2-676967505,S2-987960371,S2-183522702,S2-199384569,S2-214390505,S2-236755590,S2-244065849,S2-272902061,S2-287796246,S2-38259941,S2-39472089,S2-43359117,S2-525900411,S2-543150984,S2-579730335,S2-62552776,S2-715405716,S2-748745829,S2-75071547,S2-754987155,S2-764262219,S2-813957984,S2-825354133,S2-830394308,S2-842724020,S2-856424118,S2-906609960,S2-949855595,S2-112726369,S2-115642399,S2-116953520,S2-137944817,S2-141993975,S2-142142252,S2-147432492
S1-951302670	S2-430999887,S2-472773179,S2-378209097,S2-637128522,S2-655515963,S2-902109186,S2-114572881,S2-155159431,S2-198717453,S2-242302791,S2-27305575,S2-449768631,S2-487006810,S2-557707172,S2-67371249,S2-741003638,S2-788901142,S2-841394108,S2-875694694,S2-895394907,S2-917088671,S2-950210800,S2-966043090,S2-993366146,S2-16791478,S2-22328438,S2-254908580,S2-270696574,S2-405135059,S2-4565054,S2-593664813,S2-649519831,S2-664447396,S2-703414481,S2-722892973,S2-736042244,S2-77419070,S2-822747626,S2-947637284,S2-958616120
S1-933508142	S2-215281349,S2-253299810,S2-303234792,S2-349327469,S2-423729575,S2-484700872,S2-490924057,S2-526175727,S2-539108282,S2-706360388,S2-836563673,S2-885758296,S2-954100428,S2-141203706,S2-421460682,S2-566293411,S2-566935843,S2-67760260,S2-264201435,S2-445865655,S2-51065952,S2-93222871,S2-104277074,S2-1052306,S2-116794138,S2-116894160,S2-124970234,S2-12709902,S2-132323002,S2-132780702,S2-13685817,S2-140961326,S2-143019922,S2-146498176,S2-148143091,S2-150882090,S2-152482459,S2-152553514,S2-15518868,S2-164580424
S1-107682341	S2-462173874,S2-385683235,S2-784010121,S2-826599751,S2-933390930,S2-102252903,S2-113801764,S2-115301281,S2-130549409,S2-170119635,S2-229715952,S2-237103898,S2-30222633,S2-311107322,S2-31239624,S2-384532212,S2-401775421,S2-412786272,S2-422082433,S2-425601986,S2-425850353,S2-427860775,S2-502687784,S2-507918584,S2-508793354,S2-557057865,S2-562569688,S2-584570790,S2-638949737,S2-641156889,S2-644979261,S2-720989396,S2-72318069,S2-749778702,S2-754584085,S2-767824890,S2-786969596,S2-803882766,S2-804615322,S2-805147812
S1-803160323	S2-197514971,S2-232036945,S2-34680342,S2-623935557,S2-726340703,S2-261747017,S2-126794277,S2-22921912,S2-257168333,S2-265134748,S2-309150426,S2-315046674,S2-315583585,S2-316331777,S2-323460837,S2-41663066,S2-461973814,S2-48756416,S2-608122900,S2-609330747,S2-645493991,S2-67646934,S2-790392671,S2-803489779,S2-812319202,S2-827845051,S2-843469949,S2-881226493,S2-939549741,S2-955695803,S2-102170262,S2-10578216,S2-107435203,S2-10950521,S2-109730183,S2-111216682,S2-112462184,S2-113398294,S2-117041640,S2-118536780
S1-793019850	S2-121056762,S2-154335718,S2-224520354,S2-229933,S2-238688281,S2-239866768,S2-251694915,S2-264870071,S2-289862093,S2-326452445,S2-337602484,S2-36535392,S2-372121985,S2-378434386,S2-388818821,S2-432491836,S2-437444949,S2-446862692,S2-448781664,S2-45995300,S2-465193590,S2-468913558,S2-470903057,S2-486040295,S2-494131992,S2-510931175,S2-521668848,S2-536133490,S2-537680616,S2-54356365,S2-569150551,S2-571882905,S2-573257166,S2-594516964,S2-60323018,S2-605090351,S2-616259778,S2-619574068,S2-623750845,S2-644979261
S1-773320212	S2-186983744,S2-502406312,S2-642537967,S2-176116039,S2-195138230,S2-514513213,S2-638395538,S2-911753751,S2-123703779,S2-128213271,S2-150097313,S2-153996632,S2-15518868,S2-187702341,S2-204419511,S2-205415275,S2-208680051,S2-245233481,S2-261955538,S2-275329530,S2-276213535,S2-297116737,S2-346945355,S2-379148682,S2-380743763,S2-384313945,S2-399052000,S2-405196382,S2-409800335,S2-413267401,S2-431351732,S2-441838250,S2-45504738,S2-466964208,S2-495149750,S2-510424275,S2-535468525,S2-539943184,S2-540591986,S2-569291090
S1-48025555	S2-166721664,S2-299973643,S2-46302968,S2-717205181,S2-985717089,S2-233896603,S2-275113496,S2-543230458,S2-99886803,S2-171072180,S2-180878213,S2-254663123,S2-418371438,S2-599356111,S2-797210361,S2-81388209,S2-851928013,S2-894962355,S2-944552079,S2-100606700,S2-108630610,S2-109496510,S2-109730183,S2-111914306,S2-117525275,S2-120771780,S2-121836428,S2-123011145,S2-127420554,S2-128924658,S2-130617388,S2-131496838,S2-131845158,S2-135225672,S2-13636289,S2-1363951,S2-138702507,S2-141510337,S2-145212314,S2-147260243
S1-34916446	S2-55686686,S2-121774654,S2-285659000,S2-305724392,S2-530141559,S2-627166104,S2-633146221,S2-637618515,S2-680519518,S2-704780315,S2-772323364,S2-786906151,S2-799209536,S2-816989315,S2-851564713,S2-935794038,S2-984777890,S2-656195346,S2-699970234,S2-846047154,S2-973867712,S2-287717352,S2-711408281,S2-849847209,S2-92873322,S2-93622933,S2-128057362,S2-230916292,S2-588551697,S2-621994518,S2-722844522,S2-821523671,S2-110236539,S2-12779077,S2-134434670,S2-136893078,S2-140943290,S2-143818305,S2-145015769,S2-164646602
S1-980620862	S2-126900007,S2-172585428,S2-201898175,S2-307865609,S2-32080879,S2-325595725,S2-370462940,S2-419046167,S2-420965697,S2-444528389,S2-476761334,S2-508117317,S2-584189101,S2-715290989,S2-742931170,S2-857201466,S2-902994522,S2-915762530,S2-978751921,S2-127308250,S2-494711127,S2-57530947,S2-268220398,S2-428072163,S2-491985532,S2-548094099,S2-577468177,S2-612119416,S2-754096348,S2-103888536,S2-109158013,S2-115115601,S2-119071821,S2-124526830,S2-136860521,S2-144273324,S2-147206006,S2-167329761,S2-16772071,S2-1683168
S1-600462984	S2-22095989,S2-285914895,S2-438597059,S2-461085838,S2-486630648,S2-498279964,S2-535038971,S2-555315602,S2-558752020,S2-620655446,S2-675404112,S2-745542046,S2-81766069,S2-828153833,S2-103464119,S2-108304064,S2-108444869,S2-118448865,S2-122761555,S2-122905558,S2-141106063,S2-143610766,S2-143614907,S2-146753278,S2-147679503,S2-148416682,S2-166810955,S2-176258895,S2-177377039,S2-179494285,S2-183904237,S2-185232231,S2-18841199,S2-189938974,S2-190462665,S2-193465829,S2-198416322,S2-206975659,S2-20761583,S2-208984116
S1-974849189	S2-199253703,S2-974623300,S2-167399634,S2-175808202,S2-177278156,S2-251994632,S2-255404152,S2-256248397,S2-314051985,S2-314697647,S2-338153733,S2-340893741,S2-352575092,S2-359593033,S2-367586775,S2-377606326,S2-509937094,S2-564829794,S2-576814924,S2-637071891,S2-663295048,S2-694041234,S2-754465327,S2-775246218,S2-787019063,S2-821620652,S2-85356128,S2-857834433,S2-901154980,S2-904294514,S2-961254054,S2-972470530,S2-991316647,S2-557057865,S2-841340463,S2-228720880,S2-380233036,S2-456519120,S2-732603141,S2-906557529
S1-391448154	S2-121253507,S2-142142252,S2-142271329,S2-151255775,S2-18337245,S2-184819303,S2-190572026,S2-233344093,S2-309561640,S2-348990518,S2-356859214,S2-377484920,S2-381502239,S2-415855836,S2-421813666,S2-442422124,S2-476110471,S2-490266618,S2-509493015,S2-544973381,S2-566647095,S2-580529895,S2-599447500,S2-604304155,S2-614983466,S2-628294096,S2-649875420,S2-686777300,S2-689245205,S2-708311830,S2-763379556,S2-787833272,S2-806028264,S2-834563673,S2-865610969,S2-928901522,S2-968452252,S2-968862389,S2-977127221,S2-173058270
S1-753495835	S2-153944521,S2-203491557,S2-386421515,S2-770108587,S2-886901147,S2-189485488,S2-218764611,S2-305769260,S2-383110508,S2-500235007,S2-559164316,S2-656960149,S2-776258214,S2-894912666,S2-10836953,S2-126681458,S2-131795106,S2-132078905,S2-167816710,S2-177055137,S2-18868925,S2-210704840,S2-212368164,S2-234917047,S2-276593527,S2-297891330,S2-308444273,S2-318571314,S2-328679242,S2-349301525,S2-408089531,S2-490590455,S2-49633502,S2-519903668,S2-523895220,S2-524362280,S2-541857465,S2-575914097,S2-580976257,S2-609341136
S1-567672228	S2-276591191,S2-103636129,S2-119421000,S2-131659033,S2-157695826,S2-161956716,S2-163896098,S2-210712486,S2-220596390,S2-238646336,S2-257923513,S2-26126776,S2-264187723,S2-27041274,S2-3072135,S2-316212117,S2-322926562,S2-348173686,S2-371867210,S2-446798463,S2-456333971,S2-47720371,S2-497225212,S2-569007716,S2-60963378,S2-645008402,S2-679375932,S2-681932720,S2-689834927,S2-698458738,S2-703536654,S2-703594998,S2-727006455,S2-775649499,S2-787582683,S2-804872908,S2-828034699,S2-862633191,S2-877875891,S2-911546090
S1-805104360	S2-425672519,S2-484875687,S2-797305415,S2-106188251,S2-111456241,S2-139962638,S2-39872851,S2-405435610,S2-412845362,S2-422972848,S2-614599873,S2-684232923,S2-692630041,S2-695034482,S2-782284106,S2-811566774,S2-845711227,S2-853437188,S2-101943224,S2-10950521,S2-111647224,S2-112646678,S2-116493050,S2-121549347,S2-125301970,S2-131578504,S2-137989962,S2-139121005,S2-141268529,S2-142314444,S2-143268653,S2-143475984,S2-14400388,S2-14712608,S2-147235344,S2-153359899,S2-153447517,S2-15358452,S2-155904915,S2-156068377
S1-485776900	S2-88653691,S2-278326463,S2-707178891,S2-122372088,S2-241806424,S2-257397280,S2-35158435,S2-562230767,S2-731097037,S2-75019014,S2-765547222,S2-102263698,S2-10404801,S2-111192778,S2-111294604,S2-116942608,S2-123018151,S2-127570086,S2-128743462,S2-131795106,S2-133006992,S2-133443330,S2-140537645,S2-144282329,S2-147695829,S2-149345266,S2-16025153,S2-164067065,S2-170681210,S2-175604035,S2-176055194,S2-177897269,S2-18053882,S2-184190407,S2-184864625,S2-191174694,S2-201368140,S2-203090889,S2-217808026,S2-220704218
S1-236312382	S2-102734904,S2-192129648,S2-28070223,S2-437013368,S2-632953201,S2-678609308,S2-234013990,S2-93943992,S2-105423216,S2-117680822,S2-192774038,S2-210747900,S2-344347707,S2-35850901,S2-534236458,S2-582679076,S2-5851662,S2-683926225,S2-769043427,S2-992672259,S2-841461548,S2-126794277,S2-179646386,S2-22921912,S2-257168333,S2-261039683,S2-265134748,S2-309150426,S2-315046674,S2-315583585,S2-316331777,S2-323460837,S2-41663066,S2-41847464,S2-475544039,S2-48756416,S2-585973304,S2-608122900,S2-609330747,S2-645493991
S1-352556834	S2-35561576,S2-115115601,S2-144273324,S2-270256436,S2-328937106,S2-407250255,S2-709924089,S2-740502170,S2-807408331,S2-825354133,S2-456360567,S2-127308250,S2-367290621,S2-405762263,S2-115261077,S2-116568778,S2-124526830,S2-126119010,S2-129818134,S2-134662867,S2-146182742,S2-15235408,S2-158052271,S2-17381138,S2-182145854,S2-185079657,S2-188225777,S2-219400256,S2-222273464,S2-224909884,S2-228200232,S2-233994357,S2-250967326,S2-254872504,S2-275232626,S2-275379289,S2-286982976,S2-290528059,S2-290775709,S2-299980209
S1-967809379	S2-467281480,S2-109147488,S2-171172645,S2-199425487,S2-212240492,S2-250454716,S2-274316857,S2-287300820,S2-353204388,S2-466380342,S2-510699017,S2-632017024,S2-760536936,S2-83072048,S2-838331205,S2-863476565,S2-921643168,S2-146697745,S2-471779425,S2-323494354,S2-546683837,S2-625358509,S2-784492940,S2-12827529,S2-150882117,S2-157305539,S2-342332137,S2-371637296,S2-378210101,S2-471977441,S2-592899862,S2-60968052,S2-628238161,S2-655084676,S2-672471315,S2-692397752,S2-748703576,S2-804830967,S2-896104470,S2-898976675
S1-109132023	S2-119428002,S2-243618862,S2-289703780,S2-372013424,S2-619735616,S2-773533569,S2-939980177,S2-13639996,S2-140694796,S2-142086734,S2-158485790,S2-165809100,S2-174868680,S2-185405451,S2-195435490,S2-253215790,S2-253611872,S2-3028524,S2-32430961,S2-332957565,S2-335864524,S2-358510569,S2-364600012,S2-369868688,S2-409276453,S2-411895789,S2-41583718,S2-419321728,S2-426397038,S2-435504815,S2-437516262,S2-44038583,S2-462160475,S2-469326217,S2-470025676,S2-485768772,S2-487797261,S2-516892088,S2-531085205,S2-537868403
S1-904900990	S2-154268491,S2-193184988,S2-281803835,S2-402121022,S2-422101281,S2-516280546,S2-532389987,S2-545592992,S2-585316294,S2-586167780,S2-658815137,S2-705702961,S2-708389947,S2-74210598,S2-802651416,S2-811459411,S2-894819779,S2-916774674,S2-921258246,S2-993846541,S2-996607332,S2-106809448,S2-118742548,S2-122449763,S2-123614400,S2-140740414,S2-146417701,S2-169316016,S2-170863826,S2-171214245,S2-172655424,S2-173171433,S2-185614004,S2-200011965,S2-214803289,S2-223117200,S2-229140581,S2-259172669,S2-262674607,S2-276130074
S1-260530670	S2-215170190,S2-367294125,S2-369558242,S2-476083868,S2-509562990,S2-545202243,S2-573307988,S2-851158280,S2-873006554,S2-97092423,S2-974193110,S2-364902100,S2-460684696,S2-723986550,S2-100090803,S2-106916619,S2-117325459,S2-120549229,S2-13556886,S2-143358506,S2-146288242,S2-151322374,S2-152690112,S2-153191170,S2-159064454,S2-165828114,S2-168390561,S2-177959947,S2-194535034,S2-197696225,S2-207490927,S2-220587965,S2-22257325,S2-224958040,S2-225495149,S2-226233787,S2-230625410,S2-246869552,S2-253266360,S2-253792975
S1-447103941	S2-895116270,S2-183646057,S2-251885030,S2-106174634,S2-110154642,S2-110649728,S2-111528223,S2-114823038,S2-114957535,S2-116537238,S2-116895353,S2-118516014,S2-119518113,S2-122481112,S2-126400508,S2-128809239,S2-132543275,S2-143414354,S2-146359706,S2-149150649,S2-150662180,S2-153235761,S2-156092186,S2-167076845,S2-16810804,S2-168519202,S2-17408236,S2-181403261,S2-192001489,S2-193668330,S2-201730527,S2-204783404,S2-210181028,S2-214025236,S2-217854276,S2-218598807,S2-221717603,S2-223038034,S2-22775099,S2-230412005
S1-459311345	S2-17670680,S2-184582259,S2-194153985,S2-195828714,S2-278562250,S2-404114635,S2-447455888,S2-460994697,S2-77944195,S2-822721361,S2-201622152,S2-244340971,S2-261142408,S2-347443367,S2-409737188,S2-447095477,S2-447497595,S2-459482394,S2-476688679,S2-48947679,S2-53440634,S2-715855454,S2-778620310,S2-823613319,S2-964678798,S2-990151483,S2-133991201,S2-139911878,S2-162582868,S2-165484148,S2-179342366,S2-200547911,S2-203879376,S2-264597063,S2-269792170,S2-27257748,S2-285647710,S2-286701439,S2-298762225,S2-351627789
S1-65852263	S2-172639826,S2-206495455,S2-237386533,S2-313359818,S2-363654366,S2-387361650,S2-403213198,S2-406070785,S2-414785219,S2-448915596,S2-449455270,S2-512564017,S2-521313228,S2-551418540,S2-602587817,S2-63501895,S2-651190084,S2-735696530,S2-782534007,S2-788786407,S2-790965205,S2-81084363,S2-810987431,S2-82738358,S2-862841483,S2-863129268,S2-882812819,S2-913033756,S2-914169533,S2-944030245,S2-967318207,S2-970794406,S2-265752180,S2-504188280,S2-557830658,S2-237386317,S2-285802098,S2-31817231,S2-387323350,S2-45620068
S1-17779586	S2-278326463,S2-707178891,S2-88653691,S2-234013990,S2-290954922,S2-327493083,S2-364820336,S2-450271281,S2-734641211,S2-885609495,S2-116431608,S2-118997643,S2-133443330,S2-143115589,S2-144282329,S2-147695829,S2-150806063,S2-159472146,S2-174238086,S2-175805498,S2-177897269,S2-191174694,S2-198677483,S2-199326751,S2-231537739,S2-247009240,S2-248509783,S2-251915758,S2-295704649,S2-34510770,S2-371850661,S2-383519504,S2-396254374,S2-405039344,S2-424752759,S2-456598271,S2-472024238,S2-473150548,S2-487050645,S2-499198461
S1-611979795	S2-473376034,S2-869241997,S2-100331681,S2-106174634,S2-110154642,S2-110649728,S2-110852440,S2-111528223,S2-114957535,S2-116537238,S2-116895353,S2-117978268,S2-118516014,S2-119518113,S2-122481112,S2-126400508,S2-126771418,S2-128809239,S2-132543275,S2-138425346,S2-143414354,S2-145910008,S2-146359706,S2-150662180,S2-156092186,S2-156565378,S2-161174102,S2-165330754,S2-16679527,S2-167076845,S2-168519202,S2-17408236,S2-175528512,S2-176093736,S2-181403261,S2-192001489,S2-193668330,S2-198158294,S2-199645745,S2-201730527
S1-304386686	S2-121253507,S2-142142252,S2-142271329,S2-151255775,S2-18337245,S2-184819303,S2-190572026,S2-233344093,S2-309561640,S2-348990518,S2-356859214,S2-377484920,S2-381502239,S2-415855836,S2-421813666,S2-442422124,S2-476110471,S2-490266618,S2-509493015,S2-544973381,S2-566647095,S2-580529895,S2-599447500,S2-604304155,S2-614983466,S2-628294096,S2-649875420,S2-686777300,S2-689245205,S2-708311830,S2-763379556,S2-787833272,S2-806028264,S2-834563673,S2-865610969,S2-928901522,S2-968452252,S2-968862389,S2-977127221,S2-173058270
S1-904479856	S2-168075289,S2-550924301,S2-460107134,S2-752556753,S2-324128202,S2-359752930,S2-445128275,S2-458123858,S2-665400933,S2-667286753,S2-681050319,S2-684927326,S2-867918509,S2-102596253,S2-103041397,S2-109335306,S2-129061494,S2-209019917,S2-222413699,S2-237256730,S2-247136789,S2-297548070,S2-319196731,S2-335825003,S2-360730261,S2-384702934,S2-398969078,S2-493762375,S2-50544513,S2-520677637,S2-562118079,S2-570055158,S2-619635875,S2-639059357,S2-664609750,S2-704803407,S2-718517681,S2-724760820,S2-734964954,S2-740423142
S1-549367027	S2-128203835,S2-132636692,S2-132866128,S2-149284548,S2-155455751,S2-158571758,S2-171738557,S2-198372143,S2-234015149,S2-239390744,S2-240745384,S2-258702122,S2-260121473,S2-261955538,S2-274035680,S2-280263727,S2-288770292,S2-293723058,S2-297926319,S2-298194492,S2-300422214,S2-301120078,S2-319744931,S2-331117949,S2-331920032,S2-347588318,S2-376791375,S2-398912153,S2-413720367,S2-416714901,S2-417775419,S2-418402593,S2-42320993,S2-450838763,S2-46363636,S2-466772620,S2-468242606,S2-471977441,S2-472400754,S2-476515099
S1-761930510	S2-163963287,S2-175498662,S2-188008901,S2-198327851,S2-206936573,S2-224633651,S2-234289368,S2-23812106,S2-267871575,S2-274741236,S2-322287551,S2-324738620,S2-355319280,S2-377708352,S2-388568490,S2-410195712,S2-422826585,S2-428461775,S2-430379962,S2-457161576,S2-499135039,S2-500927860,S2-503737530,S2-513295627,S2-523972145,S2-553458222,S2-567628871,S2-586442771,S2-593455704,S2-598338098,S2-602258114,S2-614640857,S2-624388927,S2-631827709,S2-643638573,S2-649917878,S2-67416429,S2-675010771,S2-693329513,S2-698793202
S1-22440787	S2-685400692,S2-240090240,S2-885977204,S2-903743588,S2-929123476,S2-200314062,S2-212023070,S2-214909099,S2-21892998,S2-233867926,S2-236755590,S2-250967326,S2-307842082,S2-319608192,S2-32179148,S2-328416328,S2-337373904,S2-350762938,S2-415413684,S2-436695724,S2-475382266,S2-490605517,S2-500771794,S2-553209769,S2-555466509,S2-602285558,S2-60591225,S2-607849971,S2-616757134,S2-621085283,S2-671256988,S2-6714040,S2-675456752,S2-676591796,S2-676636120,S2-687371952,S2-703743907,S2-724097821,S2-727004670,S2-729001863
S1-829983869	S2-255028006,S2-433479960,S2-724941950,S2-849847209,S2-147123883,S2-157979488,S2-234881217,S2-237257407,S2-284766257,S2-30672176,S2-362313533,S2-366852436,S2-377223089,S2-429047803,S2-483287311,S2-484254734,S2-498904872,S2-606658533,S2-639405301,S2-671535601,S2-699173699,S2-70053123,S2-725657250,S2-872412433,S2-100798928,S2-101819164,S2-108090038,S2-112370727,S2-112975142,S2-114572881,S2-116748146,S2-117195097,S2-122833780,S2-1291343,S2-132098743,S2-132393206,S2-133523016,S2-136918579,S2-140343469,S2-141023155
S1-888224418	S2-357026407,S2-515369272,S2-545290400,S2-623651726,S2-666909282,S2-848711718,S2-941788142,S2-942740931,S2-101825927,S2-102409556,S2-102620713,S2-104440195,S2-106649544,S2-108814408,S2-109034922,S2-109862055,S2-113469017,S2-116820975,S2-118527996,S2-120614992,S2-125403632,S2-126192882,S2-128364077,S2-129052408,S2-133487711,S2-134708169,S2-136113375,S2-139603809,S2-147123074,S2-149225652,S2-151322740,S2-151589139,S2-155460844,S2-156623730,S2-156814273,S2-157070723,S2-159955880,S2-172803196,S2-173139856,S2-173632166
S1-527378599	S2-11443748,S2-156153865,S2-157016880,S2-165328783,S2-192039554,S2-198152141,S2-216781981,S2-230946285,S2-233019863,S2-235073168,S2-237879261,S2-255524633,S2-257098293,S2-264731923,S2-285859028,S2-298325802,S2-299350764,S2-301404229,S2-314988928,S2-316755660,S2-318023531,S2-337719093,S2-355365934,S2-399943317,S2-439557023,S2-443502225,S2-463617918,S2-464160253,S2-477936301,S2-480438727,S2-481240106,S2-494245166,S2-507136173,S2-562973709,S2-574406918,S2-590386743,S2-634718323,S2-649041998,S2-692034868,S2-700210914
S1-797071973	S2-169784465,S2-254762071,S2-402093403,S2-505242927,S2-526616023,S2-743289828,S2-783721876,S2-721031885,S2-950473625,S2-102252903,S2-17354631,S2-369589424,S2-404374478,S2-427860775,S2-693884068,S2-694230780,S2-873006554,S2-101254538,S2-102409556,S2-102773684,S2-103466554,S2-108304064,S2-113801764,S2-116629257,S2-118527996,S2-120614992,S2-121611732,S2-123640222,S2-134708169,S2-135225672,S2-136113375,S2-139182951,S2-141510337,S2-151589139,S2-152056988,S2-155489436,S2-156623730,S2-15970945,S2-159965255,S2-16285602
S1-618285952	S2-101450163,S2-815337584,S2-958183207,S2-72060013,S2-103956914,S2-116669132,S2-117672295,S2-12146927,S2-122481112,S2-12780552,S2-129877585,S2-146147122,S2-146996688,S2-150882117,S2-153336788,S2-155448849,S2-160921654,S2-172032247,S2-182868227,S2-191866478,S2-20799819,S2-216722407,S2-221008320,S2-238069733,S2-242978483,S2-250866020,S2-275401270,S2-280188905,S2-295824668,S2-298178364,S2-306775002,S2-315957452,S2-322234489,S2-338140698,S2-339267241,S2-353424862,S2-354233452,S2-354989800,S2-357197766,S2-371637296
S1-888699746	S2-480871900,S2-143157323,S2-157735411,S2-334986797,S2-344013443,S2-345752893,S2-437736452,S2-499801899,S2-55502727,S2-620167862,S2-667917730,S2-682055274,S2-858560728,S2-891104331,S2-901274968,S2-969642496,S2-9768375,S2-985833069,S2-311879305,S2-386066551,S2-628233919,S2-653853567,S2-104641729,S2-105547812,S2-106382726,S2-113081746,S2-114823038,S2-116748146,S2-117969335,S2-117978268,S2-118339592,S2-118516014,S2-123938326,S2-124970234,S2-127037984,S2-128203835,S2-134481300,S2-135712954,S2-137335733,S2-139274716
S1-622231151	S2-139603809,S2-150814682,S2-182789318,S2-213208828,S2-225037888,S2-258676677,S2-266101971,S2-272004093,S2-308329661,S2-321991349,S2-508632479,S2-535109554,S2-539393537,S2-558486436,S2-56105139,S2-589161213,S2-594064798,S2-621497277,S2-622773844,S2-640723488,S2-641344610,S2-684555226,S2-69614578,S2-715375320,S2-735560077,S2-73664446,S2-766200550,S2-791429680,S2-803596169,S2-812320141,S2-818696988,S2-839252781,S2-844735754,S2-871163588,S2-940086754,S2-941763879,S2-945865905,S2-973809049,S2-982091290,S2-994827565
S1-825091133	S2-786642119,S2-900889764,S2-106383133,S2-89065426,S2-103573723,S2-108927878,S2-109905092,S2-113628773,S2-116329941,S2-123349497,S2-125586840,S2-148986177,S2-163881979,S2-16898407,S2-171193711,S2-178156769,S2-189322970,S2-190642185,S2-193344911,S2-219201040,S2-238258130,S2-270217724,S2-271068810,S2-272390130,S2-273325619,S2-280817578,S2-290250154,S2-30096875,S2-301849769,S2-311029819,S2-311049503,S2-311192735,S2-311700940,S2-322536831,S2-327824302,S2-331399833,S2-339977063,S2-354310141,S2-358579471,S2-358756737
S1-254658412	S2-640121898,S2-108886380,S2-116748146,S2-117953150,S2-121087780,S2-121693888,S2-1291343,S2-132393206,S2-135225327,S2-137954799,S2-14367164,S2-149182232,S2-151058135,S2-151998897,S2-155681006,S2-157305539,S2-175421902,S2-189142927,S2-189594557,S2-196810000,S2-197020255,S2-228677320,S2-243791981,S2-245126142,S2-25491059,S2-255719807,S2-256868825,S2-256961283,S2-258904656,S2-266352916,S2-284766257,S2-28846697,S2-290688425,S2-299583176,S2-301338150,S2-306248022,S2-31784794,S2-322859146,S2-32486942,S2-329081802
S1-561258175	S2-144273324,S2-115115601,S2-270256436,S2-328937106,S2-35561576,S2-407250255,S2-709924089,S2-740502170,S2-807408331,S2-825354133,S2-127308250,S2-405762263,S2-439521076,S2-674420371,S2-115261077,S2-116568778,S2-124526830,S2-126119010,S2-129818134,S2-134662867,S2-146182742,S2-15235408,S2-158052271,S2-17381138,S2-182145854,S2-185079657,S2-188225777,S2-219400256,S2-222273464,S2-224909884,S2-228200232,S2-233994357,S2-250967326,S2-254872504,S2-275232626,S2-275379289,S2-286982976,S2-290528059,S2-290775709,S2-299980209
S1-422926253	S2-154268491,S2-193184988,S2-281803835,S2-402121022,S2-422101281,S2-516280546,S2-532389987,S2-545592992,S2-585316294,S2-586167780,S2-658815137,S2-705702961,S2-708389947,S2-74210598,S2-802651416,S2-811459411,S2-894819779,S2-916774674,S2-921258246,S2-993846541,S2-996607332,S2-10068244,S2-103300986,S2-104699931,S2-104741890,S2-105291052,S2-108792202,S2-109121051,S2-109413129,S2-109579849,S2-110628432,S2-110911063,S2-113463368,S2-114318621,S2-118390471,S2-133692655,S2-13539019,S2-136208372,S2-13918394,S2-139514918
S1-665355186	S2-135712954,S2-146417701,S2-159994333,S2-162277750,S2-185735427,S2-230569230,S2-237243311,S2-246534162,S2-283097035,S2-314925002,S2-315005820,S2-329256726,S2-331920032,S2-371724116,S2-383218892,S2-471156571,S2-487803690,S2-488313976,S2-635911598,S2-738479881,S2-740956922,S2-761127938,S2-776425226,S2-781044699,S2-785661690,S2-790619030,S2-816920190,S2-831625227,S2-871870024,S2-924541909,S2-963378378,S2-979515993,S2-985419260,S3-20727238,S3-212514545,S3-696813732,S3-839020948,S3-935370916,S2-200200363,S2-636502988
S1-419235241	S2-789931861,S2-129267728,S2-519450390,S2-714401103,S2-156967808,S2-165395178,S2-225756135,S2-258904656,S2-411680588,S2-42138752,S2-576594275,S2-584664366,S2-59357804,S2-76825809,S2-826255163,S2-914933428,S2-969121932,S2-99804476,S2-618540072,S2-101919056,S2-114428657,S2-183761344,S2-186835708,S2-231763054,S2-300422214,S2-390418577,S2-465002151,S2-524266828,S2-61138680,S2-643706142,S2-70710708,S2-754366097,S2-960266954,S2-967062595,S2-970332584,S2-100798928,S2-101591517,S2-103694263,S2-103852320,S2-106871300
S1-491664006	S2-102704852,S2-108945591,S2-115920996,S2-137852289,S2-142304946,S2-148435905,S2-199028681,S2-246140180,S2-270494593,S2-310957511,S2-336358047,S2-346112868,S2-368322057,S2-394947863,S2-452650016,S2-481401619,S2-486843244,S2-514945818,S2-52106123,S2-539108282,S2-546609968,S2-547097573,S2-553193479,S2-56453857,S2-593628794,S2-656748868,S2-66472272,S2-671753284,S2-67469002,S2-722887792,S2-730524520,S2-763239631,S2-77198147,S2-795596809,S2-796551785,S2-803709478,S2-825274870,S2-831233375,S2-834353592,S2-873769146
S1-68201540	S2-156565378,S2-246339852,S2-253411332,S2-458521125,S2-506436143,S2-549977985,S2-585767525,S2-614678591,S2-654473125,S2-700690795,S2-768638241,S2-771268760,S2-800694119,S2-915890174,S2-926982402,S2-990772149,S2-352542548,S2-475893824,S2-509105438,S2-78160308,S2-800332320,S2-85446560,S2-322736060,S2-407522430,S2-416568090,S2-442639145,S2-455382415,S2-638395538,S2-114805384,S2-251885030,S2-143518913,S2-161066650,S2-164190611,S2-187514897,S2-195298369,S2-218466900,S2-341142787,S2-343892468,S2-365904551,S2-468613545
S1-960834585	S2-230428270,S2-828939713,S2-236755590,S2-272902061,S2-435467431,S2-457082667,S2-518721067,S2-715405716,S2-748745829,S2-754987155,S2-906609960,S2-113704778,S2-115642399,S2-118448181,S2-121412012,S2-125203770,S2-137944817,S2-145325301,S2-148116189,S2-151628472,S2-153340843,S2-163896098,S2-172136451,S2-172314249,S2-183522702,S2-185471785,S2-186041583,S2-18868925,S2-189729084,S2-192760049,S2-194973709,S2-199384569,S2-199693428,S2-200925331,S2-208468004,S2-211475429,S2-212582677,S2-214390505,S2-218242383,S2-21928602
S1-387424759	S2-130959842,S2-161389991,S2-201696233,S2-36756641,S2-425132141,S2-46437748,S2-507299775,S2-548585818,S2-553442548,S2-610053919,S2-629750030,S2-642501540,S2-777436290,S2-783067135,S2-787772348,S2-815783824,S2-909960255,S2-933957170,S2-948302625,S2-103573723,S2-106383133,S2-108927878,S2-109905092,S2-112257023,S2-113628773,S2-116329941,S2-122744511,S2-123349497,S2-125586840,S2-12796093,S2-131885549,S2-136465789,S2-139502679,S2-148986177,S2-154397597,S2-163881979,S2-164039123,S2-16898407,S2-171193711,S2-176399777
S1-118901869	S2-111461865,S2-127357680,S2-142709390,S2-146435955,S2-150190841,S2-151983381,S2-171100423,S2-177326684,S2-224334856,S2-277201546,S2-281801530,S2-295205540,S2-31241265,S2-319075835,S2-331855957,S2-351547499,S2-361385344,S2-404018961,S2-417173356,S2-421078322,S2-445670871,S2-45677678,S2-466857833,S2-467121958,S2-475820176,S2-515188999,S2-544751089,S2-55444028,S2-582966594,S2-587381188,S2-587609,S2-628011193,S2-629411222,S2-631527515,S2-646244744,S2-689927505,S2-702862423,S2-725382222,S2-7265669,S2-72899391
S1-556845820	S2-210511756,S2-899077015,S2-279822018,S2-695313755,S2-107888981,S2-613234380,S2-806937413,S2-135225672,S2-162582868,S2-213622539,S2-222859868,S2-224208458,S2-281590794,S2-350436252,S2-373051916,S2-402804051,S2-433042943,S2-445336261,S2-465597852,S2-542484410,S2-596392570,S2-628957009,S2-680778090,S2-695291588,S2-717121188,S2-757770694,S2-78468860,S2-925127860,S2-948228830,S2-983403951,S2-100053798,S2-100601479,S2-101173576,S2-101720861,S2-10289494,S2-103096914,S2-103466554,S2-10881057,S2-10985621,S2-110271666
S1-909842346	S2-387372361,S2-737837911,S2-822747626,S2-126049626,S2-242516637,S2-266145544,S2-308126862,S2-342854552,S2-520664579,S2-567353734,S2-575356405,S2-748703576,S2-823889019,S2-937718539,S2-985648686
S1-484130661	S2-131496838,S2-340140487,S2-599042182,S2-41774112,S2-667391262,S2-79384201,S2-359752930,S2-100606700,S2-11673139,S2-11680136,S2-121836428,S2-150245164,S2-160760471,S2-178370258,S2-180878213,S2-183186924,S2-1869428,S2-190315479,S2-192391346,S2-194536194,S2-194918225,S2-203004257,S2-222508892,S2-222989097,S2-232488330,S2-233896603,S2-237833088,S2-253558181,S2-254663123,S2-269487856,S2-273364015,S2-283032764,S2-299973643,S2-343922369,S2-364269222,S2-366644471,S2-368666475,S2-418371438,S2-428308433,S2-452810673
S1-953369117	S2-580014836,S2-751781248,S2-799238901
S1-766392501	S2-76277736,S2-169175840,S2-196293551,S2-212646501,S2-21792334,S2-32609986,S2-395757743,S2-624497391,S2-764202447,S2-784237482,S2-810279652,S2-843024938,S2-915241141,S2-933404802,S2-776368859,S2-898648545,S2-326876405,S2-520830738,S2-122040589,S2-343381447,S2-792284965,S2-809855453,S2-850887844,S2-897308211,S2-943036351,S2-980381674,S2-103603271,S2-109121051,S2-114824814,S2-131956008,S2-135712954,S2-13685817,S2-145860486,S2-169316016,S2-177821719,S2-178862907,S2-18442426,S2-223637416,S2-224546735,S2-229857039
S1-161638253	S2-19578475,S2-776619125,S2-196392069,S2-26784505,S2-30945872,S2-749305259,S2-10285206,S2-103603271,S2-104699931,S2-113980384,S2-12676053,S2-128425665,S2-13056162,S2-135225327,S2-13685817,S2-137048689,S2-137062485,S2-139990349,S2-14489059,S2-146315468,S2-149370940,S2-151690904,S2-155159431,S2-164746426,S2-167076845,S2-172499729,S2-178937252,S2-180447643,S2-181402336,S2-189942775,S2-190788386,S2-191247506,S2-192450979,S2-194486400,S2-195007011,S2-200439459,S2-200482051,S2-204419511,S2-204446345,S2-205017697
S1-328447918	S2-101896613,S2-271897880,S2-648247563,S2-664217294,S2-674874785,S2-845027288,S2-264997775,S2-467655835,S2-167083882,S2-19027739,S2-225402608,S2-428308433,S2-682837277,S2-943996696,S2-103636129,S2-111647224,S2-116493050,S2-121549347,S2-1240796,S2-125301970,S2-131578504,S2-136419735,S2-139121005,S2-146689671,S2-147123074,S2-147235344,S2-148685384,S2-15358452,S2-154093870,S2-155904915,S2-160191566,S2-16025153,S2-166632465,S2-168109271,S2-17185421,S2-171955793,S2-181370304,S2-183075751,S2-187959905,S2-189079635
S1-807851236	S2-540591986,S2-205415275,S2-156967808,S2-203806837,S2-218140871,S2-221821958,S2-234881217,S2-293405027,S2-340617159,S2-355960249,S2-402511279,S2-420409886,S2-420745505,S2-42658359,S2-438185832,S2-484254734,S2-502707039,S2-513524525,S2-549210643,S2-560702438,S2-615493691,S2-618540072,S2-639521411,S2-660428346,S2-671535601,S2-686475305,S2-6889820,S2-715411138,S2-726001783,S2-754366097,S2-76127030,S2-782903465,S2-81883020,S2-865496744,S2-875713213,S2-895944134,S2-936186591,S2-937027575,S2-106372869,S2-265752180
S1-911663813	S2-158217318,S2-212279628,S2-231236399,S2-321092368,S2-323899689,S2-4415530,S2-516206832,S2-521478250,S2-615026951,S2-663411487,S2-68402423,S2-737592764,S2-744751234,S2-250386,S2-641807236,S2-671974080,S2-885731246,S2-263623499,S2-424459800,S2-425946225,S2-904884707,S2-927291974,S2-102172461,S2-105501087,S2-10623523,S2-106383133,S2-106781499,S2-106921487,S2-10732416,S2-110151712,S2-110331304,S2-114113860,S2-11459613,S2-116164313,S2-119620011,S2-122125858,S2-126896976,S2-129014236,S2-132188730,S2-13292145
S1-878904744	S2-228720880,S2-245917625,S2-288920537,S2-297491152,S2-305234336,S2-345245266,S2-375335364,S2-380233036,S2-382069075,S2-400772535,S2-416625657,S2-456519120,S2-500350498,S2-599380384,S2-678375896,S2-687056094,S2-732603141,S2-738536601,S2-777055869,S2-800975630,S2-863566095,S2-906557529,S2-941390247,S2-114712518,S2-82484466,S2-715413923,S2-722206336,S2-967078026,S2-513605696,S2-557057865,S2-126208426,S2-138068334,S2-167399634,S2-175808202,S2-177278156,S2-199253703,S2-211291231,S2-219775662,S2-251994632,S2-253392440
S1-520467098	S2-242648115,S2-342983489,S2-364836333,S2-403157826,S2-479907313,S2-684075085,S2-748096290,S2-752095280,S2-798482339,S2-84169767,S2-12305067,S2-154037334,S2-196314395,S2-396593187,S2-406202669,S2-418612401,S2-420688149,S2-461920484,S2-488651713,S2-519702183,S2-523715903,S2-558588522,S2-600588678,S2-613711435,S2-662142656,S2-708006755,S2-844348639,S2-859442269,S2-860276435,S2-882926023,S2-924599001,S2-924929045,S2-938746096,S2-954699458,S2-350377103,S2-368200009,S2-419475528,S2-507122583,S2-579870405,S2-703090648
S1-922391477	S2-426160031,S2-816857201,S2-958447605,S2-142031060,S2-192666728,S2-409800335,S2-568880586,S2-589108263,S2-645586359,S2-738725699,S2-777430270,S2-842907040,S2-489103612,S2-102040411,S2-103750348,S2-118228907,S2-118339592,S2-122773968,S2-132022202,S2-136378745,S2-147279394,S2-14959066,S2-192243075,S2-199260738,S2-202394836,S2-222205849,S2-236490265,S2-271875156,S2-27679228,S2-278260042,S2-284511717,S2-286184277,S2-290688425,S2-294536872,S2-295884984,S2-299719857,S2-306775002,S2-338227083,S2-346945355,S2-357379424
S1-546702803	S2-121378391,S2-307713805,S2-566309986,S2-609407588,S2-111556898,S2-525320120,S2-77261485,S2-108244697,S2-111061289,S2-113753538,S2-114657503,S2-116972417,S2-127945371,S2-134481300,S2-146582760,S2-147122423,S2-155473968,S2-156162868,S2-157086200,S2-168185439,S2-169654436,S2-169730225,S2-174251713,S2-174993976,S2-176831941,S2-181056636,S2-184083776,S2-18879382,S2-191019803,S2-195007011,S2-198535312,S2-198672108,S2-199213478,S2-199635728,S2-212916530,S2-217976803,S2-235599847,S2-237386317,S2-243791981,S2-246777571
S1-950597151	S2-657049017,S2-179889434,S2-199409259,S2-206603732,S2-238971069,S2-266868981,S2-276863393,S2-286244243,S2-294884494,S2-304210462,S2-310340192,S2-318964862,S2-335371,S2-357995340,S2-365786634,S2-368389963,S2-466830047,S2-467659970,S2-504352793,S2-515189936,S2-51547705,S2-530218826,S2-546407954,S2-557520173,S2-563160269,S2-566627479,S2-574056715,S2-576030535,S2-58897609,S2-600433503,S2-617821075,S2-619730998,S2-627328508,S2-675404112,S2-679381757,S2-711659066,S2-732427352,S2-741154042,S2-748555281,S2-758157719
S1-417526535	S2-125034015,S2-126861995,S2-13440422,S2-152186399,S2-154876508,S2-19297940,S2-197251777,S2-248782105,S2-25115719,S2-255808984,S2-264776657,S2-269084113,S2-28021649,S2-316331777,S2-386702363,S2-392313075,S2-412196838,S2-416243900,S2-505166418,S2-506656278,S2-515416055,S2-525587203,S2-527150782,S2-550136811,S2-55800500,S2-579566857,S2-600108525,S2-621802942,S2-625899005,S2-638282892,S2-660059542,S2-685830084,S2-711919843,S2-716588163,S2-729718584,S2-774632221,S2-776958887,S2-818483736,S2-841559996,S2-884393475
S1-950174003	S2-114824814,S2-153269872,S2-159052178,S2-180244772,S2-182287178,S2-193442566,S2-198163085,S2-198672108,S2-205392679,S2-20593252,S2-213177013,S2-234593343,S2-250949938,S2-256459754,S2-257508542,S2-258085782,S2-273791403,S2-28303423,S2-285714275,S2-299415493,S2-303245217,S2-304667963,S2-306856642,S2-307398580,S2-30874231,S2-312406220,S2-332498056,S2-337172708,S2-341431209,S2-34205243,S2-347660873,S2-362154472,S2-377025409,S2-389452257,S2-39768398,S2-416528623,S2-431498941,S2-440428686,S2-444452024,S2-44842624
S1-78167364	S2-116493050,S2-171955793,S2-495256441,S2-507389844,S2-530592124,S2-237459247,S2-49461175,S2-816193826,S2-418818241,S2-111647224,S2-121549347,S2-125301970,S2-131578504,S2-139121005,S2-147235344,S2-15358452,S2-155904915,S2-168109271,S2-183075751,S2-187959905,S2-235572855,S2-279796611,S2-280058351,S2-29679865,S2-29692158,S2-311092496,S2-325314573,S2-350336287,S2-354124598,S2-381785440,S2-400132919,S2-400457112,S2-418475809,S2-437373286,S2-44358262,S2-446294397,S2-450858686,S2-459616587,S2-473213725,S2-496493712
S1-626812427	S2-199803634,S2-238688281,S2-348500603,S2-387917057,S2-406285430,S2-436669059,S2-465896799,S2-466877271,S2-598171744,S2-623205222,S2-673978470,S2-719366265,S2-752887566,S2-828337667,S2-855026830,S2-916100837,S2-917982980,S2-934037681,S2-969271433,S2-102713949,S2-11190790,S2-121412012,S2-121861312,S2-126561256,S2-128786990,S2-133067225,S2-134341052,S2-146476766,S2-147207723,S2-147597950,S2-147662760,S2-148904714,S2-155460844,S2-166911743,S2-16775307,S2-168043586,S2-176055194,S2-181920800,S2-182523550,S2-185066984
S1-938792097	S2-296830281,S2-114971268,S2-124024723,S2-127340374,S2-147509105,S2-165271705,S2-165350708,S2-173394919,S2-180447643,S2-185537657,S2-205288146,S2-208651496,S2-250090156,S2-267223916,S2-274109622,S2-277444929,S2-282834824,S2-288895558,S2-294638554,S2-300373097,S2-300957446,S2-313048014,S2-319771268,S2-330974580,S2-333300862,S2-370549501,S2-434043362,S2-48289976,S2-504845030,S2-508443778,S2-513452847,S2-527665947,S2-528320338,S2-540664307,S2-57046353,S2-57560168,S2-583442963,S2-616557920,S2-622137849,S2-640975264
S1-512634625	S2-167717233,S2-400343253,S2-165484148,S2-264597063,S2-298762225,S2-381127815,S2-583264950,S2-735254538,S2-782970966,S2-892458075,S2-133991201,S2-295799812,S2-103505940,S2-14068945,S2-175865714,S2-222689397,S2-241468824,S2-248263159,S2-277557813,S2-279937166,S2-390040337,S2-432522197,S2-450924279,S2-527577982,S2-534274444,S2-581821672,S2-611101843,S2-670045719,S2-67294215,S2-685306612,S2-686064436,S2-794423102,S2-798834165,S2-801353329,S2-850568549,S2-881228620,S2-955174019,S2-100606700,S2-101037091,S2-101383646
S1-91063734	S2-150803284,S2-261180002,S2-283141697,S2-798489702,S2-814742377,S2-841907535,S2-897870555,S2-178824539,S2-291455881,S2-442422890,S2-458646765,S2-564743026,S2-568006951,S2-618081606,S2-635901385,S2-653292640,S2-731368331,S2-735973567,S2-756854940,S2-790116625,S2-849493308,S2-858359976,S2-955730734,S2-992255988
S1-541486517	S2-114657503,S2-199635728,S2-317532419,S2-379382395,S2-422534402,S2-43498869,S2-520378303,S2-564177352,S2-623639058,S2-693931344,S2-735547873,S2-747478411,S2-835993781,S2-840990980,S2-865029092,S2-884607777,S2-894384835,S2-155473968,S2-445076674,S2-198672108,S2-584977605,S2-6889820,S2-784395175,S2-794711875,S2-963533527,S2-168185439,S2-169730225,S2-18879382,S2-190692311,S2-237386317,S2-369227407,S2-434830646,S2-449440448,S2-609670684,S2-803850369,S2-934653187,S2-10401832,S2-104894722,S2-108244697,S2-111061289
S1-496563197	S2-156286288,S2-293976685,S2-336845092,S2-350985725,S2-351859336,S2-356781591,S2-450048474,S2-590267621,S2-591694936,S2-610346984,S2-6467307,S2-647404791,S2-668363491,S2-700782512,S2-707243848,S2-707969145,S2-711397885,S2-72501543,S2-827450376,S2-8299927,S2-848678857,S2-853071804,S2-87360594,S2-994721815,S2-261144736,S2-126794277,S2-15280146,S2-184901015,S2-191174694,S2-242735870,S2-30143582,S2-329439395,S2-423099834,S2-42591616,S2-461171822,S2-510688423,S2-52327500,S2-526794603,S2-538545365,S2-545290400
S1-285639517	S2-213138164,S2-514818364,S2-201392485,S2-247267244,S2-282978237,S2-303014196,S2-333276397,S2-341978614,S2-434001948,S2-667080209,S2-706962815,S2-741554756,S2-821036274,S2-913840969,S2-926513608,S2-943026198,S2-13856217,S2-175586454,S2-102409556,S2-118527996,S2-134110056,S2-136414198,S2-143822171,S2-170063125,S2-176228373,S2-206611173,S2-207799031,S2-208863400,S2-209993110,S2-217154634,S2-220286148,S2-228990746,S2-235564666,S2-253792975,S2-279049437,S2-280468346,S2-281764783,S2-28384342,S2-284994878,S2-290615647
S1-571317154	S2-256814361,S2-261747017,S2-461973814,S2-67646934,S2-790392671,S2-843469949,S2-10950521,S2-109730183,S2-118536780,S2-126561256,S2-129035403,S2-133067225,S2-137989962,S2-138702507,S2-141268529,S2-143268653,S2-143475984,S2-145212314,S2-14712608,S2-165280184,S2-167351345,S2-169560340,S2-17265460,S2-176055194,S2-182523550,S2-185066984,S2-187576771,S2-192730397,S2-193739593,S2-197514971,S2-203156184,S2-205824361,S2-208238422,S2-213086477,S2-213919453,S2-21556715,S2-21770363,S2-222854614,S2-227857777,S2-228446786
S1-772324975	S2-804739787,S2-787689433,S2-236403418,S2-109542758,S2-119148085,S2-127323706,S2-132936867,S2-134697040,S2-142305657,S2-147123074,S2-148619456,S2-156429081,S2-163159962,S2-169661644,S2-174939675,S2-192714252,S2-193028929,S2-19334883,S2-195817026,S2-20026074,S2-20139272,S2-218242383,S2-228115939,S2-229715952,S2-237499913,S2-239583320,S2-241291924,S2-242911560,S2-251035659,S2-256930827,S2-258436929,S2-258645275,S2-262681979,S2-264464928,S2-27249460,S2-27453712,S2-276826990,S2-279826804,S2-280744572,S2-288974455
S1-665706894	S2-578921158,S2-305874464,S2-429437464,S2-436434462,S2-758256262,S2-885518,S2-926125521,S2-104402925,S2-118199917,S2-148435905,S2-154397597,S2-182612673,S2-227668718,S2-236440691,S2-252713544,S2-257602602,S2-319001690,S2-345516678,S2-34611123,S2-407084855,S2-431240566,S2-446101705,S2-468247608,S2-507761166,S2-52778197,S2-555829354,S2-585151080,S2-671006779,S2-696676120,S2-783067135,S2-814431719,S2-921643168,S2-939067928,S2-946246988,S2-958183207,S2-971008202,S2-99809824,S2-10285206,S2-103956914,S2-104535590
S1-712689085	S2-338153733,S2-754465327,S2-314051985,S2-694041234,S2-167399634,S2-175808202,S2-177278156,S2-199253703,S2-251994632,S2-255404152,S2-256248397,S2-314697647,S2-340893741,S2-352575092,S2-359593033,S2-367586775,S2-377606326,S2-509937094,S2-564829794,S2-576814924,S2-637071891,S2-663295048,S2-775246218,S2-787019063,S2-821620652,S2-85356128,S2-857834433,S2-901154980,S2-904294514,S2-961254054,S2-972470530,S2-974623300,S2-991316647,S2-557057865,S2-841340463,S2-114712518,S2-11483009,S2-121292343,S2-1240796,S2-126208426
S1-328164935	S2-725644451,S2-168043586,S2-248284613,S2-423551185,S2-439311261,S2-453078527,S2-476997525,S2-733997352,S2-83116619,S2-927929048
S1-974716750	S2-10157860,S2-139607667,S2-158757260,S2-168399481,S2-185654339,S2-192760049,S2-204586085,S2-249517780,S2-299036629,S2-311749624,S2-317202838,S2-321800887,S2-341087716,S2-343615678,S2-398572423,S2-416045504,S2-423406761,S2-497944131,S2-547767290,S2-55649812,S2-60645038,S2-646274481,S2-678390281,S2-7059594,S2-723986550,S2-748129589,S2-758790857,S2-786978428,S2-839358795,S2-85730389,S2-890267535,S2-910881358,S2-915853082,S2-920220052,S2-934610437,S2-977707260
S1-37290366	S2-419509015,S2-422140151,S2-422234139,S2-516816103,S2-959336293,S2-979303211,S2-353220275,S2-42573544,S2-576161707,S2-770392707,S2-786305443,S2-101494118,S2-108103764,S2-111061237,S2-113588646,S2-113704778,S2-114233191,S2-11509313,S2-115314774,S2-115830921,S2-116787993,S2-121253507,S2-124258632,S2-12879446,S2-131214369,S2-134043330,S2-135978959,S2-136673444,S2-138900880,S2-140097767,S2-14060431,S2-142142252,S2-142271329,S2-143999439,S2-147749794,S2-149623933,S2-150527757,S2-150648688,S2-151255775,S2-152096273
S1-530376768	S2-109121051,S2-122429281,S2-292557750,S2-30470193,S2-327748154,S2-459514729,S2-471075973,S2-493337621,S2-517966898,S2-529365030,S2-55073412,S2-634180182,S2-683581288,S2-699396818,S2-766020517,S2-785565117,S2-844606494,S2-922951545,S2-941246175,S2-965843961,S2-982655099,S2-100154652,S2-100189444,S2-104193059,S2-105190653,S2-107988880,S2-114823038,S2-116164313,S2-117568512,S2-119015590,S2-122429802,S2-123614400,S2-128057362,S2-130119590,S2-130445881,S2-130829445,S2-133556960,S2-133692655,S2-134189639,S2-135225327
S1-52788209	S2-134721487,S2-152443960,S2-164073191,S2-164531056,S2-200433240,S2-211382724,S2-23854429,S2-240613692,S2-326084392,S2-327099993,S2-327542049,S2-387372361,S2-48414992,S2-49714549,S2-574530624,S2-597809743,S2-602355345,S2-603848598,S2-626669381,S2-636346102,S2-702912501,S2-703379706,S2-704843941,S2-719671042,S2-735289677,S2-779987596,S2-830675888,S2-678818787,S2-736765118,S2-765998952,S2-436663188,S2-601850365,S2-279795129,S2-283987544,S2-313559329,S2-424398885,S2-671421499,S2-772560141,S2-929298280,S2-109623826
S1-30221210	S2-522028128,S2-231104855,S2-112607340,S2-121175267,S2-121347941,S2-142962200,S2-14589566,S2-151125789,S2-166310401,S2-171531928,S2-184784750,S2-186688728,S2-192789185,S2-194153985,S2-19456237,S2-207077232,S2-211034784,S2-221480441,S2-235688494,S2-238566883,S2-260112299,S2-269775293,S2-287848527,S2-294467545,S2-321652415,S2-32606962,S2-334756862,S2-337971131,S2-343740631,S2-351571532,S2-371818777,S2-384477462,S2-393947023,S2-396931838,S2-399493283,S2-408287979,S2-416884583,S2-43399661,S2-434275512,S2-436931097
S1-259910169	S2-169416923,S2-183393419,S2-188496341,S2-340851297,S2-348180150,S2-391886434,S2-409657574,S2-46552888,S2-467505244,S2-547512506,S2-548296657,S2-602160357,S2-603841351,S2-656748868,S2-731682240,S2-815312566,S2-873790751,S2-940589254,S2-951499790,S2-963649434,S2-965145530,S2-207641198,S2-55607785,S2-676321006,S2-147334993,S2-109899510,S2-118711492,S2-165863386,S2-224980295,S2-284501015,S2-346922998,S2-352457766,S2-354233452,S2-458658981,S2-472694676,S2-475982006,S2-481254808,S2-597540516,S2-613586487,S2-683449571
S1-76740440	S2-235916370,S2-338227083,S2-460642343,S2-494949410,S2-529871863,S2-561160644,S2-600211546,S2-622738763,S2-634271284,S2-653376239,S2-67748648,S2-718346801,S2-75912392,S2-781487110,S2-885045580,S2-937785893,S2-987133846,S2-162669505,S2-202962538,S2-223434241,S2-273199101,S2-644980608,S2-804914400,S2-842853642,S2-733030529,S2-86251091,S2-157315965,S2-386534018,S2-423973304,S2-490922578,S2-65281603,S2-654175886,S2-783499977,S2-799649954,S2-104277074,S2-1052306,S2-116794138,S2-12235064,S2-124970234,S2-12709902
S1-614982217	S2-139719497,S2-164976993,S2-18635222,S2-192827750,S2-260121473,S2-308187610,S2-333694748,S2-350228981,S2-474580049,S2-529057484,S2-557596124,S2-622832394,S2-657877197,S2-767469705,S2-777373869,S2-857865408,S2-89499993,S2-934608391,S2-939986664,S2-53313630,S2-70038977,S2-707420806,S2-126049626,S2-193729928,S2-19578475,S2-302049395,S2-341380543,S2-379205310,S2-428093564,S2-434587276,S2-47531931,S2-508487309,S2-560883062,S2-606740532,S2-611880888,S2-655987979,S2-6658650,S2-781363735,S2-888176840,S2-939079087
S1-927698206	S2-107035834,S2-114121811,S2-125926135,S2-13113066,S2-192165024,S2-214889710,S2-230254980,S2-269365134,S2-434433838,S2-477337997,S2-525769340,S2-574948785,S2-591448531,S2-62820691,S2-651192805,S2-651779745,S2-653119002,S2-674019603,S2-68461677,S2-711200564,S2-735318590,S2-80168155,S2-802880289,S2-805960728,S2-814801498,S2-850353890,S2-869606758,S2-889211805,S2-915677646,S2-956845983,S2-99140016,S2-346176476,S2-212582677,S2-738361884,S2-870854431,S2-953126373,S2-132873893,S2-161990650,S2-197592243,S2-199652668
S1-577399555	S2-28111444,S2-908125482,S2-913661925,S2-697727684,S2-105274406,S2-106062693,S2-110995440,S2-12718845,S2-142688663,S2-154218504,S2-156652455,S2-156874802,S2-167356700,S2-170158542,S2-257597643,S2-259632369,S2-25968927,S2-260805156,S2-282060292,S2-287738009,S2-291666288,S2-395563954,S2-396955684,S2-405537711,S2-407237307,S2-436446438,S2-436973961,S2-487166499,S2-543980960,S2-566178926,S2-575748502,S2-576278948,S2-674589163,S2-728091867,S2-748014518,S2-774947324,S2-802322859,S2-82513444,S2-833347414,S2-85716181
S1-384957255	S2-189987319,S2-261433982,S2-364256342,S2-369242155,S2-542437660,S2-576312763,S2-588820333,S2-704733115,S2-850334501,S2-151165007,S2-159932518,S2-164910921,S2-178967093,S2-182185790,S2-18694107,S2-196204984,S2-211698892,S2-220008500,S2-220146645,S2-222621399,S2-226618368,S2-241470689,S2-254739149,S2-262312110,S2-264939157,S2-294829735,S2-33480591,S2-339709693,S2-35662055,S2-357545160,S2-377181975,S2-394952114,S2-410126541,S2-413392149,S2-418907220,S2-437918573,S2-461850008,S2-48485736,S2-502260546,S2-509424134
S1-245441123	S2-243791981,S2-248328837,S2-398306499,S2-3987022,S2-494980727,S2-495149750,S2-54299797,S2-551366878,S2-652347016,S2-892942170,S2-945515332,S2-122429802,S2-149033190,S2-165271705,S2-221130342,S2-246777571,S2-291868119,S2-311326755,S2-391823197,S2-403791727,S2-409976922,S2-426068896,S2-49339398,S2-561238195,S2-643055954,S2-644372027,S2-656416643,S2-662973792,S2-784395175,S2-790116625,S2-838166118,S2-854440500,S2-865153622,S2-872349478,S2-889255526,S2-941940959,S2-99501150,S2-1008333,S2-102793116,S2-105770392
S1-368357600	S2-324016604,S2-811300873,S2-258030779,S2-453694793,S2-471247851,S2-479977160,S2-515560853,S2-783030316,S2-917804077,S2-955207411,S2-10068244,S2-101451801,S2-102874914,S2-104894722,S2-105547812,S2-106248676,S2-109579849,S2-118550245,S2-120695955,S2-121693888,S2-122125858,S2-122785362,S2-125052176,S2-126644390,S2-129877585,S2-131233276,S2-13461361,S2-134638434,S2-136918579,S2-138840242,S2-139016318,S2-139110446,S2-13918394,S2-139914515,S2-140714509,S2-145275705,S2-148069682,S2-149854075,S2-156688612,S2-157357023
S1-590317213	S2-235069603,S2-326085900,S2-455336676,S2-512253492,S2-5693358,S2-76633775,S2-805689445,S2-876145747,S2-576888089,S2-741575158,S2-833472436,S2-100966367,S2-102835643,S2-103979213,S2-105273366,S2-105845989,S2-114233191,S2-115355492,S2-115513491,S2-116042201,S2-117525275,S2-121251263,S2-121600861,S2-122570602,S2-125301970,S2-127545430,S2-127928747,S2-129052408,S2-129894884,S2-132986379,S2-13556947,S2-136113375,S2-136327391,S2-139603809,S2-143810251,S2-146093860,S2-157519339,S2-166500917,S2-17006710,S2-170230513
S1-789383606	S2-139603809,S2-150814682,S2-182789318,S2-213208828,S2-225037888,S2-258676677,S2-266101971,S2-272004093,S2-308329661,S2-321991349,S2-508632479,S2-535109554,S2-539393537,S2-558486436,S2-56105139,S2-589161213,S2-594064798,S2-621497277,S2-622773844,S2-640723488,S2-641344610,S2-684555226,S2-69614578,S2-715375320,S2-735560077,S2-73664446,S2-766200550,S2-791429680,S2-803596169,S2-812320141,S2-818696988,S2-839252781,S2-844735754,S2-871163588,S2-940086754,S2-941763879,S2-945865905,S2-973809049,S2-982091290,S2-994827565
S1-791176254	S2-383563715,S2-10136142,S2-104299111,S2-121842587,S2-125254201,S2-138251942,S2-142859651,S2-153476718,S2-15501444,S2-164372312,S2-170993862,S2-1725245,S2-197696225,S2-200288263,S2-205192437,S2-219469380,S2-230254980,S2-231603712,S2-248671043,S2-254663123,S2-259185674,S2-264493797,S2-273950729,S2-284446102,S2-284919985,S2-285949087,S2-293635930,S2-298989568,S2-300093441,S2-328444878,S2-330553624,S2-331695288,S2-337373904,S2-360764693,S2-376459435,S2-376999656,S2-392522102,S2-396051454,S2-396171132,S2-398522143
S1-781242268	S2-939581961,S2-227688778,S2-249015408,S2-284381062,S2-338483779,S2-402511279,S2-453262843,S2-464059519,S2-465002151,S2-60334200,S2-665940290,S2-702972416,S2-704043083,S2-808796137,S2-814281945,S2-853322079,S2-940187710,S2-103750348,S2-103956914,S2-104950279,S2-107330887,S2-108259617,S2-108639080,S2-108792202,S2-110628432,S2-111299297,S2-112755265,S2-112759487,S2-113038806,S2-116505106,S2-120060080,S2-121774654,S2-125991329,S2-127037984,S2-128057362,S2-143818305,S2-149371270,S2-150185003,S2-152181754,S2-152308126
S1-692448146	S2-365430734,S2-385071272,S2-394272474,S2-590221606,S2-605889353,S2-721485067,S2-77061770,S2-78023575,S2-380929437,S2-548295523,S2-555983033,S2-589492301,S2-733748083,S2-920623671,S2-945467204,S2-982830353,S2-101177744,S2-11971993,S2-124642170,S2-143810251,S2-167335410,S2-171427936,S2-182687969,S2-208158932,S2-228115939,S2-254494100,S2-262102453,S2-284568069,S2-284585076,S2-295210276,S2-296383649,S2-29810506,S2-314602751,S2-327234229,S2-334284265,S2-351627789,S2-355675286,S2-357529499,S2-365324856,S2-368640021
S1-75881502	S2-533088329,S2-102215032,S2-109239798,S2-110813877,S2-128532524,S2-140385523,S2-157935723,S2-163612231,S2-169298326,S2-264940990,S2-267429693,S2-309092050,S2-324348748,S2-330656969,S2-38453631,S2-427731617,S2-457049940,S2-469944775,S2-505386824,S2-575646982,S2-614810613,S2-646720926,S2-676624824,S2-680323770,S2-727779637,S2-73085681,S2-820320849,S2-834077920,S2-879294820,S2-904488870,S2-906119201,S2-958407281,S2-965910760,S2-965982171,S2-983439720,S2-156437500,S2-345921177,S2-4020443,S2-496850215,S2-514653047
S1-37630161	S2-382846011,S2-449578781,S2-757458810,S2-558112615,S2-144395531,S2-327008381,S2-329112939,S2-408574006,S2-648857283,S2-112171916,S2-113366716,S2-188887388,S2-19456237,S2-207387614,S2-208984116,S2-238566883,S2-253237543,S2-309965376,S2-325307325,S2-33776943,S2-342107989,S2-35283649,S2-355519810,S2-37834343,S2-38310208,S2-401037802,S2-406091061,S2-411376896,S2-41185867,S2-429498841,S2-431048014,S2-433882849,S2-456896539,S2-472776555,S2-480974346,S2-501306391,S2-535086864,S2-544291535,S2-548707,S2-558008694
S1-774070269	S2-553988882,S2-142537195,S2-196513047,S2-244869949,S2-289140227,S2-292807436,S2-414410588,S2-438837118,S2-444991627,S2-462010585,S2-50239037,S2-533185918,S2-553865009,S2-587114734,S2-707274030,S2-735910191,S2-766601466,S2-775586416,S2-86668643,S2-971868110,S2-982890515,S2-985582768,S2-139802964,S2-188806697,S2-276213535,S2-278552620,S2-35264828,S2-360221812,S2-82841215,S2-848578999,S2-983281503,S2-396939467,S2-143249470,S2-29999822,S2-300383017,S2-559881056,S2-569291090,S2-630659678,S2-699396818,S2-736795392
S1-513693430	S2-133367669,S2-229765791,S2-448440214,S2-472530538,S2-522055700,S2-62983438,S2-77177777,S2-856708759,S2-880076532,S2-10157860,S2-118586444,S2-122918631,S2-126644866,S2-12970251,S2-145952487,S2-148046739,S2-151088585,S2-151514283,S2-154876508,S2-155894024,S2-17265460,S2-176758454,S2-197427003,S2-205192437,S2-214003609,S2-252847514,S2-255658206,S2-260576012,S2-285914895,S2-286812037,S2-310413941,S2-322349265,S2-348990518,S2-354371391,S2-360205957,S2-360313545,S2-371875095,S2-393500952,S2-407011785,S2-411301198
S1-301283839	S2-971008202,S2-112648744,S2-137278449,S2-154581338,S2-161711656,S2-252584640,S2-286221773,S2-299257032,S2-339142042,S2-397679227,S2-44303445,S2-45716878,S2-521891562,S2-622337035,S2-633005687,S2-659300097,S2-679866106,S2-698245094,S2-781560383,S2-804591095,S2-821378791,S2-91042715,S2-916579630,S2-936119057,S2-942309657,S2-575271306,S2-619520684,S2-94798358,S2-158255969,S2-462816155,S2-791800063,S2-884354879,S2-103956914,S2-13306888,S2-146831817,S2-159204844,S2-169730225,S2-18879382,S2-193910487,S2-212916530
S1-298951977	S2-920623671,S2-365430734,S2-385071272,S2-394272474,S2-555983033,S2-590221606,S2-605889353,S2-721485067,S2-733748083,S2-77061770,S2-78023575,S2-945467204,S2-101177744,S2-11971993,S2-124642170,S2-143810251,S2-167335410,S2-171427936,S2-182687969,S2-208158932,S2-228115939,S2-254494100,S2-262102453,S2-284568069,S2-284585076,S2-295210276,S2-296383649,S2-29810506,S2-314602751,S2-327234229,S2-334284265,S2-351627789,S2-355675286,S2-357529499,S2-365324856,S2-368640021,S2-372335976,S2-380929437,S2-386572397,S2-396150075
S1-915749247	S2-146498176,S2-152553514,S2-177821719,S2-194449713,S2-221773264,S2-344159907,S2-368885677,S2-382657775,S2-411420318,S2-453317682,S2-510026596,S2-517108152,S2-54240060,S2-643574270,S2-7089671,S2-823889019,S2-912083987,S2-917705686,S2-970801107,S2-124970234,S2-279620556,S2-396817199,S2-751193380,S2-151034079,S2-207641198,S2-222816106,S2-305809313,S2-963336602,S2-994897267,S2-604161031,S2-348025335,S2-628246433,S2-895645878,S2-959118137,S2-244224304,S2-249215835,S2-262642893,S2-290256536,S2-319667672,S2-333508688
S1-382001550	S2-132873893,S2-161990650,S2-197592243,S2-199652668,S2-227542097,S2-298527531,S2-314461205,S2-327931460,S2-372396482,S2-425201806,S2-503333310,S2-52273429,S2-562167979,S2-578355196,S2-588203749,S2-616287582,S2-857952857,S2-867676890,S2-910875731,S2-918272304,S2-925056466,S2-937154197,S2-955658985,S2-959141542,S2-107035834,S2-114121811,S2-125926135,S2-13113066,S2-192165024,S2-212582677,S2-214889710,S2-230254980,S2-261158779,S2-269365134,S2-359056593,S2-411035858,S2-434433838,S2-477337997,S2-490529282,S2-525769340
S1-319623651	S2-139603809,S2-150814682,S2-182789318,S2-213208828,S2-225037888,S2-258676677,S2-266101971,S2-272004093,S2-308329661,S2-321991349,S2-508632479,S2-535109554,S2-539393537,S2-558486436,S2-56105139,S2-589161213,S2-594064798,S2-621497277,S2-622773844,S2-640723488,S2-641344610,S2-684555226,S2-69614578,S2-715375320,S2-735560077,S2-73664446,S2-766200550,S2-791429680,S2-803596169,S2-812320141,S2-818696988,S2-839252781,S2-844735754,S2-871163588,S2-940086754,S2-941763879,S2-945865905,S2-973809049,S2-982091290,S2-994827565
S1-481652414	S2-190479086,S2-327453740,S2-547597901,S2-574349442,S2-673446983,S2-1383610,S2-194197867,S2-204372497,S2-269682094,S2-301384010,S2-466009042,S2-523071417,S2-549853878,S2-612582537,S2-715067981,S2-726630257,S2-756620063,S2-779083150,S2-86224065,S2-337364824,S2-425835211,S2-664701397,S2-918917310,S2-699377872,S2-301150795,S2-815357291,S2-121922395,S2-130579916,S2-149212426,S2-167880798,S2-181883677,S2-229183845,S2-230535635,S2-239142590,S2-241598427,S2-254973188,S2-261862776,S2-26838181,S2-272923611,S2-290488145
S1-991589899	S2-814801498,S2-107035834,S2-114121811,S2-125926135,S2-13113066,S2-192165024,S2-214889710,S2-230254980,S2-269365134,S2-434433838,S2-477337997,S2-525769340,S2-574948785,S2-591448531,S2-62820691,S2-651192805,S2-651779745,S2-653119002,S2-674019603,S2-68461677,S2-711200564,S2-735318590,S2-80168155,S2-802880289,S2-805960728,S2-850353890,S2-869606758,S2-889211805,S2-915677646,S2-956845983,S2-99140016,S2-346176476,S2-212582677,S2-738361884,S2-870854431,S2-953126373,S2-132873893,S2-161990650,S2-197592243,S2-199652668
S1-558847131	S2-278671113,S2-618952269,S2-758502039,S2-555325037,S2-222859868,S2-186217269,S2-213354246,S2-21882802,S2-287412050,S2-299362241,S2-300308188,S2-390004335,S2-396947271,S2-425601986,S2-457087738,S2-469698370,S2-475305437,S2-681239998,S2-710496729,S2-726421800,S2-745068457,S2-760319445,S2-861132068,S2-921776853,S2-92758088,S2-940078956,S2-158074307,S2-165828114,S2-268325339,S2-364589062,S2-434274766,S2-470535992,S2-749357955,S2-762023797,S2-78755416,S2-854445337,S2-978511660,S2-979049737,S2-10472605,S2-111671984
S1-970207960	S2-101591517,S2-102793116,S2-102882836,S2-109858819,S2-114824814,S2-1365339,S2-144613250,S2-153269872,S2-164956565,S2-179524589,S2-234593343,S2-238880328,S2-240897430,S2-248303219,S2-256459754,S2-262837647,S2-271227246,S2-27481382,S2-280342394,S2-28303423,S2-294691711,S2-299415493,S2-302710172,S2-306856642,S2-313403539,S2-319761515,S2-329155791,S2-332783448,S2-333206038,S2-337172708,S2-341431209,S2-347823333,S2-356986111,S2-373326722,S2-375905364,S2-376988202,S2-383635034,S2-389452257,S2-39768398,S2-403863397
S1-439680514	S2-539721600,S2-102396184,S2-104019702,S2-119843211,S2-149271521,S2-151582230,S2-177353350,S2-193307781,S2-200814831,S2-203503037,S2-203511816,S2-233502407,S2-242055718,S2-271321037,S2-276476724,S2-277184030,S2-288071884,S2-304961482,S2-306512735,S2-333716982,S2-335860,S2-357537858,S2-382192177,S2-412957618,S2-441407845,S2-466015321,S2-472431733,S2-500342775,S2-501919810,S2-508269412,S2-518163071,S2-522450034,S2-534687141,S2-574621855,S2-576449164,S2-588446865,S2-593661076,S2-595033725,S2-615236151,S2-6201053
S1-194449837	S2-777118902,S2-794066299,S2-935264801,S2-216451983,S2-34116606,S2-55686686,S2-647416138,S2-79656407,S2-955207411,S2-102509620,S2-104193059,S2-108868655,S2-110151712,S2-123641424,S2-123964652,S2-134710405,S2-134796146,S2-138039475,S2-144841979,S2-148006268,S2-150284085,S2-156357253,S2-157357023,S2-167496095,S2-16801220,S2-168770832,S2-178231625,S2-17874272,S2-178937252,S2-184299435,S2-186039838,S2-186424247,S2-186697024,S2-187052705,S2-18879382,S2-198717453,S2-213952496,S2-215063815,S2-224083706,S2-232558053
S1-552544757	S2-345646099,S2-118323960,S2-146607525,S2-148944359,S2-164282227,S2-191012952,S2-194684055,S2-218152188,S2-23289835,S2-257885603,S2-278269475,S2-283090560,S2-302833544,S2-332357109,S2-363019584,S2-397984391,S2-40746806,S2-413287299,S2-444467356,S2-489456445,S2-503770292,S2-508788813,S2-52916666,S2-533194060,S2-541557199,S2-585271843,S2-602806644,S2-619844913,S2-622693072,S2-634617479,S2-638614359,S2-672938211,S2-693602144,S2-723407043,S2-726357829,S2-729238008,S2-77012782,S2-789332944,S2-793689201,S2-824168138
S1-407867221	S2-654686082,S2-141495873,S2-145379986,S2-153559021,S2-177918546,S2-333861097,S2-381773206,S2-542555771,S2-625852474,S2-8135342,S2-890218607,S2-911470484,S2-949155084,S2-957343468,S2-991981696,S2-995478179,S2-208680051,S2-309819640,S2-335066405,S2-548168261,S2-571793390,S2-845629897,S2-925974001,S2-934774615,S2-159203821,S2-183761344,S2-378780545,S2-390239892,S2-428723787,S2-434166125,S2-732094141,S2-930930963,S2-977136216,S2-111192912,S2-161066650,S2-163588551,S2-188340796,S2-196422622,S2-240559315,S2-245126142
S1-752221257	S2-177192517,S2-24096264,S2-256257347,S2-287879589,S2-309675728,S2-315250131,S2-331258198,S2-350341241,S2-398097063,S2-420721910,S2-425213326,S2-495825650,S2-568951817,S2-607642800,S2-693331755,S2-726813453,S2-792073969,S2-814021035,S2-867762337,S2-99136836,S2-102140882,S2-10776474,S2-109858819,S2-115951285,S2-131956008,S2-142441358,S2-148683077,S2-165830587,S2-171172645,S2-173684584,S2-178068108,S2-183479024,S2-192779989,S2-201659527,S2-203563675,S2-208815786,S2-253299810,S2-260121473,S2-272079679,S2-297406077
S1-942301043	S2-499558461,S2-102319624,S2-13895880,S2-208984116,S2-210511756,S2-344874828,S2-377506950,S2-383732371,S2-396551836,S2-396679094,S2-434274766,S2-492031103,S2-500379567,S2-537854766,S2-555197247,S2-561809902,S2-576161707,S2-591398537,S2-596878321,S2-623636977,S2-633435699,S2-648909385,S2-690964334,S2-750070041,S2-755053762,S2-776064996,S2-787582683,S2-807638781,S2-809130402,S2-821226142,S2-872022787,S2-889406225,S2-898344946,S2-921729082,S2-928837147,S2-945985381,S2-949845335,S2-998987504,S2-100101893,S2-100809041
S1-639870547	S2-513953083,S2-159817452,S2-82595840,S2-369828139,S2-39601483,S2-400178121,S2-428354277,S2-597697880,S2-619676471,S2-964898717,S2-100842773,S2-12544499,S2-14278997,S2-187074087,S2-196084963,S2-244481790,S2-318926393,S2-352749451,S2-400958725,S2-438182503,S2-453344839,S2-501546135,S2-51822308,S2-537600883,S2-541624165,S2-541687021,S2-578207239,S2-617270829,S2-645452726,S2-645493991,S2-651742883,S2-690131096,S2-72281741,S2-734964954,S2-742235388,S2-776764256,S2-776826875,S2-849903530,S2-897131974,S2-90159148
S1-100899977	S2-430186554,S2-652875980,S2-108887187,S2-178777487,S2-698337817,S2-723041986,S2-816361120,S2-930917247,S2-107435203,S2-170461848,S2-217337061,S2-229936983,S2-232933281,S2-239430387,S2-252847514,S2-258078518,S2-259105160,S2-259185674,S2-279679940,S2-314962689,S2-490193303,S2-562526081,S2-610786874,S2-637409794,S2-689841724,S2-760883437,S2-811863966,S2-850186924,S2-857627805,S2-965918993,S2-104697101,S2-111216682,S2-115356634,S2-116189378,S2-119067158,S2-119195701,S2-120107482,S2-122286245,S2-144861464,S2-146777194
S1-967086139	S2-680029260,S2-823575427,S2-115642399,S2-194973709,S2-200925331,S2-300257199,S2-333021767,S2-421062218,S2-432687019,S2-475706495,S2-498279964,S2-506664767,S2-513561863,S2-54870119,S2-604564398,S2-605743649,S2-63902308,S2-664074689,S2-717675805,S2-747466359,S2-78769581,S2-802679154,S2-827451868,S2-831696358,S2-870944000,S2-884135049,S2-890403902,S2-929161568,S2-148116189,S2-151628472,S2-186041583,S2-18868925,S2-199693428,S2-208468004,S2-21928602,S2-229570617,S2-256004548,S2-259053443,S2-26081285,S2-308345127
S1-168393938	S2-656020279,S2-480709310,S2-918778578,S2-103934090,S2-114873065,S2-143992364,S2-16553343,S2-175595331,S2-180521991,S2-199669656,S2-205496240,S2-206186524,S2-20764903,S2-271964003,S2-299475034,S2-319196731,S2-340722730,S2-343400509,S2-353141396,S2-359341681,S2-375545707,S2-384904382,S2-389701509,S2-399864987,S2-419489435,S2-431490662,S2-451009287,S2-501546135,S2-512897094,S2-529125623,S2-530452263,S2-564896851,S2-592267738,S2-612366778,S2-615799804,S2-617674966,S2-620794157,S2-628906577,S2-647893179,S2-667114668
S1-367034090	S2-122912836,S2-150634918,S2-160433916,S2-215165368,S2-215802515,S2-221732138,S2-22307298,S2-226970868,S2-234573008,S2-266742394,S2-273999815,S2-276868232,S2-292293296,S2-29657277,S2-356331953,S2-432723670,S2-467255348,S2-5062436,S2-508367343,S2-515386320,S2-550454633,S2-57257373,S2-590671543,S2-610500162,S2-655972875,S2-659876168,S2-683578445,S2-684921133,S2-712826081,S2-714865991,S2-715418044,S2-800232977,S2-81661580,S2-824976857,S2-871695908,S2-876632917,S2-87980826,S2-899702960,S2-910540434,S2-911519008
S1-832785535	S2-269406231,S2-889977529,S2-323784683,S2-775612711,S2-404374478,S2-456513420,S2-543335135,S2-675098165,S2-740964391,S2-820372596,S2-904888918,S2-93555578,S2-10166460,S2-1041005,S2-118393214,S2-127969282,S2-174248659,S2-182815737,S2-192329145,S2-211725643,S2-214166434,S2-225063617,S2-230606624,S2-232748066,S2-234929684,S2-238770340,S2-242256964,S2-254864575,S2-262378104,S2-279549524,S2-283032764,S2-315163568,S2-315291297,S2-323222714,S2-327493083,S2-331300478,S2-340066441,S2-34692025,S2-355459398,S2-356069794
S1-312705248	S2-492940162,S2-255704949,S2-797494637,S2-193995593,S2-631452523,S2-839597608,S2-930367361,S2-102838962,S2-11196630,S2-12290164,S2-128137532,S2-131872909,S2-152996985,S2-198033071,S2-198522721,S2-199985060,S2-216558824,S2-220392750,S2-230657819,S2-239703595,S2-244406713,S2-263529378,S2-285655872,S2-286270410,S2-292552164,S2-297719344,S2-343435542,S2-352910264,S2-358041178,S2-403646565,S2-411849925,S2-444723601,S2-449232006,S2-466147229,S2-474535244,S2-476294495,S2-476901149,S2-482144229,S2-48947979,S2-491562569
S1-217259238	S2-733490360,S2-821123172,S2-15326120,S2-225647390,S2-266549165,S2-359025252,S2-611742470,S2-648910033,S2-717801208,S2-761308220,S2-792252116,S2-86050016,S2-896113541,S2-979910605,S2-11659145,S2-125007797,S2-161213241,S2-186367021,S2-195075875,S2-232772404,S2-242544151,S2-271205523,S2-285482274,S2-301455259,S2-303476286,S2-312574816,S2-314218223,S2-31633295,S2-316773179,S2-317485843,S2-337499206,S2-33906737,S2-348412630,S2-360458970,S2-370383834,S2-398756034,S2-421897098,S2-433230546,S2-434392943,S2-436300891
S1-375370928	S2-100601479,S2-112970053,S2-122223547,S2-155765965,S2-158872018,S2-235281534,S2-284177930,S2-289368324,S2-313388602,S2-316844230,S2-347726951,S2-382303330,S2-38392087,S2-389725633,S2-467679113,S2-486101733,S2-505689182,S2-530377872,S2-540853782,S2-541472166,S2-54240174,S2-543772385,S2-560549562,S2-560652965,S2-565852338,S2-57991649,S2-586997982,S2-627678358,S2-629621942,S2-629747140,S2-662338032,S2-664609750,S2-69689836,S2-697727451,S2-755305710,S2-773111214,S2-788459466,S2-794187637,S2-794233739,S2-79591932
S1-653229989	S2-122833780,S2-190194115,S2-192304786,S2-38600725,S2-417269575,S2-44271389,S2-522905175,S2-644740224,S2-655689025,S2-711460740,S2-745874730,S2-768691745,S2-798277581,S2-833269892,S2-853959569,S2-994429169,S3-217931395,S2-140714509,S2-287824031,S2-30000261,S2-337522307,S2-83329842,S2-138902572,S2-139107711,S2-337372178,S2-996144882,S2-104028932,S2-116757206,S2-12094352,S2-123349497,S2-132887351,S2-15148623,S2-176139646,S2-220590804,S2-2315596,S2-23181035,S2-257392559,S2-259930838,S2-265168431,S2-285349475
S1-401074421	S2-108304064,S2-101720861,S2-314926049,S2-537260241,S2-582253130,S2-586792277,S2-606533305,S2-622544757,S2-749442560,S2-102773684,S2-103466554,S2-121611732,S2-134708169,S2-135225672,S2-139182951,S2-141510337,S2-152056988,S2-15970945,S2-159965255,S2-16285602,S2-169784465,S2-174396474,S2-175491309,S2-180132548,S2-182529912,S2-18427048,S2-185471785,S2-191962603,S2-196446855,S2-200895915,S2-206082608,S2-215305325,S2-21596325,S2-219493002,S2-222005991,S2-2263182,S2-233551467,S2-233636231,S2-244886524,S2-253678382
S1-351950757	S2-118730390,S2-137030548,S2-138117262,S2-154397073,S2-155322370,S2-161592048,S2-179344254,S2-185148108,S2-233414831,S2-337705810,S2-353306250,S2-353940050,S2-368003367,S2-431596819,S2-440543825,S2-443510447,S2-452208391,S2-486810239,S2-519912199,S2-5390612,S2-565305569,S2-573319079,S2-584619937,S2-601199370,S2-639677389,S2-666612729,S2-701706778,S2-717702900,S2-733593008,S2-742235942,S2-761037233,S2-789711070,S2-790711753,S2-795077160,S2-825957189,S2-830797725,S2-847374839,S2-852713078,S2-93542945,S2-947593661
S1-216179293	S2-143614907,S2-146753278,S2-148416682,S2-183904237,S2-189938974,S2-206975659,S2-20761583,S2-220948169,S2-224869315,S2-225286855,S2-227675251,S2-244206320,S2-267461536,S2-281015382,S2-334492498,S2-34846029,S2-377295766,S2-392482719,S2-401331690,S2-401815348,S2-433285729,S2-433443859,S2-439311700,S2-450094765,S2-452747804,S2-465815470,S2-517757570,S2-528595167,S2-533183444,S2-535038971,S2-576519006,S2-583111097,S2-609341136,S2-623549960,S2-694627142,S2-729757929,S2-735378655,S2-738509117,S2-75968193,S2-783499275
S1-418840732	S2-922705289,S2-324738620,S2-410195712,S2-122223547,S2-163963287,S2-175498662,S2-188008901,S2-190315479,S2-198327851,S2-206936573,S2-224633651,S2-234289368,S2-23812106,S2-267871575,S2-274741236,S2-322287551,S2-350762938,S2-355319280,S2-377708352,S2-388568490,S2-422826585,S2-428461775,S2-430379962,S2-457161576,S2-499135039,S2-500927860,S2-503737530,S2-513295627,S2-523972145,S2-553458222,S2-567628871,S2-586442771,S2-587350985,S2-593455704,S2-598338098,S2-602258114,S2-614640857,S2-624388927,S2-631827709,S2-643638573
S1-89687386	S2-93297509,S2-143852128,S2-366901475,S2-387917057,S2-412193148,S2-418255011,S2-528231416,S2-628886632,S2-69706278,S2-70698601,S2-815259707,S2-910735176,S2-918096146,S2-962131090,S2-876268454,S2-101673029,S2-102202242,S2-103096914,S2-104855614,S2-111056035,S2-113064990,S2-11494376,S2-128356611,S2-133367669,S2-13565132,S2-136328599,S2-142230467,S2-148918307,S2-149345266,S2-154339675,S2-156153865,S2-158641226,S2-159701054,S2-163653728,S2-168399481,S2-170738179,S2-172338894,S2-172931305,S2-179104223,S2-185005990
S1-251039333	S2-38422443,S2-797821669,S2-367001916,S2-400642290,S2-165228168,S2-477171381,S2-101037091,S2-123000141,S2-167444822,S2-179889434,S2-199409259,S2-200940437,S2-206603732,S2-238971069,S2-266868981,S2-276863393,S2-286244243,S2-288350124,S2-294114423,S2-294884494,S2-300981975,S2-304210462,S2-310340192,S2-317652563,S2-318964862,S2-335371,S2-338170686,S2-357995340,S2-365786634,S2-368389963,S2-368840229,S2-379722952,S2-380562255,S2-381608526,S2-397361903,S2-430613674,S2-466830047,S2-467659970,S2-504352793,S2-515189936
S1-747808656	S2-121847023,S2-131496838,S2-140006950,S2-171955793,S2-186477879,S2-211034784,S2-261552444,S2-375290924,S2-406285430,S2-431758951,S2-435821843,S2-445637459,S2-449004607,S2-482435715,S2-63873677,S2-684510901,S2-701307524,S2-736427336,S2-749984637,S2-788302197,S2-836223839,S2-849135824,S2-895701269,S2-943996696,S2-965982171,S2-102773684,S2-106912041,S2-11392440,S2-13090762,S2-133129336,S2-137861827,S2-147970318,S2-149157756,S2-160166603,S2-176926975,S2-181972640,S2-20139272,S2-201622152,S2-218242383,S2-220947877
S1-602612250	S2-139603809,S2-150814682,S2-182789318,S2-213208828,S2-225037888,S2-258676677,S2-266101971,S2-272004093,S2-308329661,S2-321991349,S2-508632479,S2-535109554,S2-539393537,S2-558486436,S2-56105139,S2-589161213,S2-594064798,S2-621497277,S2-622773844,S2-640723488,S2-641344610,S2-684555226,S2-69614578,S2-715375320,S2-735560077,S2-73664446,S2-766200550,S2-791429680,S2-803596169,S2-812320141,S2-818696988,S2-839252781,S2-844735754,S2-871163588,S2-940086754,S2-941763879,S2-945865905,S2-973809049,S2-982091290,S2-994827565
S1-741813500	S2-734641211,S2-342193683,S2-567685419,S2-613659871,S2-621662910,S2-698536279,S2-848191174,S2-867352859,S2-939908187,S2-471098424,S2-895818873,S2-187048297,S2-194153985,S2-213531899,S2-238348136,S2-250755887,S2-254422036,S2-305543832,S2-402023314,S2-458586441,S2-492987439,S2-529777829,S2-540177113,S2-619730998,S2-647596679,S2-796933103,S2-854225056,S2-88956503,S2-902261581,S2-93514882,S2-955465076,S2-95839636,S2-100090803,S2-105423216,S2-106916619,S2-110851865,S2-112758569,S2-120549229,S2-124258632,S2-132076324
S1-397935071	S2-463617918,S2-11443748,S2-156153865,S2-157016880,S2-165328783,S2-192039554,S2-198152141,S2-216781981,S2-230946285,S2-233019863,S2-235073168,S2-237879261,S2-255524633,S2-257098293,S2-264731923,S2-285859028,S2-298325802,S2-299350764,S2-301404229,S2-314988928,S2-316755660,S2-318023531,S2-337719093,S2-355365934,S2-399943317,S2-439557023,S2-443502225,S2-464160253,S2-477936301,S2-480438727,S2-481240106,S2-494245166,S2-507136173,S2-562973709,S2-574406918,S2-590386743,S2-634718323,S2-649041998,S2-692034868,S2-700210914
S1-737368602	S2-571714424,S2-64132819,S2-917061924,S2-980417670,S2-114931413,S2-121967890,S2-165484148,S2-179315628,S2-204111235,S2-217204313,S2-252845185,S2-298993932,S2-3256414,S2-337466533,S2-35434231,S2-362515452,S2-372192671,S2-387402384,S2-394603412,S2-404374478,S2-40903337,S2-40991100,S2-421767648,S2-424220142,S2-437890847,S2-448396622,S2-449759599,S2-454552602,S2-483524979,S2-490693855,S2-490922008,S2-541400336,S2-544417919,S2-562224751,S2-564852431,S2-581839876,S2-597158281,S2-620794157,S2-63873677,S2-642952951
S1-62689130	S2-91857743,S2-170759291,S2-138478502,S2-15674679,S2-162535242,S2-236937406,S2-276431458,S2-27930718,S2-300832120,S2-323356682,S2-345921177,S2-383110508,S2-405365194,S2-490491736,S2-51328033,S2-590166315,S2-65465524,S2-66784194,S2-688631666,S2-688897366,S2-726308690,S2-781596499,S2-809013229,S2-815081767,S2-816452613,S2-858691756,S2-871598893,S2-876560810,S2-924719993,S2-996410417,S2-101494118,S2-108103764,S2-111061237,S2-111298661,S2-113588646,S2-113704778,S2-114233191,S2-11509313,S2-115830921,S2-116787993
S1-862191137	S2-153359899,S2-174287088,S2-197761316,S2-20586390,S2-240616492,S2-256654794,S2-301482062,S2-309039396,S2-310254580,S2-332556561,S2-343655850,S2-354762586,S2-360313545,S2-393044280,S2-423141966,S2-464323059,S2-493239067,S2-530812298,S2-55018240,S2-587455746,S2-589195176,S2-635002967,S2-701707198,S2-703034019,S2-707828248,S2-752772744,S2-770769195,S2-79276492,S2-817348757,S2-854373011,S2-877433605,S2-916993203,S2-920330970,S2-925023624,S2-937972433,S2-180466972,S2-295166340,S2-348324150,S2-352198717,S2-516693251
S1-560649724	S2-315231302,S2-354091917,S2-499178765,S2-756033410,S2-84242755,S2-897096894,S2-110084330,S2-12709576,S2-304404558,S2-483453128,S2-484676377,S2-78637488,S2-102838962,S2-11196630,S2-11243137,S2-112997685,S2-115152834,S2-121865480,S2-122123791,S2-12290164,S2-128137532,S2-129437880,S2-131506381,S2-131872909,S2-132230594,S2-133809905,S2-134661626,S2-138827347,S2-147432492,S2-152110557,S2-152847404,S2-152927397,S2-152996985,S2-156054800,S2-158882780,S2-162194884,S2-164631002,S2-165644805,S2-168476862,S2-17162579
S1-330281696	S2-171193711,S2-784877029,S2-103573723,S2-106383133,S2-108927878,S2-109905092,S2-113628773,S2-116329941,S2-123349497,S2-125586840,S2-148986177,S2-163881979,S2-16898407,S2-178156769,S2-189322970,S2-190642185,S2-193344911,S2-219201040,S2-238258130,S2-270217724,S2-271068810,S2-272390130,S2-273325619,S2-280817578,S2-290250154,S2-30096875,S2-301849769,S2-311029819,S2-311049503,S2-311192735,S2-311700940,S2-322536831,S2-327824302,S2-331399833,S2-339977063,S2-354310141,S2-358579471,S2-358756737,S2-404385076,S2-408490440
S1-912855728	S2-181199933,S2-268656082,S2-275634125,S2-311814169,S2-405328308,S2-436783714,S2-505041950,S2-565543920,S2-569513539,S2-591636614,S2-595795733,S2-67020951,S2-79488526,S2-879086133,S2-892880098,S2-903780877,S2-906573783,S2-440580612,S2-4461933,S2-123720543,S2-127333365,S2-136305349,S2-136465789,S2-185878279,S2-187130654,S2-20367392,S2-244546798,S2-257438195,S2-277379643,S2-303726261,S2-311912341,S2-329880992,S2-372857983,S2-384743598,S2-425791839,S2-520527138,S2-52106123,S2-523596603,S2-526814787,S2-537241079
S1-633129109	S2-575329360,S2-100049666,S2-145860486,S2-191198232,S2-332453876,S2-340310418,S2-34266260,S2-448147119,S2-501955897,S2-535968379,S2-546567811,S2-635672260,S2-665573717,S2-698790742,S2-771182527,S2-822985663,S2-859393404,S2-880632384,S2-979954371,S2-118041048,S2-149150649,S2-156460544,S2-164651728,S2-176563567,S2-192982284,S2-202956295,S2-212279628,S2-212646501,S2-221008320,S2-241868453,S2-246517632,S2-247380690,S2-267953222,S2-275578658,S2-291583227,S2-297116737,S2-337227570,S2-364256342,S2-36756641,S2-405063326
S1-939880982	S2-154037334,S2-364836333,S2-396593187,S2-420688149,S2-613711435,S2-662142656,S2-924599001,S2-954699458,S2-12305067,S2-196314395,S2-242648115,S2-342983489,S2-403157826,S2-406202669,S2-418612401,S2-461920484,S2-479907313,S2-488651713,S2-519702183,S2-523715903,S2-558588522,S2-600588678,S2-684075085,S2-708006755,S2-748096290,S2-752095280,S2-798482339,S2-84169767,S2-844348639,S2-859442269,S2-860276435,S2-882926023,S2-924929045,S2-938746096,S2-368200009,S2-118962579,S2-124169707,S2-129052408,S2-144638525,S2-159176232
S1-342429842	S2-120597036,S2-149924065,S2-198769957,S2-20962654,S2-249096208,S2-261804240,S2-297159707,S2-302761744,S2-314344453,S2-320439385,S2-327498542,S2-333280369,S2-396092642,S2-416563781,S2-42297081,S2-427169671,S2-456020855,S2-467011723,S2-483885019,S2-48809813,S2-50811145,S2-515247537,S2-523639593,S2-530452263,S2-540112134,S2-563917445,S2-5707522,S2-584231569,S2-608125026,S2-616887764,S2-618790275,S2-631812018,S2-646192031,S2-663464306,S2-711655735,S2-760266587,S2-819335813,S2-845711227,S2-864379899,S2-876869534
S1-948479685	S2-690216360,S2-835566893,S2-788876489,S2-627389459,S2-655584406,S2-110343431,S2-112370727,S2-115688602,S2-116227998,S2-135225327,S2-136893078,S2-139502679,S2-161174102,S2-169175840,S2-170995935,S2-173394919,S2-173912200,S2-176389985,S2-176399777,S2-186454776,S2-190167199,S2-190698845,S2-196293551,S2-205132293,S2-210523064,S2-210971167,S2-212646501,S2-212698060,S2-215182600,S2-21792334,S2-219242350,S2-222822607,S2-235675362,S2-260726129,S2-265824821,S2-266270928,S2-295564788,S2-297633048,S2-301338150,S2-315230757
S1-449882756	S2-748329687,S2-781015229,S2-124522842,S2-194064310,S2-219322699,S2-269507938,S2-298073453,S2-327047100,S2-360308013,S2-370892711,S2-375279168,S2-399073862,S2-409220710,S2-418473691,S2-530240175,S2-663301829,S2-689943227,S2-759473065,S2-784290937,S2-914733632,S2-965953384,S2-131233276,S2-141726334,S2-143370357,S2-146803446,S2-152479017,S2-157305539,S2-169459363,S2-188798216,S2-189544423,S2-193184988,S2-196497384,S2-20873018,S2-210685709,S2-236419722,S2-239363876,S2-23986578,S2-255134704,S2-258952546,S2-275296572
S1-562163221	S2-102140882,S2-126113089,S2-142738971,S2-147418558,S2-199850824,S2-30303472,S2-424994410,S2-45191299,S2-478314594,S2-486691928,S2-544639758,S2-590156346,S2-598068208,S2-60078962,S2-644359266,S2-702611529,S2-722892973,S2-742354485,S2-788169147,S2-830830561,S2-856550637,S2-907823193,S2-128082143,S2-654175886,S2-764648578,S2-766311908,S2-783499977,S2-913976206,S2-710362585,S2-726813453,S2-100128288,S2-101709806,S2-102907056,S2-116661379,S2-142537195,S2-144672505,S2-170257972,S2-17933853,S2-179792263,S2-190103142
S1-817125131	S2-133984853,S2-269682508,S2-759054215,S2-874938733,S2-432237397,S2-735738014,S2-103505940,S2-112672947,S2-116361245,S2-133129336,S2-14068945,S2-146271507,S2-146892719,S2-158151198,S2-159667236,S2-160166603,S2-175865714,S2-19146148,S2-196967478,S2-206863564,S2-222689397,S2-233248001,S2-241468824,S2-248263159,S2-256724644,S2-277557813,S2-279937166,S2-289500466,S2-345497449,S2-350583491,S2-360131852,S2-366783610,S2-367915011,S2-383629738,S2-384054749,S2-390040337,S2-403844204,S2-407011785,S2-414043936,S2-432522197
S1-863361456	S2-185405451,S2-140694796,S2-487797261,S2-552883907,S2-730333710,S2-119428002,S2-13639996,S2-142086734,S2-158485790,S2-165809100,S2-174868680,S2-195435490,S2-243618862,S2-253215790,S2-253611872,S2-289703780,S2-3028524,S2-32430961,S2-332957565,S2-335864524,S2-358510569,S2-364600012,S2-369868688,S2-372013424,S2-409276453,S2-411895789,S2-41583718,S2-419321728,S2-426397038,S2-435504815,S2-437516262,S2-44038583,S2-462160475,S2-469326217,S2-470025676,S2-485768772,S2-516892088,S2-531085205,S2-537868403,S2-540793107
S1-195381333	S2-174059963,S2-196815431,S2-321676424,S2-424147028,S2-461325533,S2-497821513,S2-533082645,S2-536977972,S2-560603081,S2-611071988,S2-65309950,S2-695804918,S2-697129727,S2-724775790,S2-730222176,S2-73576294,S2-744614392,S2-797865498,S2-859848018,S2-950381919,S2-965881323,S2-998989345,S2-309524721,S2-452679483,S2-9776869,S2-332430964,S2-721227251,S2-267875774,S2-278721294,S2-296176914,S2-384382823,S2-52429330,S2-610332499,S2-635292754,S2-103852320,S2-104469883,S2-110320403,S2-111237832,S2-117568512,S2-117927544
S1-47185754	S2-67020951,S2-181199933,S2-268656082,S2-275634125,S2-311814169,S2-405328308,S2-436783714,S2-505041950,S2-565543920,S2-569513539,S2-591636614,S2-595795733,S2-79488526,S2-879086133,S2-892880098,S2-903780877,S2-906573783,S2-440580612,S2-4461933,S2-123720543,S2-127333365,S2-136305349,S2-136465789,S2-185878279,S2-187130654,S2-20367392,S2-244546798,S2-257438195,S2-277379643,S2-303726261,S2-311912341,S2-329880992,S2-372857983,S2-384743598,S2-425791839,S2-520527138,S2-52106123,S2-523596603,S2-526814787,S2-537241079
S1-103952189	S2-567196618,S2-920812479,S2-598868739,S2-373903641,S2-469595862,S2-470491436,S2-525132744,S2-100706365,S2-104665967,S2-109158013,S2-111671984,S2-113656688,S2-123204923,S2-126969084,S2-133513139,S2-144002220,S2-148219973,S2-151514283,S2-157245246,S2-16075678,S2-175729123,S2-180408468,S2-184810715,S2-186260747,S2-188703049,S2-189093402,S2-190037032,S2-209660350,S2-213927721,S2-219981647,S2-220549298,S2-223377216,S2-236403418,S2-23957124,S2-240841658,S2-259659554,S2-261290105,S2-263028967,S2-267572660,S2-268638596
S1-709742992	S2-105898926,S2-126771418,S2-131455016,S2-137332973,S2-141939448,S2-186918703,S2-190543375,S2-209541867,S2-22775099,S2-237661447,S2-244279568,S2-254506585,S2-272524011,S2-303679667,S2-325643403,S2-339184289,S2-351773656,S2-354257483,S2-415834554,S2-474655847,S2-489524572,S2-510231579,S2-534906411,S2-535959209,S2-588901302,S2-599195929,S2-628500334,S2-629082948,S2-631263357,S2-640382225,S2-645422613,S2-68588338,S2-694064827,S2-69975825,S2-760526183,S2-769299038,S2-824115441,S2-848623859,S2-862959669,S2-867432107
S1-182350424	S2-116958442,S2-151550537,S2-158757260,S2-159921366,S2-197756905,S2-199423721,S2-224958040,S2-271377639,S2-296537744,S2-325615566,S2-334192680,S2-365771045,S2-39562734,S2-435024845,S2-436994728,S2-454450916,S2-623940116,S2-63451480,S2-685993558,S2-716818843,S2-718890943,S2-738629358,S2-800456807,S2-812337561,S2-865716565,S2-918391479,S2-947668546,S2-949176722,S2-978174416,S2-999239957,S2-312161300,S2-383629738,S2-415037794,S2-530648053,S2-607096555,S2-768316595,S2-833915867,S2-888851686,S2-582985378,S2-102319624
S1-529137899	S2-133252993,S2-14278997,S2-182008767,S2-213717745,S2-256654481,S2-289629744,S2-289747687,S2-300552236,S2-303820819,S2-35158435,S2-366009616,S2-394680590,S2-40352314,S2-426381800,S2-445145941,S2-450263165,S2-49789441,S2-503025448,S2-529764898,S2-541080032,S2-591772772,S2-602110547,S2-6228199,S2-637401582,S2-639911613,S2-74236316,S2-751543554,S2-759454754,S2-777591066,S2-804709778,S2-816222622,S2-848817702,S2-953385792,S2-963712907,S2-321972993,S2-351229348,S2-389073880,S2-452180384,S2-19556266,S2-810500558
S1-505090910	S2-877875891,S2-103636129,S2-119421000,S2-157695826,S2-161956716,S2-210712486,S2-220596390,S2-238646336,S2-257923513,S2-26126776,S2-264187723,S2-27041274,S2-3072135,S2-316212117,S2-322926562,S2-348173686,S2-371867210,S2-446798463,S2-456333971,S2-47720371,S2-497225212,S2-569007716,S2-60963378,S2-645008402,S2-679375932,S2-681932720,S2-689834927,S2-698458738,S2-703536654,S2-703594998,S2-727006455,S2-775649499,S2-787582683,S2-804872908,S2-828034699,S2-862633191,S2-911546090,S2-940469449,S2-973292523,S2-97437306
S1-302155210	S2-868488634,S2-778510052,S2-104469883,S2-686297155,S2-759702981,S2-133763910,S2-1677612,S2-19498210,S2-210971167,S2-243424479,S2-283812771,S2-305926086,S2-378024681,S2-410752754,S2-431123253,S2-45495534,S2-460431974,S2-486530273,S2-529685081,S2-53619573,S2-580017481,S2-590824274,S2-605297829,S2-641585373,S2-680289149,S2-733088766,S2-765657391,S2-792029374,S2-80805320,S2-961051600,S2-992331358,S2-100006923,S2-103300986,S2-10623523,S2-106248676,S2-106295375,S2-106383133,S2-106921487,S2-106976296,S2-10732416
S1-672842987	S2-327078880,S2-26666961,S2-836755446,S2-168390561,S2-37732659,S2-438985139,S2-491677118,S2-67855004,S2-925476370,S2-100668940,S2-103505940,S2-105086356,S2-110425320,S2-114328615,S2-11799591,S2-120949661,S2-125203770,S2-126546190,S2-126996401,S2-136607146,S2-139610210,S2-140537645,S2-141889236,S2-141993975,S2-143115589,S2-145819632,S2-147432492,S2-147679503,S2-150219403,S2-161047745,S2-164618338,S2-175765635,S2-181346965,S2-181443225,S2-181641016,S2-185522281,S2-189369955,S2-19884353,S2-204704772,S2-206249991
S1-198041406	S2-310050325,S2-61994815,S2-953643315,S2-145384447,S2-168767588,S2-183081179,S2-28770178,S2-456451002,S2-473427061,S2-474835685,S2-475618120,S2-49068773,S2-567026846,S2-574012282,S2-593487033,S2-636786148,S2-648116305,S2-682450228,S2-762706197,S2-779802137,S2-788776438,S2-855667569,S2-882907234,S2-948932247,S2-953827643,S2-961183932,S2-96541745,S2-968791970,S2-97176259,S2-980305187,S2-10323570,S2-10615658,S2-106261579,S2-109862055,S2-110425320,S2-111723397,S2-114328615,S2-114762618,S2-120350789,S2-121889101
S1-245014023	S2-437957365,S2-101537138,S2-106413714,S2-116030554,S2-125157117,S2-126737141,S2-134876836,S2-136607146,S2-137096222,S2-153629288,S2-155633699,S2-15675812,S2-159175610,S2-177357980,S2-180757604,S2-182529912,S2-182789676,S2-182806587,S2-189226576,S2-206953803,S2-207084937,S2-208325091,S2-224633651,S2-235596503,S2-244495639,S2-248858505,S2-250160561,S2-261179903,S2-265499521,S2-267253726,S2-275402623,S2-309143070,S2-318986054,S2-329676440,S2-344495957,S2-348150760,S2-348992665,S2-351627789,S2-358334842,S2-368743077
S1-964555236	S2-878802195,S2-226993824,S2-656455944,S2-154591991,S2-189991527,S2-259247605,S2-266601241,S2-344085581,S2-507646894,S2-603128651,S2-784592218,S2-797558775,S2-906688770,S2-943366859,S2-105720426,S2-118199917,S2-130743991,S2-13381057,S2-147123883,S2-148143091,S2-148435905,S2-150097313,S2-165622038,S2-168560796,S2-1689156,S2-172032247,S2-176849787,S2-18192700,S2-182112007,S2-191040529,S2-217161866,S2-235119461,S2-236440691,S2-248328837,S2-252363282,S2-283127086,S2-287713041,S2-291424025,S2-296443997,S2-320974130
S1-626914593	S2-115261077,S2-116568778,S2-134662867,S2-182145854,S2-185079657,S2-224909884,S2-275232626,S2-290528059,S2-301551130,S2-30840603,S2-323988714,S2-362690308,S2-36322367,S2-366629006,S2-376459435,S2-397015420,S2-446585847,S2-456360567,S2-459401673,S2-473558311,S2-492031103,S2-510728738,S2-528702149,S2-542690230,S2-568385282,S2-597318626,S2-610591160,S2-643131990,S2-679791481,S2-69140555,S2-693013638,S2-696907374,S2-72007114,S2-731144886,S2-778996169,S2-797130049,S2-798676170,S2-806620029,S2-91977333,S2-929015721
S1-685873514	S2-169784465,S2-254762071,S2-402093403,S2-505242927,S2-526616023,S2-743289828,S2-783721876,S2-721031885,S2-950473625,S2-102252903,S2-404374478,S2-427860775,S2-693884068,S2-101254538,S2-102409556,S2-102773684,S2-103466554,S2-108304064,S2-113801764,S2-116629257,S2-118527996,S2-120614992,S2-121611732,S2-123640222,S2-134708169,S2-135225672,S2-136113375,S2-139182951,S2-141510337,S2-151589139,S2-152056988,S2-155489436,S2-156623730,S2-15970945,S2-159965255,S2-16285602,S2-170119635,S2-172803196,S2-174396474,S2-174609481
S1-778830470	S2-284919985,S2-104299111,S2-125254201,S2-138251942,S2-142859651,S2-200288263,S2-205192437,S2-264493797,S2-285949087,S2-328444878,S2-330553624,S2-360764693,S2-396051454,S2-396171132,S2-403210077,S2-4248647,S2-441765868,S2-469150629,S2-472675182,S2-472828245,S2-476964454,S2-48355564,S2-518781230,S2-541246561,S2-544946376,S2-559968500,S2-63058853,S2-696136001,S2-716047902,S2-726576085,S2-729058852,S2-73503185,S2-752827660,S2-754047147,S2-768263389,S2-773870369,S2-780872035,S2-806462698,S2-817408388,S2-837693953
S1-585509512	S2-205392679,S2-253849262,S2-358455184,S2-398460096,S2-412539123,S2-436471877,S2-546869596,S2-606628661,S2-743716332,S2-84163196,S2-869469547,S2-934989040,S2-374721574,S2-963336602,S2-314140371,S2-107330887,S2-112066657,S2-118199917,S2-119620011,S2-129093659,S2-13208375,S2-132393206,S2-132543275,S2-142513026,S2-148143091,S2-148435905,S2-158711682,S2-162793102,S2-168560796,S2-1689156,S2-169134681,S2-172032247,S2-174290264,S2-181199933,S2-18192700,S2-181999779,S2-189471226,S2-200011965,S2-212548074,S2-226993824
S1-684624531	S2-336358047,S2-368322057,S2-56453857,S2-66472272,S2-77198147,S2-796551785,S2-825274870,S2-831233375,S2-834353592,S2-890073534,S2-892886608,S2-94228576,S2-962180990,S2-136378745,S2-142432539,S2-149751264,S2-153996632,S2-161389991,S2-180999100,S2-18997257,S2-213099480,S2-22700931,S2-230202200,S2-245155784,S2-250454716,S2-254302698,S2-288899312,S2-327045176,S2-328847303,S2-342277032,S2-356162164,S2-357938508,S2-366631404,S2-371739155,S2-383938935,S2-397570933,S2-399290662,S2-399420657,S2-400223550,S2-40573006
S1-277346734	S2-110855273,S2-14589566,S2-168302230,S2-172597897,S2-187760869,S2-220286148,S2-225227362,S2-255930762,S2-258436929,S2-297699519,S2-319866868,S2-321590098,S2-328638969,S2-337652920,S2-362875802,S2-397144890,S2-410049879,S2-418082017,S2-442025933,S2-455660268,S2-465428947,S2-490994155,S2-504663207,S2-518850682,S2-528838135,S2-561969971,S2-615297823,S2-623851883,S2-641677731,S2-650825240,S2-672736825,S2-696179681,S2-696874534,S2-700550944,S2-702488103,S2-731812775,S2-746381588,S2-763013811,S2-763439127,S2-768946792
S1-819659366	S2-133399775,S2-149771411,S2-163093599,S2-184894061,S2-193874788,S2-203962033,S2-216539054,S2-286043316,S2-286812037,S2-289498571,S2-297926954,S2-330149003,S2-331695288,S2-363154872,S2-428354277,S2-447505401,S2-456834905,S2-479113114,S2-493344297,S2-505880166,S2-509782333,S2-521145948,S2-528480286,S2-550443486,S2-560083606,S2-566118456,S2-57584526,S2-584498887,S2-588841288,S2-677073101,S2-677563863,S2-67991974,S2-685696075,S2-688545765,S2-701534263,S2-712374316,S2-726316895,S2-772287291,S2-779660846,S2-78849784
S1-534520678	S2-107569041,S2-113163500,S2-121600861,S2-126411084,S2-133397451,S2-147620702,S2-149945543,S2-170548497,S2-172622109,S2-175456325,S2-180292031,S2-202434604,S2-212370970,S2-21551751,S2-217441407,S2-221543245,S2-234238441,S2-242220369,S2-284439219,S2-337900694,S2-345313911,S2-362105495,S2-362114184,S2-363943539,S2-367370263,S2-371824081,S2-41644685,S2-417391901,S2-42445297,S2-453771647,S2-4599432,S2-466580473,S2-472761225,S2-503956565,S2-507246758,S2-50729650,S2-508793354,S2-510778080,S2-515937605,S2-527810636
S1-155814648	S2-157704406,S2-244606480,S2-415733261,S2-142230467,S2-206201633,S2-214634931,S2-22921912,S2-268447092,S2-279755232,S2-319007520,S2-372218876,S2-436033032,S2-444121358,S2-445125514,S2-44656071,S2-448408033,S2-456981564,S2-473371286,S2-507619867,S2-512260458,S2-514029505,S2-547408435,S2-572014735,S2-698622096,S2-712479570,S2-731617744,S2-74132816,S2-74926451,S2-772422738,S2-870576352,S2-888055946,S2-891245742,S2-893444879,S2-936134585,S2-17772653,S2-781999444,S2-26666961,S2-117680822,S2-207252956,S2-395950811
S1-277159753	S2-241563127,S2-168727642,S2-185231364,S2-217204313,S2-362485279,S2-368772488,S2-454717125,S2-490814405,S2-673704658,S2-746566824,S2-768345893,S2-871017791,S2-88653691,S2-967945314,S2-104522416,S2-107820831,S2-112948226,S2-118487325,S2-119268701,S2-120107482,S2-1240796,S2-127216883,S2-133609214,S2-136612680,S2-139511666,S2-140544302,S2-147848398,S2-149763553,S2-152847404,S2-168799386,S2-179060659,S2-180151192,S2-184864625,S2-185079657,S2-201930224,S2-205000200,S2-205768809,S2-219469380,S2-220541338,S2-222969776
S1-602440532	S2-631138522,S2-104925049,S2-590741440,S2-648960504,S2-650917430,S2-811062300,S2-100601479,S2-27297350,S2-311937560,S2-41269249,S2-45374386,S2-483716893,S2-518872573,S2-539681722,S2-919706463,S2-943690147,S2-104665206,S2-10985621,S2-113903756,S2-11443748,S2-11784308,S2-120889040,S2-138172601,S2-156153865,S2-157016880,S2-158790535,S2-165328783,S2-166296294,S2-172767765,S2-175321029,S2-185194896,S2-18760946,S2-188813326,S2-192039554,S2-198152141,S2-208524001,S2-214727503,S2-216376436,S2-216781981,S2-218208532
S1-996332987	S2-790619030,S2-135712954,S2-146417701,S2-159994333,S2-162277750,S2-185735427,S2-230569230,S2-237243311,S2-246534162,S2-283097035,S2-314925002,S2-315005820,S2-329256726,S2-331920032,S2-371724116,S2-383218892,S2-471156571,S2-487803690,S2-488313976,S2-635911598,S2-738479881,S2-740956922,S2-761127938,S2-776425226,S2-781044699,S2-785661690,S2-816920190,S2-831625227,S2-871870024,S2-924541909,S2-963378378,S2-979515993,S2-985419260,S3-20727238,S3-212514545,S3-696813732,S3-839020948,S3-935370916,S2-200200363,S2-636502988
S1-371279768	S2-294673795,S2-79319126,S2-881234527,S2-863824251,S2-8648579,S2-102235892,S2-104855614,S2-119346994,S2-134301319,S2-142668973,S2-143708384,S2-147749794,S2-153910225,S2-167129557,S2-176810646,S2-194287484,S2-19525996,S2-200624285,S2-208005980,S2-239061874,S2-239404227,S2-243796729,S2-246277961,S2-251819621,S2-253275229,S2-254808637,S2-26664321,S2-274363578,S2-274579033,S2-277557813,S2-288936172,S2-29048708,S2-290546851,S2-292172669,S2-292436026,S2-299325554,S2-31086263,S2-332917911,S2-338933983,S2-340851487
S1-352600381	S2-100331681,S2-107810306,S2-116794138,S2-157086200,S2-166932554,S2-192853046,S2-196564196,S2-251994329,S2-26324258,S2-286170455,S2-290899179,S2-291728753,S2-302844314,S2-305552875,S2-305691850,S2-326929754,S2-347646712,S2-369020292,S2-420162056,S2-441816474,S2-446101705,S2-459630928,S2-479785585,S2-485246974,S2-5073918,S2-513451488,S2-515027949,S2-525671462,S2-548108815,S2-568052212,S2-568218539,S2-569513539,S2-57490681,S2-593067977,S2-595738549,S2-596886118,S2-622207989,S2-663152672,S2-683883594,S2-686290210
S1-401741650	S2-202556875,S2-284446102,S2-983404252,S2-120730634,S2-128840868,S2-144770056,S2-158989871,S2-17300802,S2-173953360,S2-187498810,S2-210062866,S2-246621020,S2-247759089,S2-253170678,S2-291410564,S2-31545870,S2-344821654,S2-352377875,S2-364676421,S2-378730157,S2-38839346,S2-417455367,S2-436257218,S2-443114018,S2-450271281,S2-452715719,S2-463159414,S2-489461707,S2-53369492,S2-5371139,S2-546127792,S2-547557150,S2-549898315,S2-551856497,S2-55691462,S2-561911284,S2-567254704,S2-579825933,S2-584077300,S2-589794392
S1-994551021	S2-304302503,S2-769716297,S2-483277415,S2-139610210,S2-301777528,S2-389890209,S2-484427273,S2-631104870,S2-919047007,S2-94656370,S2-103676806,S2-106912041,S2-107185125,S2-107283812,S2-107435203,S2-108103764,S2-111157067,S2-111622934,S2-114328615,S2-11558889,S2-117713893,S2-118563493,S2-12074261,S2-121109521,S2-121251263,S2-122918631,S2-123000141,S2-124710128,S2-125297289,S2-126298894,S2-126900007,S2-126996401,S2-128147026,S2-131651451,S2-132673704,S2-132712335,S2-135510478,S2-136457087,S2-137658355,S2-139757130
S1-184201555	S2-127969282,S2-174248659,S2-182815737,S2-211725643,S2-214166434,S2-230606624,S2-262378104,S2-279549524,S2-315163568,S2-34692025,S2-369446532,S2-378929208,S2-397125857,S2-404109740,S2-433784280,S2-454217196,S2-489908959,S2-497944131,S2-50482762,S2-530609496,S2-536090601,S2-558824597,S2-564060544,S2-565763555,S2-63026430,S2-634657460,S2-638184819,S2-664038460,S2-667327888,S2-672717886,S2-702162329,S2-711382161,S2-716731162,S2-75150479,S2-776831686,S2-786243513,S2-807495969,S2-814897635,S2-831103769,S2-836524684
S1-286557884	S2-567950393,S2-754812830,S2-829805961,S2-101943224,S2-156068377,S2-15802375,S2-166500917,S2-180466972,S2-204035624,S2-239442916,S2-309083144,S2-321789018,S2-369223567,S2-449300018,S2-484460616,S2-522357032,S2-540611857,S2-549252400,S2-557882604,S2-58019764,S2-66107804,S2-671649180,S2-673057870,S2-6847342,S2-686833025,S2-708175965,S2-715755359,S2-719659791,S2-742406486,S2-805453958,S2-817514472,S2-83176049,S2-833710479,S2-840233726,S2-846285075,S2-858671409,S2-866345029,S2-911567357,S2-936599465,S2-93680711
S1-393157555	S2-792975710,S2-292460995,S2-923058788,S2-104522416,S2-107820831,S2-112948226,S2-119268701,S2-127216883,S2-133609214,S2-136612680,S2-179060659,S2-205768809,S2-219469380,S2-222969776,S2-231361899,S2-267240709,S2-26844167,S2-271770523,S2-282922653,S2-33430813,S2-335794457,S2-337907589,S2-347724585,S2-363184048,S2-373678906,S2-395499389,S2-404926302,S2-425103156,S2-436145767,S2-443722118,S2-459778851,S2-46566895,S2-471154795,S2-471955317,S2-474720793,S2-50518822,S2-512119746,S2-537912215,S2-545270835,S2-568034358
S1-493059116	S2-10289494,S2-106912041,S2-168109271,S2-243140057,S2-325919567,S2-335482637,S2-344398913,S2-417052324,S2-42673671,S2-442737032,S2-46357618,S2-52130681,S2-540312881,S2-54088122,S2-566288819,S2-666282042,S2-720991295,S2-761824926,S2-775500077,S2-79319126,S2-860365834,S2-869713649,S2-889638006,S2-924591059,S2-928382691,S2-964964239
S1-287666599	S2-157290929,S2-241386872,S2-297275118,S2-475941267,S2-143340987,S2-319520219,S2-337076780,S2-362502528,S2-395639460,S2-408144819,S2-419858227,S2-451009287,S2-483780949,S2-493293191,S2-532425514,S2-540349916,S2-574992441,S2-607061146,S2-609537028,S2-671212976,S2-674745562,S2-675296997,S2-69394310,S2-726099143,S2-772860369,S2-875960166,S2-932262584,S2-938476397,S2-98848952,S2-100601479,S2-103356275,S2-107106168,S2-108103764,S2-111061237,S2-111671984,S2-112607340,S2-113588646,S2-114409155,S2-114762618,S2-116787993
S1-862223871	S2-117672295,S2-145136821,S2-163737169,S2-181403261,S2-181562892,S2-203570435,S2-278045426,S2-285349475,S2-298073453,S2-315957452,S2-337167666,S2-594386142,S2-595783250,S2-601806311,S2-609178823,S2-762525455,S2-770422756,S2-974126678,S2-985612206,S2-243026715,S2-604464805,S2-98789881,S2-144916279,S2-246140180,S2-311029321,S2-317539573,S2-507569300,S2-637241996,S2-643861583,S2-703336809,S2-73148033,S2-744668824,S2-775990620,S2-780835308,S2-789935686,S2-791608566,S2-906710898,S2-966215119,S2-433883035,S2-137141004
S1-255988217	S2-377817178,S2-145204119,S2-251056860,S2-468234939,S2-677813132,S2-689518857,S2-690263938,S2-712277524,S2-800540541,S2-857467822,S2-916100837,S2-102409556,S2-103466554,S2-108231938,S2-108993601,S2-110010593,S2-114597445,S2-11673139,S2-118527996,S2-120614992,S2-136113375,S2-137981508,S2-140537645,S2-145223494,S2-151589139,S2-156623730,S2-157351570,S2-16772071,S2-172803196,S2-174609481,S2-176228373,S2-180521991,S2-182405841,S2-184376515,S2-193631518,S2-200050673,S2-206038488,S2-209817509,S2-212515881,S2-216434283
S1-549398205	S2-683833563,S2-86855523,S2-114428657,S2-115951285,S2-120382648,S2-131201732,S2-13822010,S2-142432539,S2-149201065,S2-150021013,S2-164761174,S2-171738557,S2-172136617,S2-225403671,S2-25834199,S2-261228228,S2-267133597,S2-290891441,S2-298585186,S2-312442501,S2-314412774,S2-316883483,S2-323793840,S2-34443113,S2-356115942,S2-372857983,S2-374751958,S2-376791375,S2-397729330,S2-413720367,S2-426144370,S2-439486038,S2-440580612,S2-447035910,S2-448392143,S2-463824815,S2-469914613,S2-490147771,S2-502250693,S2-518665760
S1-945360572	S2-63037002,S2-994558157,S2-249215835,S2-309819640,S2-583428412,S2-921276185,S2-23986578,S2-105720426,S2-390418577,S2-923512312,S2-549210643,S2-682874836,S2-783200505,S2-174528596,S2-229461725,S2-236320156,S2-259478528,S2-280127330,S2-344134243,S2-448756873,S2-521566795,S2-534494849,S2-592512342,S2-593891058,S2-625762676,S2-678432210,S2-69214320,S2-786544564,S2-789614850,S2-79974715,S2-825030002,S2-977850626,S2-978522560,S2-98820267,S2-100006923,S2-101436810,S2-105501087,S2-110549915,S2-114572881,S2-117632998
S1-761286259	S2-679211661,S2-147139591,S2-206083167,S2-408293188,S2-411112885,S2-427449026,S2-498488337,S2-576774941,S2-821620830,S2-102072426,S2-111461865,S2-130887373,S2-132986379,S2-134392248,S2-141913343,S2-143010552,S2-143822171,S2-144861464,S2-147235344,S2-150965879,S2-154008376,S2-158716035,S2-158989871,S2-171161046,S2-179104223,S2-198152141,S2-199409259,S2-205172165,S2-206794664,S2-217908075,S2-237963672,S2-242367010,S2-258235522,S2-286270410,S2-287350450,S2-288489447,S2-290512510,S2-296969450,S2-302080693,S2-318217219
S1-930015613	S2-115026040,S2-116661379,S2-252321761,S2-284865264,S2-29108033,S2-330072770,S2-362258219,S2-375951723,S2-467588250,S2-472320169,S2-476833485,S2-486530273,S2-496765495,S2-523854763,S2-552487507,S2-558925352,S2-585256482,S2-59954279,S2-71787985,S2-748554490,S2-76254255,S2-79840590,S2-848616364,S2-865692846,S2-136437217,S2-174258796,S2-285659000,S2-314113768,S2-477034684,S2-566931281,S2-636346102,S2-746654207,S2-748163379
S1-703200453	S2-328579163
S1-56835737	S2-615799804,S2-679915717,S2-402146164,S2-108675865,S2-164950416,S2-329868262,S2-408025764,S2-744973568,S2-783660839,S2-128213418,S2-268927595,S2-293831194,S2-315127060,S2-324129652,S2-372961141,S2-375222707,S2-5290392,S2-539420714,S2-593539450,S2-602184543,S2-608017908,S2-67522504,S2-688509723,S2-765612055,S2-808471372,S2-817935651,S2-914164870,S2-940640005,S2-991987972,S2-101988027,S2-102677,S2-102838962,S2-103397384,S2-105274406,S2-105769043,S2-106908241,S2-107929873,S2-108977786,S2-110358042,S2-11196630
S1-426033453	S2-413203240,S2-461065062,S2-155448849,S2-516172217,S2-889417862,S2-101919056,S2-101999827,S2-109858819,S2-111237832,S2-119406140,S2-121894818,S2-125238543,S2-129093659,S2-129267728,S2-146005377,S2-149889868,S2-15313534,S2-153138802,S2-159304457,S2-165914840,S2-166416064,S2-169126029,S2-171738557,S2-178433000,S2-178901458,S2-179524589,S2-183761344,S2-186835708,S2-18742582,S2-191752697,S2-195224749,S2-196810000,S2-205288146,S2-207312409,S2-207868561,S2-214077766,S2-220663043,S2-222691948,S2-224495015,S2-225777217
S1-59633785	S2-112607340,S2-252319343,S2-73589764,S2-565852338,S2-641547237,S2-82369450,S2-91400703,S2-100601479,S2-105882189,S2-107106168,S2-108103764,S2-111061237,S2-111671984,S2-113588646,S2-114409155,S2-114762618,S2-116787993,S2-11773207,S2-117898368,S2-123374214,S2-124708833,S2-128238338,S2-133984853,S2-13556886,S2-135978959,S2-137981508,S2-138900880,S2-140097767,S2-140537645,S2-143010552,S2-143340987,S2-148289960,S2-150648688,S2-152096273,S2-153673755,S2-157290929,S2-158872018,S2-159667236,S2-161097924,S2-161949377
S1-725341562	S2-166911743,S2-207812472,S2-314472566,S2-360291421,S2-384052113,S2-835381673,S2-856650897,S2-121412012,S2-134341052,S2-146476766,S2-147207723,S2-147597950,S2-199652507,S2-202963347,S2-205023557,S2-210872208,S2-232700760,S2-274417220,S2-278628905,S2-369828139,S2-378034415,S2-396934268,S2-400028816,S2-405596137,S2-412296892,S2-421097871,S2-472204730,S2-487638861,S2-503429492,S2-555707870,S2-561773254,S2-591590794,S2-65360588,S2-683847583,S2-71529448,S2-734756473,S2-741881624,S2-755277359,S2-75720453,S2-775500077
S1-118338310	S2-273233348,S2-952052122,S2-118563493,S2-935611265,S2-135350474,S2-199218269,S2-291705317,S2-433479516,S2-652895348,S2-681956450,S2-689139932,S2-700672654,S2-862788240,S2-942684920,S2-945507618
S1-605463770	S2-66338338,S2-880764652,S2-107369086,S2-121763106,S2-125157117,S2-130460888,S2-208113918,S2-23588937,S2-30073439,S2-324481202,S2-367821449,S2-412213635,S2-578590880,S2-607541176,S2-627149906,S2-696744966,S2-744994727,S2-78235508,S2-803730470,S2-902746167,S2-91066289,S2-953756830,S2-982000156,S2-562173752,S2-612184067,S2-60890911,S2-339029624,S2-348897674,S2-477171381,S2-525998554,S2-679381757,S2-91690570,S2-923973879,S2-106393512,S2-107111824,S2-108074414,S2-109530317,S2-110239007,S2-113907407,S2-119815516
S1-110662739	S2-442607903,S2-942792172,S2-10157860,S2-105463326,S2-112327492,S2-112834662,S2-117325459,S2-124534907,S2-126175750,S2-13281882,S2-135528912,S2-154135797,S2-166470814,S2-177994544,S2-178559516,S2-180596963,S2-190798105,S2-193208581,S2-193992071,S2-198498998,S2-229886583,S2-232490044,S2-237942217,S2-239391031,S2-258973712,S2-272923611,S2-277181156,S2-277696278,S2-294922253,S2-295569534,S2-304106936,S2-310171285,S2-312053622,S2-315589253,S2-330037921,S2-331190512,S2-331370136,S2-338112826,S2-339884517,S2-353433263
S1-348647076	S2-167717233,S2-400343253,S2-165484148,S2-264597063,S2-298762225,S2-381127815,S2-583264950,S2-735254538,S2-782970966,S2-892458075,S2-133991201,S2-295799812,S2-103505940,S2-14068945,S2-175865714,S2-222689397,S2-241468824,S2-248263159,S2-277557813,S2-279937166,S2-390040337,S2-432522197,S2-449346082,S2-450924279,S2-527577982,S2-534274444,S2-581821672,S2-611101843,S2-670045719,S2-67294215,S2-685306612,S2-686064436,S2-798834165,S2-801353329,S2-850568549,S2-881228620,S2-955174019,S2-100606700,S2-101037091,S2-101383646
S1-623350674	S2-101383646,S2-111189308,S2-116199441,S2-213484844,S2-216607898,S2-223104954,S2-238550052,S2-255348632,S2-267508487,S2-288447481,S2-300055548,S2-314956330,S2-348412630,S2-36814936,S2-41275325,S2-425338531,S2-441064659,S2-466974661,S2-477346021,S2-505223631,S2-514682137,S2-539911221,S2-558889270,S2-588173136,S2-595913199,S2-599808781,S2-64384453,S2-650403233,S2-654759274,S2-664558455,S2-676447749,S2-710099885,S2-736189759,S2-75656304,S2-757402261,S2-760533593,S2-761495082,S2-789895779,S2-80962314,S2-864468243
S1-250510039	
S1-824919785	S2-430874243,S2-101817571,S2-106382726,S2-108792202,S2-163547913,S2-165457766,S2-192666728,S2-201714586,S2-258524081,S2-282500016,S2-301476166,S2-316336521,S2-337045779,S2-347928945,S2-349770729,S2-374552323,S2-389575105,S2-40341135,S2-412408206,S2-430473707,S2-437383509,S2-454653094,S2-455042347,S2-465872622,S2-474715687,S2-491000493,S2-503829652,S2-516791831,S2-51797208,S2-521747173,S2-529057484,S2-540863605,S2-544679270,S2-544944227,S2-552761235,S2-576481848,S2-580026440,S2-591809239,S2-605108589,S2-613891717
S1-369859179	S2-391045671,S2-975285928,S2-981196366,S2-222205849,S2-365478542,S2-476000925,S2-553193794,S2-567812283,S2-583958357,S2-640526624,S2-656715924,S2-664612154,S2-665985147,S2-67035710,S2-704211489,S2-713719889,S2-785127369,S2-791856232,S2-822482083,S2-882915480,S2-91836810,S2-935001208,S2-183598714,S2-173251583,S2-494951180,S2-869196667,S2-151058135,S2-102376842,S2-173167885,S2-207868561,S2-229702355,S2-322032699,S2-354912564,S2-375736675,S2-379927807,S2-414653423,S2-470363816,S2-473081612,S2-507473101,S2-510842734
S1-178961928	S2-110331304,S2-11459613,S2-131551315,S2-132780702,S2-151322413,S2-167986169,S2-224298986,S2-230184729,S2-235599847,S2-267920369,S2-278899754,S2-288424236,S2-340234741,S2-348025335,S2-362285707,S2-375497942,S2-401363317,S2-414238106,S2-416264354,S2-424459800,S2-441770496,S2-47785410,S2-479636880,S2-502661343,S2-511966853,S2-517189142,S2-518561014,S2-551502726,S2-574676194,S2-583442963,S2-624497391,S2-640526624,S2-657926245,S2-672381387,S2-695657514,S2-705496812,S2-711267664,S2-717388708,S2-743163205,S2-745874730
S1-780502827	S2-823626647,S2-209851588,S2-316741890,S2-825794480,S2-864587914,S2-108775342,S2-212327625,S2-236577190,S2-251773447,S2-286330453,S2-380434542,S2-549272931,S2-580118685,S2-601325062,S2-730023617,S2-811504103,S2-867607931,S2-173139856,S2-407933109,S2-100601479,S2-101720861,S2-10985621,S2-116787993,S2-118586444,S2-129474646,S2-141736389,S2-143977672,S2-151088585,S2-154690269,S2-155894024,S2-16434028,S2-197168958,S2-201618952,S2-203296597,S2-220549298,S2-24217243,S2-243281318,S2-244471300,S2-251489220,S2-252884096
S1-804433939	S2-263062006,S2-42822838,S2-732218701,S2-157245246,S2-269867174,S2-346171796,S2-713274075,S2-227887567,S2-281788940,S2-350683874,S2-367987690,S2-505093473,S2-523379739,S2-637434518,S2-778285699,S2-780232653,S2-806795229,S2-816118120,S2-892178595,S2-933965005,S2-299325554,S2-489196749,S2-144636346,S2-145223494,S2-212515881,S2-261040245,S2-401492041,S2-422398678,S2-458037916,S2-560212442,S2-7094860,S2-770823485,S2-774119543,S2-83815437,S2-892174150,S2-92915929,S2-103636129,S2-103972023,S2-109034922,S2-110746500
S1-967577604	S2-104643233,S2-153531943,S2-160753273,S2-267562546,S2-316467374,S2-335414266,S2-392081541,S2-425391326,S2-539420714,S2-605404874,S2-608730553,S2-652645470,S2-75223262,S2-783158461,S2-833249856,S2-85436032,S2-898915665,S2-90312577,S2-454094710,S2-623164214,S2-857839471,S2-16099848,S2-773408769,S2-101935915,S2-373401869,S2-609803074,S2-762459339,S2-105886630,S2-12967551,S2-133322005,S2-150513435,S2-153757199,S2-167710282,S2-184768987,S2-19289150,S2-204324801,S2-216175300,S2-224372378,S2-225085900,S2-228083523
S1-391589408	S2-122341199,S2-133231514,S2-160031,S2-168711590,S2-177244649,S2-184456010,S2-186550137,S2-186614354,S2-197061425,S2-218581761,S2-233123309,S2-249491949,S2-263669606,S2-369052019,S2-373919965,S2-378920632,S2-441856836,S2-455323239,S2-477363989,S2-485501901,S2-499520071,S2-507486280,S2-509832800,S2-510367781,S2-574940993,S2-605969506,S2-623196005,S2-64584428,S2-663440551,S2-664391582,S2-69471241,S2-711288488,S2-726088604,S2-72885591,S2-734955658,S2-781317759,S2-812576107,S2-813168830,S2-828032594,S2-844710606
S1-975150347	S2-520029748,S2-799238901,S2-160228504,S2-174069908,S2-45495534,S2-471154561,S2-561584954,S2-646397593,S2-668779425,S2-702568989,S2-775953746,S2-883305739,S2-909068518,S2-985969157,S2-104858458,S2-141405874,S2-189987319,S2-261433982,S2-311432553,S2-31784794,S2-364256342,S2-369242155,S2-386575117,S2-405713065,S2-478896649,S2-542437660,S2-544679270,S2-576312763,S2-588820333,S2-59198740,S2-634351405,S2-673229984,S2-704733115,S2-741370467,S2-741811666,S2-745769918,S2-850334501,S2-887367278,S2-924032215,S2-935426120
S1-527595287	S2-466857833,S2-87974438,S2-111461865,S2-127357680,S2-142709390,S2-146435955,S2-150190841,S2-151983381,S2-171100423,S2-177326684,S2-224334856,S2-277201546,S2-281801530,S2-295205540,S2-31241265,S2-319075835,S2-331855957,S2-351547499,S2-361385344,S2-404018961,S2-417173356,S2-421078322,S2-445670871,S2-45677678,S2-467121958,S2-475820176,S2-515188999,S2-544751089,S2-55444028,S2-582966594,S2-587381188,S2-587609,S2-628011193,S2-629411222,S2-631527515,S2-646244744,S2-689927505,S2-702862423,S2-725382222,S2-7265669
S1-419483044	S2-115519395,S2-15365332,S2-228268602,S2-283797923,S2-333435013,S2-422337747,S2-520092068,S2-645744028,S2-683865354,S2-779549867,S2-852710622,S2-884174406,S2-905552514,S2-963515081,S2-99781315,S2-231882276,S2-475277433,S2-6758516,S2-810500558,S2-988469933,S2-650308939,S2-122367876,S2-145644685,S2-193992071,S2-211899103,S2-252697289,S2-258436929,S2-261144736,S2-280829962,S2-310938550,S2-346705599,S2-366702753,S2-369339411,S2-373667286,S2-376591690,S2-379170037,S2-436404097,S2-452572748,S2-491562569,S2-555319294
S1-289477063	S2-112510866,S2-113775999,S2-139342863,S2-157281548,S2-162325535,S2-1722538,S2-177591525,S2-188695504,S2-207218873,S2-214376016,S2-218140654,S2-222237406,S2-229301126,S2-261214994,S2-353141396,S2-368206306,S2-385661610,S2-425214685,S2-433652978,S2-505839711,S2-50744638,S2-541353871,S2-544179158,S2-561021343,S2-572483468,S2-572531501,S2-607435351,S2-615245366,S2-685027145,S2-702122694,S2-714054648,S2-76825691,S2-799510259,S2-812257530,S2-81949679,S2-838920133,S2-847626497,S2-857545705,S2-868565534,S2-876852577
S1-414487608	S2-112648744,S2-137278449,S2-154581338,S2-161711656,S2-252584640,S2-286221773,S2-299257032,S2-339142042,S2-397679227,S2-44303445,S2-45716878,S2-521891562,S2-622337035,S2-633005687,S2-659300097,S2-679866106,S2-698245094,S2-781560383,S2-804591095,S2-821378791,S2-91042715,S2-916579630,S2-936119057,S2-942309657,S2-971008202,S2-575271306,S2-619520684,S2-94798358,S2-158255969,S2-462816155,S2-791800063,S2-884354879,S2-258085782,S2-103956914,S2-13306888,S2-146831817,S2-159204844,S2-169730225,S2-18879382,S2-193910487
S1-918001356	S2-697092504
S1-863881054	S2-114805384,S2-118002348,S2-137332973,S2-139941560,S2-149370940,S2-158399201,S2-191007167,S2-19396123,S2-194013652,S2-210017307,S2-213486204,S2-224608066,S2-229807095,S2-237352919,S2-244546798,S2-245909245,S2-307573893,S2-353716542,S2-368747998,S2-387902144,S2-393508323,S2-401898465,S2-420995032,S2-446101705,S2-446495200,S2-449967593,S2-450885880,S2-480245126,S2-502091632,S2-519588694,S2-521067037,S2-52340186,S2-534498508,S2-55155187,S2-605970687,S2-609856602,S2-61436897,S2-61903234,S2-630520959,S2-640542998
S1-451077707	S2-330540633,S2-428411270,S2-106382726,S2-110343431,S2-123641424,S2-12449131,S2-127714938,S2-132188730,S2-13539019,S2-140714509,S2-144241980,S2-148986177,S2-155891858,S2-160208970,S2-161726975,S2-17059917,S2-171240189,S2-172819884,S2-174290264,S2-177205880,S2-181402336,S2-186093225,S2-187164462,S2-189607674,S2-200135066,S2-200688590,S2-202956295,S2-207441088,S2-215169300,S2-217110302,S2-218967275,S2-22251149,S2-223117200,S2-225394165,S2-225949298,S2-230184729,S2-233682791,S2-237273862,S2-243931958,S2-245126142
S1-528999441	S2-10157860,S2-112327492,S2-112834662,S2-126175750,S2-135528912,S2-166470814,S2-177994544,S2-193992071,S2-198498998,S2-229886583,S2-232490044,S2-239391031,S2-258973712,S2-277181156,S2-304106936,S2-310171285,S2-315589253,S2-331190512,S2-331370136,S2-338112826,S2-372899546,S2-378019566,S2-395410864,S2-396061899,S2-40875972,S2-426287968,S2-454478078,S2-457321092,S2-463853464,S2-464992727,S2-471642227,S2-476753105,S2-489827398,S2-502382007,S2-514926620,S2-547296202,S2-557030973,S2-56156382,S2-572367141,S2-585646138
S1-316246362	S2-16810804,S2-462897324,S2-988366654,S2-199455376,S2-401248766,S2-407718820,S2-430473707,S2-439458470,S2-721721192,S2-761644899,S2-865380516,S2-898189635,S2-405609980,S2-580026440,S2-603681343,S2-661446556,S2-713135503,S2-815157772,S2-970116184,S2-114823038,S2-138118490,S2-160208970,S2-160228504,S2-183646057,S2-195430109,S2-210181028,S2-210971167,S2-214025236,S2-222687623,S2-229140581,S2-235409456,S2-245155784,S2-251885030,S2-251998044,S2-254542246,S2-275404449,S2-282956906,S2-285260582,S2-296553013,S2-314477032
S1-855787505	S2-100428430,S2-131606423,S2-194518373,S2-254762262,S2-258524081,S2-269854461,S2-288867256,S2-317840341,S2-320290720,S2-322425059,S2-380861975,S2-391202970,S2-457232209,S2-513596167,S2-611583083,S2-663152672,S2-711267664,S2-712425225,S2-730872988,S2-759773685,S2-775099408,S2-803175066,S2-822678912,S2-851632606,S2-904087108,S2-911430061,S2-936253397,S2-939621674,S2-971882698,S2-192930718,S2-194486400,S2-342093717,S2-111237832,S2-119406140,S2-121894818,S2-125238543,S2-129093659,S2-139323154,S2-146005377,S2-169316016
S1-261133992	S2-102140882,S2-126113089,S2-142738971,S2-147418558,S2-199850824,S2-30303472,S2-424994410,S2-45191299,S2-478314594,S2-486691928,S2-544639758,S2-590156346,S2-598068208,S2-60078962,S2-644359266,S2-702611529,S2-722892973,S2-742354485,S2-788169147,S2-830830561,S2-856550637,S2-907823193,S2-128082143,S2-654175886,S2-764648578,S2-766311908,S2-783499977,S2-913976206,S2-32682840,S2-57375033,S2-698662232,S2-738725699,S2-101709806,S2-102907056,S2-104069092,S2-115026040,S2-123703779,S2-146173161,S2-155455751,S2-16424628
S1-463917421	S2-39075485,S2-438595133,S2-603000067,S2-837663921,S2-980447376,S2-416304799,S2-660683511,S2-15496129,S2-31717461,S2-3256414,S2-366373415,S2-376803748,S2-456212957,S2-494606846,S2-51864028,S2-585106009,S2-607274077,S2-677292915,S2-698353745,S2-704435371,S2-735701312,S2-931831700,S2-94391505,S2-992630636,S2-237676756,S2-875960166,S2-162194884,S2-172207378,S2-201392485,S2-204540434,S2-304748794,S2-32806426,S2-362135400,S2-385335834,S2-406285430,S2-408025764,S2-41383201,S2-425529420,S2-431758951,S2-432937178
S1-745450749	S2-111237832,S2-119406140,S2-121894818,S2-125238543,S2-129093659,S2-146005377,S2-178901458,S2-179524589,S2-191752697,S2-205288146,S2-207312409,S2-207868561,S2-214077766,S2-225777217,S2-225877806,S2-231792681,S2-24425723,S2-248838396,S2-259658882,S2-277615620,S2-277826628,S2-280726094,S2-289140227,S2-289452794,S2-312573896,S2-321092368,S2-332356681,S2-332498056,S2-339144657,S2-342561707,S2-343137775,S2-34598233,S2-346343347,S2-350163162,S2-369557657,S2-375710660,S2-377462301,S2-377809075,S2-380495412,S2-385077775
S1-881848076	S2-158687922,S2-698790742,S2-454855149,S2-242998550,S2-675355826
S1-92729851	S2-104780035,S2-120958253,S2-144522958,S2-174006972,S2-188613246,S2-192789185,S2-210717517,S2-222024725,S2-256424299,S2-258060275,S2-301219117,S2-309413511,S2-347078876,S2-36871744,S2-387132714,S2-387675256,S2-396639472,S2-436211938,S2-436638383,S2-447670576,S2-465896799,S2-472530538,S2-503045539,S2-518525663,S2-538666984,S2-545333017,S2-552588596,S2-556451,S2-567811125,S2-577275672,S2-598657786,S2-608731814,S2-615855372,S2-620759873,S2-640284162,S2-659228286,S2-664527895,S2-674956859,S2-677289558,S2-68205814
S1-403838225	S2-183230878,S2-281141945,S2-331320509,S2-345085185,S2-348500603,S2-370934169,S2-489246469,S2-364902100,S2-460684696,S2-723986550,S2-100090803,S2-101537138,S2-106916619,S2-120549229,S2-126561256,S2-13556886,S2-143358506,S2-146288242,S2-151322374,S2-152690112,S2-153191170,S2-159064454,S2-165828114,S2-168390561,S2-177959947,S2-182246971,S2-185471785,S2-194535034,S2-197696225,S2-201795506,S2-207490927,S2-215170190,S2-220587965,S2-22257325,S2-22315267,S2-225495149,S2-225687022,S2-226233787,S2-230625410,S2-235995649
S1-668525331	S2-940589254,S2-169416923,S2-183393419,S2-188496341,S2-340851297,S2-348180150,S2-391886434,S2-409657574,S2-46552888,S2-467505244,S2-547512506,S2-548296657,S2-602160357,S2-603841351,S2-656748868,S2-731682240,S2-815312566,S2-873790751,S2-951499790,S2-963649434,S2-965145530,S2-207641198,S2-55607785,S2-676321006,S2-147334993,S2-109899510,S2-118711492,S2-165863386,S2-224980295,S2-284501015,S2-346922998,S2-352457766,S2-354233452,S2-458658981,S2-472694676,S2-475982006,S2-481254808,S2-597540516,S2-613586487,S2-683449571
S1-890991991	S2-286138822,S2-4067487,S2-449375883,S2-599347046,S2-889977529,S2-102396184,S2-104019702,S2-119843211,S2-13478829,S2-14241037,S2-149271521,S2-1505887,S2-151582230,S2-177353350,S2-193307781,S2-200814831,S2-203503037,S2-203511816,S2-230358190,S2-233502407,S2-242055718,S2-264997775,S2-271321037,S2-276476724,S2-277184030,S2-288071884,S2-299203503,S2-304961482,S2-306512735,S2-33294773,S2-333716982,S2-335860,S2-346516346,S2-357537858,S2-382192177,S2-412957618,S2-441407845,S2-466015321,S2-472431733,S2-483665860
S1-130034572	S2-118962579,S2-124169707,S2-144638525,S2-18320938,S2-199293153,S2-201277806,S2-203870993,S2-225111611,S2-242815173,S2-271070852,S2-281091664,S2-297215873,S2-334734847,S2-365411286,S2-370732801,S2-40166659,S2-408071722,S2-423289341,S2-480122639,S2-48468813,S2-502977844,S2-519986526,S2-52923151,S2-529333843,S2-561170082,S2-580566062,S2-58187683,S2-584175119,S2-595639432,S2-606889205,S2-636506378,S2-651066610,S2-667363459,S2-713998084,S2-72281741,S2-736621444,S2-763792319,S2-779894373,S2-783841787,S2-790215125
S1-458223959	S2-136382984,S2-136419735,S2-181345125,S2-186072832,S2-199348255,S2-310294232,S2-353666951,S2-406063706,S2-420061591,S2-464495315,S2-468454228,S2-47940472,S2-50331098,S2-504242360,S2-519903945,S2-521972329,S2-579159988,S2-592579137,S2-601425204,S2-656712210,S2-665914441,S2-740446216,S2-759830570,S2-76927529,S2-776047312,S2-784439070,S2-791932252,S2-799978429,S2-84734904,S2-847642452,S2-871325588,S2-914886555,S2-977033809,S2-981916482,S2-99260087,S2-757613830,S2-838286214,S2-100966367,S2-115982498,S2-161956716
S1-509571057	S2-102677,S2-103397384,S2-16964085,S2-170993862,S2-178243328,S2-178448400,S2-248578795,S2-2827703,S2-293691225,S2-293911511,S2-323329661,S2-391091068,S2-430702484,S2-452973108,S2-564174132,S2-574655879,S2-591966344,S2-596520145,S2-616556397,S2-624442724,S2-632788341,S2-633281412,S2-636018182,S2-654429344,S2-656255139,S2-667274253,S2-668239457,S2-697902620,S2-70935393,S2-722988187,S2-73156996,S2-740640057,S2-772018029,S2-783431341,S2-806523322,S2-85926088,S2-872949216,S2-879330978,S2-884952517,S2-891696401
S1-421315715	S2-105882189,S2-161097924,S2-169184293,S2-17156154,S2-171638271,S2-1725245,S2-20521724,S2-211034784,S2-233227302,S2-235967760,S2-241464589,S2-252502839,S2-279588058,S2-281787771,S2-331692143,S2-336305433,S2-422925269,S2-428552405,S2-459714239,S2-472992772,S2-499048769,S2-505588246,S2-513988934,S2-539501475,S2-556530424,S2-583339661,S2-595910556,S2-608803588,S2-660638390,S2-663098623,S2-702578286,S2-709202414,S2-72980456,S2-748347027,S2-763796496,S2-770784340,S2-771555843,S2-778645897,S2-792613078,S2-846347139
S1-588831845	S2-129267728,S2-156967808,S2-165395178,S2-225756135,S2-258904656,S2-411680588,S2-42138752,S2-519450390,S2-576594275,S2-584664366,S2-59357804,S2-714401103,S2-76825809,S2-789931861,S2-826255163,S2-914933428,S2-969121932,S2-99804476,S2-179878001,S2-431286952,S2-449617627,S2-547585149,S2-756612910,S2-132567684,S2-136465789,S2-141405874,S2-201764986,S2-213113754,S2-218140871,S2-251622760,S2-253849262,S2-268859026,S2-271178948,S2-30504838,S2-322098502,S2-329661241,S2-332036682,S2-36137745,S2-422534402,S2-425244359
S1-317420934	S2-50513846,S2-866121533,S2-389783704,S2-421774088,S2-82532406,S2-263311520,S2-265744174,S2-581823020,S2-745673827,S2-100375127,S2-100598528,S2-107330887,S2-110236539,S2-118275942,S2-12235064,S2-122944993,S2-123938326,S2-126896976,S2-1311030,S2-132555754,S2-132866128,S2-136630789,S2-137989675,S2-139916403,S2-140436734,S2-142272235,S2-145566604,S2-152167783,S2-153167985,S2-153558779,S2-155574448,S2-157723209,S2-158502533,S2-162663829,S2-163881979,S2-169654436,S2-17082321,S2-179181266,S2-17945910,S2-181056636
S1-939058378	S2-939131514,S2-132673704,S2-143701751,S2-155361721,S2-184025785,S2-2048071,S2-230496866,S2-280104333,S2-326946504,S2-390971137,S2-472145483,S2-552788791,S2-554718137,S2-566407734,S2-626450019,S2-646297745,S2-647422878,S2-647807024,S2-69501662,S2-732609411,S2-752650804,S2-775450219,S2-777785870,S2-785643946,S2-846105871,S2-866803537,S2-911242551,S2-929342672,S2-937154069,S2-896581061,S2-447883482,S2-117713893,S2-15116571,S2-162198118,S2-201778782,S2-208525797,S2-220025666,S2-257267941,S2-264484931,S2-266925861
S1-252242682	S2-303743808,S2-510118883,S2-20820939,S2-494710355,S2-518235466,S2-521779424,S2-640663140,S2-745729412,S2-791716685,S2-159699011,S2-273656819,S2-316952029,S2-336493176,S2-347726951,S2-390117090,S2-436252788,S2-537044179,S2-559043475,S2-623540396,S2-629621942,S2-630002788,S2-656181026,S2-662998731,S2-692499316,S2-713274075,S2-726219072,S2-767892471,S2-773111214,S2-784451498,S2-858423651,S2-917010263,S2-918778578,S2-947421213,S2-949193519
S1-415958408	S2-795596809,S2-913216366,S2-10214744,S2-102704852,S2-104938297,S2-106750439,S2-108945591,S2-109865432,S2-109899510,S2-113152867,S2-115920996,S2-116329941,S2-117101486,S2-117927544,S2-118968443,S2-1262769,S2-126400508,S2-131172399,S2-137852289,S2-142304946,S2-146547674,S2-14828490,S2-148435905,S2-149597058,S2-151058135,S2-151480987,S2-151507565,S2-151947139,S2-1583899,S2-160811222,S2-16510113,S2-168126628,S2-169989149,S2-171214245,S2-176243658,S2-176385688,S2-177402451,S2-18394219,S2-185010239,S2-186913698
S1-749912968	S2-210511756,S2-279822018,S2-899077015,S2-695313755,S2-107888981,S2-613234380,S2-806937413,S2-135225672,S2-162582868,S2-213622539,S2-222859868,S2-224208458,S2-281590794,S2-350436252,S2-373051916,S2-402804051,S2-433042943,S2-445336261,S2-465597852,S2-542484410,S2-596392570,S2-628957009,S2-678621412,S2-680778090,S2-695291588,S2-717121188,S2-78468860,S2-948228830,S2-983403951,S2-100053798,S2-100601479,S2-101173576,S2-101720861,S2-10289494,S2-103096914,S2-103466554,S2-10881057,S2-10985621,S2-110271666,S2-110284095
S1-773889195	S2-122912836,S2-150634918,S2-160433916,S2-215165368,S2-215802515,S2-221732138,S2-22307298,S2-226970868,S2-234573008,S2-266742394,S2-273999815,S2-276868232,S2-292293296,S2-29657277,S2-356331953,S2-432723670,S2-467255348,S2-5062436,S2-508367343,S2-515386320,S2-550454633,S2-57257373,S2-590671543,S2-610500162,S2-655972875,S2-659876168,S2-683578445,S2-684921133,S2-712826081,S2-714865991,S2-715418044,S2-800232977,S2-81661580,S2-824976857,S2-871695908,S2-876632917,S2-87980826,S2-899702960,S2-910540434,S2-911519008
S1-435143060	S2-902946138,S2-23319385,S2-247082154,S2-281800670,S2-316400680,S2-319516258,S2-374470520,S2-387402384,S2-400211184,S2-450139445,S2-463999639,S2-46490477,S2-480396348,S2-497903120,S2-534832831,S2-556463742,S2-577040413,S2-60000134,S2-605540052,S2-681932720,S2-692630041,S2-755602244,S2-794488972,S2-824397153,S2-827162279,S2-834789306,S2-906548442,S2-917279111,S2-924591059,S2-10881057,S2-114233191,S2-115467558,S2-116116201,S2-116958442,S2-12009787,S2-121568183,S2-126696845,S2-131923016,S2-134138471,S2-134791364
S1-567349457	S2-133664209,S2-134732391,S2-195972156,S2-234672601,S2-252152193,S2-256172355,S2-280677288,S2-316631181,S2-337243893,S2-354923041,S2-360884658,S2-372871261,S2-402074777,S2-405950013,S2-408659835,S2-417662829,S2-449995057,S2-450994825,S2-451815730,S2-472361671,S2-491599473,S2-508365500,S2-524570942,S2-539330980,S2-549397424,S2-553315335,S2-561497280,S2-568268673,S2-569931245,S2-585489181,S2-60414527,S2-615055841,S2-63762158,S2-666642768,S2-669020210,S2-669043100,S2-70730904,S2-720066066,S2-738264555,S2-751185389
S1-713966229	S2-558925352,S2-101451801,S2-115026040,S2-116661379,S2-120695955,S2-138840242,S2-139110446,S2-157632564,S2-169175840,S2-170821232,S2-174118382,S2-178384635,S2-180361841,S2-190849736,S2-191274340,S2-22642885,S2-228023672,S2-236789268,S2-252321761,S2-28478343,S2-284865264,S2-288442284,S2-289100479,S2-29108033,S2-291405893,S2-298447368,S2-303280197,S2-318241231,S2-323071210,S2-330072770,S2-334012226,S2-341748039,S2-349327469,S2-362258219,S2-375951723,S2-379340461,S2-380683094,S2-403306395,S2-439433416,S2-441845297
S1-471376742	S2-112510866,S2-113775999,S2-139342863,S2-157281548,S2-162325535,S2-1722538,S2-177591525,S2-188695504,S2-207218873,S2-214376016,S2-218140654,S2-222237406,S2-229301126,S2-261214994,S2-353141396,S2-368206306,S2-385661610,S2-425214685,S2-433652978,S2-505839711,S2-50744638,S2-541353871,S2-544179158,S2-561021343,S2-572483468,S2-572531501,S2-607435351,S2-615245366,S2-685027145,S2-702122694,S2-714054648,S2-76825691,S2-799510259,S2-812257530,S2-81949679,S2-838920133,S2-847626497,S2-857545705,S2-868565534,S2-876852577
S1-601117798	S2-179218039,S2-373515798,S2-70305568,S2-72907989,S2-691319729,S2-110844020,S2-125034015,S2-126861995,S2-13440422,S2-152186399,S2-154876508,S2-19297940,S2-197251777,S2-248782105,S2-25115719,S2-255808984,S2-264776657,S2-269084113,S2-28021649,S2-316331777,S2-355188251,S2-386702363,S2-388987457,S2-392313075,S2-39834686,S2-398793962,S2-406825533,S2-411784112,S2-412196838,S2-416243900,S2-446507835,S2-460107134,S2-469909227,S2-505166418,S2-506656278,S2-506778912,S2-515416055,S2-524007972,S2-525587203,S2-527150782
S1-941709619	S2-83809256,S2-430083316,S2-604268165,S2-335124172,S2-345172295,S2-727409714,S2-140343469,S2-171172645,S2-349303228,S2-426160031,S2-568880586,S2-586376618,S2-632198253,S2-903838252,S2-958447605,S2-985419260,S2-101325335,S2-102059869,S2-102140882,S2-102704852,S2-106817274,S2-10776474,S2-109858819,S2-112560716,S2-112813886,S2-115951285,S2-116669132,S2-118263691,S2-119813155,S2-122040589,S2-123307492,S2-126049626,S2-126771418,S2-12953898,S2-131512780,S2-131956008,S2-132188730,S2-132197171,S2-135712954,S2-135770182
S1-237670057	S2-177192517,S2-24096264,S2-256257347,S2-287879589,S2-309675728,S2-315250131,S2-331258198,S2-350341241,S2-398097063,S2-420721910,S2-425213326,S2-495825650,S2-568951817,S2-607642800,S2-693331755,S2-726813453,S2-792073969,S2-814021035,S2-867762337,S2-99136836,S2-101709806,S2-102907056,S2-112648744,S2-118263691,S2-131172399,S2-136305349,S2-142441358,S2-154581738,S2-16007832,S2-182868227,S2-183479024,S2-190103142,S2-191752697,S2-191893737,S2-192827750,S2-193389855,S2-199635728,S2-203570435,S2-212240492,S2-214058642
S1-44450013	S2-113689769,S2-216552439,S2-254788212,S2-822890943,S2-595250976,S2-415364320,S2-522497403,S2-855492299,S2-238438811,S2-316024478,S2-433856366,S2-451009287,S2-480709310,S2-520833347,S2-536152314,S2-656020279,S2-828773122,S2-926793633,S2-976581237,S2-100601479,S2-10157860,S2-103979213,S2-108103764,S2-111061237,S2-112327492,S2-112834662,S2-113588646,S2-114409155,S2-115152834,S2-116787993,S2-11773207,S2-118586444,S2-121865480,S2-124767708,S2-126175750,S2-129830934,S2-135528912,S2-136969294,S2-138900880,S2-140097767
S1-556629301	S2-176831941,S2-111061289,S2-146582760,S2-156162868,S2-157086200,S2-174251713,S2-181056636,S2-195007011,S2-25491059,S2-273758008,S2-285802098,S2-30754978,S2-317745703,S2-388384717,S2-391860001,S2-406784191,S2-450786114,S2-467312056,S2-522659690,S2-54615464,S2-574147563,S2-586392191,S2-603128651,S2-639590499,S2-640542998,S2-66962209,S2-6762534,S2-735973567,S2-745673827,S2-785561582,S2-801988944,S2-802354341,S2-808912064,S2-874971808,S2-889617332,S2-948645329,S2-981453578,S2-984039580,S2-102950909,S2-108244697
S1-706942192	S2-731086997,S2-939581961,S2-344916857,S2-102176444,S2-102876779,S2-104028932,S2-111061289,S2-117490392,S2-118228907,S2-11851443,S2-13563203,S2-140436734,S2-153070089,S2-163547913,S2-16801220,S2-168143357,S2-169730225,S2-173858477,S2-174256960,S2-175421902,S2-175561761,S2-183307883,S2-185433713,S2-185894452,S2-188031005,S2-190114096,S2-190458488,S2-1955106,S2-198717453,S2-207441088,S2-208556940,S2-220633560,S2-229325387,S2-230916292,S2-235421110,S2-241443701,S2-246777571,S2-252713544,S2-262642893,S2-270696574
S1-581156957	S2-40167676,S2-104193059,S2-104800781,S2-11753311,S2-127417961,S2-12796093,S2-128812248,S2-14296114,S2-145131937,S2-147122423,S2-15241240,S2-155487435,S2-159304457,S2-170181433,S2-170428654,S2-174490227,S2-18050550,S2-184993338,S2-194744595,S2-198306291,S2-210971167,S2-214087576,S2-220022698,S2-228821771,S2-229539144,S2-232645849,S2-238216854,S2-242978483,S2-243424479,S2-253444480,S2-259947941,S2-275006857,S2-299170002,S2-312555009,S2-331386193,S2-332363977,S2-348090733,S2-348665382,S2-371189271,S2-378635692
S1-925443249	S2-809079575,S2-984403552,S2-134481300,S2-187052705,S2-281967867,S2-729984766,S2-926659122,S2-100259315,S2-103300986,S2-104144429,S2-105688032,S2-115533406,S2-121378391,S2-145507253,S2-147122423,S2-15241240,S2-157877036,S2-161753902,S2-193910487,S2-19553420,S2-195777164,S2-199213478,S2-199235212,S2-215874536,S2-245155784,S2-245909245,S2-246311305,S2-246768328,S2-254542246,S2-261694422,S2-264243004,S2-26522334,S2-270696574,S2-273200286,S2-276367695,S2-288876615,S2-289100479,S2-290515461,S2-292981942,S2-294219540
S1-760271020	S2-867554145,S2-131506381,S2-134661626,S2-185531240,S2-193056650,S2-199980909,S2-200067922,S2-228292788,S2-229560398,S2-236998284,S2-277690362,S2-28134581,S2-328861972,S2-336445129,S2-336908326,S2-34510770,S2-346550847,S2-377001396,S2-393056405,S2-414808855,S2-415984831,S2-421953366,S2-426301227,S2-435953879,S2-44935718,S2-473742923,S2-488839070,S2-490251737,S2-543634395,S2-605104851,S2-605331556,S2-609224516,S2-615652460,S2-620223248,S2-63530227,S2-651566191,S2-655756698,S2-67930851,S2-717076942,S2-74336911
S1-557122184	S2-245909245,S2-332430964,S2-70932093,S2-964884603,S2-106571440,S2-118002348,S2-158399201,S2-171214245,S2-194013652,S2-204301831,S2-210017307,S2-213486204,S2-216343581,S2-222816106,S2-229807095,S2-244546798,S2-248595749,S2-265137694,S2-296763170,S2-365769586,S2-387902144,S2-392994485,S2-405376038,S2-420995032,S2-427241227,S2-427382450,S2-449967593,S2-478844767,S2-480245126,S2-488789411,S2-498649674,S2-506145204,S2-519588694,S2-52340186,S2-534498508,S2-53805651,S2-55155187,S2-57320271,S2-605970687,S2-609856602
S1-629251592	S2-106196817,S2-118957747,S2-148685384,S2-148975748,S2-15073935,S2-155086154,S2-161381956,S2-175767585,S2-183020947,S2-229217508,S2-230093660,S2-248148483,S2-251366229,S2-253607066,S2-254159205,S2-25787219,S2-262410439,S2-263826071,S2-265128478,S2-271271487,S2-271613287,S2-321411113,S2-331757230,S2-337765929,S2-34296159,S2-353853456,S2-354889203,S2-378118049,S2-383322515,S2-383546064,S2-386274763,S2-402444489,S2-426259815,S2-456414472,S2-511379,S2-511519199,S2-552618627,S2-558443244,S2-567514562,S2-577003587
S1-472663407	S2-57452023,S2-119607177,S2-102309877,S2-102829338,S2-103853781,S2-106571440,S2-107284193,S2-111478758,S2-115905594,S2-116505976,S2-119418300,S2-120498114,S2-126315980,S2-131125837,S2-131187809,S2-133556960,S2-141464080,S2-142523054,S2-143831817,S2-144554402,S2-146201376,S2-150451830,S2-150882090,S2-15148623,S2-151998897,S2-15361828,S2-153945540,S2-162977382,S2-165685751,S2-167496095,S2-169758884,S2-173912200,S2-178788281,S2-179053212,S2-191203958,S2-191866478,S2-192695882,S2-19396123,S2-199635728,S2-204301831
S1-235258587	S2-120095800,S2-155156378,S2-165446160,S2-168841051,S2-195429367,S2-22805370,S2-228280694,S2-244861891,S2-245368096,S2-24780790,S2-250683605,S2-257397280,S2-289528801,S2-2927557,S2-379198003,S2-395489902,S2-396203245,S2-401378044,S2-427111019,S2-430015186,S2-435421041,S2-43980345,S2-452469161,S2-496765251,S2-501371408,S2-507942610,S2-516710606,S2-54240116,S2-560040430,S2-56473558,S2-567837097,S2-579144559,S2-596559144,S2-59670678,S2-618177480,S2-657996738,S2-700509330,S2-731152668,S2-770138530,S2-771273201
S1-232082545	S2-669351705,S2-851056950,S2-10950521,S2-137989962,S2-141268529,S2-143268653,S2-143475984,S2-14712608,S2-165280184,S2-169560340,S2-17265460,S2-187576771,S2-260489214,S2-262190530,S2-292724004,S2-302017467,S2-327773872,S2-379148349,S2-388167220,S2-398522143,S2-40800899,S2-422908022,S2-43073112,S2-450992018,S2-473724514,S2-475789501,S2-486630648,S2-489847518,S2-53273621,S2-556221368,S2-55858143,S2-573397309,S2-585195456,S2-588409115,S2-617893939,S2-66301265,S2-698567775,S2-708216731,S2-708548763,S2-740002722
S1-725250835	S2-105547812,S2-113081746,S2-116748146,S2-117969335,S2-118339592,S2-128203835,S2-141405874,S2-143266234,S2-14959066,S2-154334183,S2-196497384,S2-204301831,S2-206634811,S2-214009339,S2-227668718,S2-231195947,S2-244567679,S2-265744174,S2-269725629,S2-28835532,S2-29736253,S2-301339378,S2-302282701,S2-302676820,S2-332356681,S2-334283064,S2-335560966,S2-349582510,S2-349595284,S2-36338740,S2-369233234,S2-375545762,S2-385153522,S2-388109827,S2-38994445,S2-391090868,S2-393629406,S2-401307436,S2-410424874,S2-411000054
S1-800072803	S2-558353056,S2-913137645,S2-585072034,S2-127714938,S2-185878279,S2-23048434,S2-239910114,S2-270559597,S2-327793720,S2-353572983,S2-420960738,S2-438185832,S2-453211871,S2-465052945,S2-482529127,S2-495565633,S2-507152762,S2-523596603,S2-537241079,S2-588057327,S2-593402090,S2-605103499,S2-634351405,S2-651531410,S2-655777767,S2-735973567,S2-791444540,S2-804906840,S2-860457725,S2-908392852,S2-990007712,S2-102286733,S2-106295375,S2-132335658,S2-132543275,S2-134796146,S2-13574353,S2-14244056,S2-146550328,S2-158627845
S1-6504827	S2-120130247,S2-239583320,S2-299203503,S2-317043043,S2-468234939,S2-512060211,S2-536369789,S2-604411559,S2-890647761
S1-525813963	S2-116801628,S2-269487856,S2-420242003,S2-450353808,S2-101109194,S2-112436185,S2-11673139,S2-123315323,S2-145055400,S2-147515638,S2-150993641,S2-177141330,S2-190155015,S2-190315479,S2-239600027,S2-249549757,S2-253545928,S2-256217561,S2-268564819,S2-276751254,S2-278254185,S2-303257220,S2-318431074,S2-332429764,S2-343070727,S2-353872072,S2-375425726,S2-37793685,S2-389698795,S2-417090507,S2-486931364,S2-491370596,S2-495126393,S2-508888931,S2-527444896,S2-577731258,S2-587601505,S2-608667883,S2-622952262,S2-624655882
S1-500552277	S2-930414592,S2-139911878,S2-152953203,S2-179342366,S2-200547911,S2-269792170,S2-27257748,S2-351627789,S2-351801961,S2-359746192,S2-362440819,S2-407253761,S2-486339029,S2-530135450,S2-575914097,S2-584724050,S2-599380384,S2-633435699,S2-650776928,S2-659071356,S2-660687253,S2-676815762,S2-707879376,S2-752443524,S2-76206961,S2-764573417,S2-810878974,S2-84875444,S2-915757511,S2-929274692,S2-942639655,S2-950624709,S2-960258435,S2-975271190,S2-983318792,S2-988214364,S2-103372442,S2-143992364,S2-177141330,S2-17988063
S1-645049490	S2-181199933,S2-268656082,S2-275634125,S2-311814169,S2-405328308,S2-436783714,S2-505041950,S2-565543920,S2-569513539,S2-591636614,S2-595795733,S2-67020951,S2-79488526,S2-879086133,S2-892880098,S2-903780877,S2-906573783,S2-440580612,S2-4461933,S2-123720543,S2-127333365,S2-136305349,S2-136465789,S2-185878279,S2-187130654,S2-20367392,S2-244546798,S2-257438195,S2-277379643,S2-303726261,S2-311912341,S2-329880992,S2-372857983,S2-384743598,S2-425791839,S2-520527138,S2-52106123,S2-523596603,S2-526814787,S2-533173658
S1-537121104	
S1-332254958	S2-120949661,S2-166606349,S2-208812856,S2-236125003,S2-245865680,S2-279192832,S2-283848602,S2-285456867,S2-311609470,S2-328308841,S2-396638996,S2-404190892,S2-430980578,S2-485500279,S2-510501346,S2-518657430,S2-551837031,S2-558654912,S2-568026492,S2-574281714,S2-647693632,S2-683175721,S2-69025194,S2-775168980,S2-796668186,S2-808694908,S2-826313543,S2-830000105,S2-838238998,S2-887525636,S2-907856457,S2-93717520,S2-937283255,S2-954237935,S2-236415779,S2-286201851,S2-43550719,S2-415413684,S2-387762959,S2-510293809
S1-664387167	S2-982544380,S2-179889434,S2-199409259,S2-206603732,S2-238971069,S2-266868981,S2-276863393,S2-286244243,S2-294884494,S2-304210462,S2-310340192,S2-318964862,S2-335371,S2-357995340,S2-365786634,S2-368389963,S2-466830047,S2-467659970,S2-504352793,S2-515189936,S2-51547705,S2-530218826,S2-546407954,S2-557520173,S2-563160269,S2-566627479,S2-574056715,S2-576030535,S2-58897609,S2-600433503,S2-617821075,S2-619730998,S2-627328508,S2-657049017,S2-675404112,S2-679381757,S2-711659066,S2-732427352,S2-741154042,S2-748555281
S1-394832400	S2-132673704,S2-143701751,S2-155361721,S2-184025785,S2-2048071,S2-230496866,S2-280104333,S2-326946504,S2-390971137,S2-472145483,S2-552788791,S2-554718137,S2-566407734,S2-626450019,S2-646297745,S2-647422878,S2-647807024,S2-69501662,S2-732609411,S2-752650804,S2-775450219,S2-777785870,S2-785643946,S2-846105871,S2-866803537,S2-911242551,S2-929342672,S2-937154069,S2-939131514,S2-896581061,S2-447883482,S2-117713893,S2-15116571,S2-162198118,S2-201778782,S2-208525797,S2-220025666,S2-257267941,S2-264484931,S2-266925861
S1-537215761	S2-224831158,S2-732767251,S2-932448866,S2-183441978,S2-304433271,S2-366057075,S2-480068786,S2-827168910,S2-988750468,S2-101851848,S2-102677,S2-103397384,S2-107929873,S2-108630610,S2-11680136,S2-120889040,S2-122123791,S2-12558351,S2-125656026,S2-126472901,S2-12879446,S2-129356588,S2-130844493,S2-13097904,S2-13394175,S2-143977672,S2-144652741,S2-147367965,S2-159955880,S2-163384346,S2-166966603,S2-168399481,S2-168418045,S2-169224891,S2-16964085,S2-170993862,S2-173774743,S2-175551842,S2-178243328,S2-178448400
S1-459898634	S2-76631425,S2-119597681,S2-121175267,S2-135696422,S2-140793242,S2-143734030,S2-179053570,S2-251551537,S2-251801751,S2-293484268,S2-301634447,S2-311429120,S2-348280946,S2-39969572,S2-402764074,S2-41373107,S2-420005813,S2-432528129,S2-471706180,S2-484512546,S2-496478472,S2-505066547,S2-543050891,S2-553540198,S2-560603623,S2-586684751,S2-632753277,S2-666751310,S2-68559986,S2-687696817,S2-694526576,S2-732209610,S2-781054738,S2-793068970,S2-830840193,S2-88630707,S2-910803722,S2-935613742,S2-936466126,S2-936727175
S1-122232705	S2-157749489,S2-101537138,S2-106413714,S2-126737141,S2-153629288,S2-155633699,S2-15675812,S2-159175610,S2-180757604,S2-182529912,S2-182789676,S2-206953803,S2-207084937,S2-208325091,S2-244495639,S2-250160561,S2-261179903,S2-265499521,S2-267253726,S2-309143070,S2-329676440,S2-348992665,S2-351627789,S2-358334842,S2-372908030,S2-386690759,S2-409371080,S2-415774936,S2-416092254,S2-417133996,S2-424531651,S2-429984575,S2-430015186,S2-455289943,S2-470417469,S2-479081815,S2-48317198,S2-513322003,S2-515435020,S2-532399244
S1-551688195	S2-895645878,S2-344159907,S2-146498176,S2-152553514,S2-177821719,S2-194449713,S2-221773264,S2-348025335,S2-368885677,S2-382657775,S2-411420318,S2-453317682,S2-510026596,S2-517108152,S2-54240060,S2-628246433,S2-643574270,S2-7089671,S2-751193380,S2-823889019,S2-912083987,S2-917705686,S2-959118137,S2-970801107,S2-105688032,S2-124970234,S2-18128582,S2-197998311,S2-265888509,S2-268538547,S2-279620556,S2-396817199,S2-402828916,S2-404216910,S2-431950796,S2-474395865,S2-510526842,S2-662891369,S2-683833563,S2-698001157
S1-8766085	S2-228710851,S2-283918647,S2-289186799,S2-527188234,S2-532997492,S2-545724283,S2-547831475,S2-601985612,S2-623163178,S2-701794172,S2-733205261,S2-779485994,S2-920220052,S2-103356275,S2-103972023,S2-106596659,S2-107172479,S2-108900878,S2-110746500,S2-110813877,S2-113366716,S2-115017512,S2-117680822,S2-119656010,S2-132457097,S2-133148171,S2-134880053,S2-138211842,S2-139599437,S2-140006950,S2-144395531,S2-144636346,S2-145223494,S2-146095676,S2-147597950,S2-147970318,S2-148491058,S2-150153842,S2-150806063,S2-151615034
S1-703703543	S2-106210818,S2-126298894,S2-145644685,S2-160787216,S2-171818402,S2-196214236,S2-214003908,S2-291892949,S2-313305363,S2-36043002,S2-399248398,S2-481008241,S2-540761866,S2-642120774,S2-697069123,S2-719616143,S2-721670612,S2-764211077,S2-824972458,S2-957512846,S2-888108239,S2-959453255,S2-165828114,S2-29286680,S2-609150992,S2-134507143,S2-364820336,S2-488651713,S2-840895255,S2-829540849,S2-103610850,S2-11525317,S2-141174300,S2-177959947,S2-227753466,S2-267232442,S2-299862740,S2-350959091,S2-387935487,S2-475652190
S1-603849231	S2-405232232,S2-570602711,S2-65623277,S2-106248676,S2-16424628,S2-200439459,S2-253591358,S2-272170925,S2-366375940,S2-370448590,S2-387379307,S2-387444698,S2-427241227,S2-494828371,S2-570748846,S2-632993043,S2-640582782,S2-72112805,S2-73084065,S2-745224915,S2-828719129,S2-830949602,S2-100049666,S2-104159936,S2-104699931,S2-108259617,S2-108794551,S2-109143719,S2-109899510,S2-110343431,S2-110549915,S2-111131531,S2-11459613,S2-116661379,S2-118550245,S2-119813155,S2-122449763,S2-123889451,S2-125448620,S2-126311151
S1-630130733	S2-196293551,S2-169175840,S2-212646501,S2-21792334,S2-32609986,S2-395757743,S2-624497391,S2-76277736,S2-764202447,S2-784237482,S2-810279652,S2-843024938,S2-915241141,S2-933404802,S2-776368859,S2-898648545,S2-326876405,S2-520830738,S2-850887844,S2-897308211,S2-178862907,S2-19498210,S2-289995403,S2-424398885,S2-529685081,S2-590824274,S2-684861692,S2-733088766,S2-823774151,S2-93889878,S2-939621674,S2-988194117,S2-100375127,S2-101451801,S2-104277074,S2-104896081,S2-10623523,S2-106248676,S2-106383133,S2-106817274
S1-6728823	S2-230412005,S2-252154374,S2-123720543,S2-154591991,S2-159204844,S2-171214245,S2-178890817,S2-184260998,S2-190176249,S2-201659527,S2-215063815,S2-22251149,S2-225403671,S2-238759251,S2-239910114,S2-24425723,S2-245227972,S2-259172669,S2-262847586,S2-265137694,S2-266601241,S2-270559597,S2-295562471,S2-332430964,S2-333746597,S2-398555388,S2-404345594,S2-405376038,S2-417208815,S2-47247900,S2-475793028,S2-488789411,S2-498649674,S2-506145204,S2-508320775,S2-527140999,S2-531484460,S2-53805651,S2-545894917,S2-57320271
S1-899444778	S2-133399775,S2-149771411,S2-163093599,S2-184894061,S2-193874788,S2-203962033,S2-216539054,S2-286043316,S2-286812037,S2-289498571,S2-297926954,S2-330149003,S2-331695288,S2-363154872,S2-428354277,S2-447505401,S2-456834905,S2-479113114,S2-493344297,S2-505880166,S2-509782333,S2-521145948,S2-528480286,S2-550443486,S2-560083606,S2-566118456,S2-57584526,S2-584498887,S2-588841288,S2-677073101,S2-677563863,S2-67991974,S2-685696075,S2-688545765,S2-701534263,S2-712374316,S2-726316895,S2-772287291,S2-779660846,S2-78849784
S1-143665407	S2-611641601,S2-115939164,S2-613515936,S2-72802433,S2-751212035,S2-900934113,S2-988358921,S2-401320493,S2-64021649,S2-73944822,S2-125134325,S2-127922980,S2-138798009,S2-158363027,S2-173953360,S2-176968531,S2-182107691,S2-25823064,S2-304653606,S2-328861972,S2-35259943,S2-355015479,S2-375265433,S2-38839346,S2-445577201,S2-453368719,S2-458407482,S2-47831471,S2-501151990,S2-522879516,S2-556964701,S2-574092301,S2-584619937,S2-612768292,S2-63251691,S2-642120774,S2-657293567,S2-679954987,S2-693890666,S2-709168513
S1-76214334	S2-119773716,S2-122481112,S2-147070109,S2-213948342,S2-222072273,S2-448089478,S2-449825913,S2-476732987,S2-510444969,S2-522619692,S2-532606696,S2-64393905,S2-772875544,S2-776074513,S2-801650518,S2-867191751,S2-88820352,S2-899502568,S2-937234624,S2-974642553,S2-119620011,S2-123938326,S2-129093659,S2-1311030,S2-131201732,S2-13208375,S2-132393206,S2-132887351,S2-138840242,S2-147485049,S2-158711682,S2-162793102,S2-16302762,S2-174290264,S2-180999100,S2-181199933,S2-181999779,S2-187884974,S2-189471226,S2-191839285
S1-436523202	S2-613170040,S2-121087780,S2-175310560,S2-191019803,S2-232708876,S2-249701273,S2-276085299,S2-29999822,S2-300448012,S2-31527584,S2-358261816,S2-416593408,S2-431255095,S2-48325161,S2-503048625,S2-519084803,S2-555127170,S2-617374788,S2-62246080,S2-625303945,S2-65515670,S2-669200648,S2-694064827,S2-709457852,S2-793655629,S2-809099792,S2-8144450,S2-838244125,S2-845359582,S2-881544736,S2-886663772,S2-923647134,S2-930194769,S2-933852766,S2-964884603
S1-610266870	S2-17518111,S2-182288977,S2-193442566,S2-253289033,S2-279234468,S2-322831392,S2-471713609,S2-505615047,S2-629880378,S2-641683755,S2-662229343,S2-698323752,S2-748703576,S2-756732012,S2-760910468,S2-874262655,S2-89632350,S2-928837660,S2-98078456,S2-991589426,S2-114238114,S2-183683146,S2-317645819,S2-342332137,S2-353035944,S2-66780391,S2-782226973,S2-917066665,S2-240857173,S2-290665249,S2-45531711,S2-766943257,S2-117896322,S2-171193711,S2-179918212,S2-191247506,S2-242302791,S2-260726129,S2-277830258,S2-283140847
S1-230549958	S2-551109365,S2-419860113,S2-804045537,S2-104634405,S2-111603262,S2-114931558,S2-132736362,S2-134759309,S2-138195963,S2-143780485,S2-209926156,S2-211121602,S2-217089061,S2-225153982,S2-258913818,S2-26837081,S2-271285474,S2-274907684,S2-299335327,S2-328254146,S2-330294406,S2-34506140,S2-372345516,S2-392102149,S2-403116197,S2-429361255,S2-438058121,S2-467910048,S2-518636747,S2-522156889,S2-54117280,S2-548928282,S2-550763752,S2-551537406,S2-554406935,S2-578858674,S2-58469860,S2-587989490,S2-594607876,S2-614588117
S1-908800416	S2-157564986,S2-160637560,S2-169620416,S2-207614621,S2-219254439,S2-270501614,S2-314442386,S2-354379801,S2-360215408,S2-374123528,S2-445937515,S2-463758786,S2-47586059,S2-521342129,S2-578408822,S2-591187401,S2-601791794,S2-613019176,S2-691981704,S2-968141249,S2-971817770,S2-973057450,S2-319303491,S2-374521955,S2-629621942,S2-872196040,S2-188787369,S2-48182221,S2-100707778,S2-141123004,S2-147426826,S2-152178692,S2-157223243,S2-194597960,S2-201826651,S2-252166881,S2-27111559,S2-280522383,S2-283795540,S2-324130988
S1-359794131	S2-704581135,S2-137697052,S2-28687026,S2-288679477,S2-29376417,S2-333419078,S2-512309727,S2-51477351,S2-674565629,S2-731073737,S2-733540721,S2-944585932,S2-986714176,S2-178287604,S2-189775165,S2-227887567,S2-303264446,S2-350683874,S2-419858227,S2-488938861,S2-562173752,S2-570055158,S2-77518722,S2-780232653,S2-810436703,S2-816118120,S2-821708358,S2-953730051,S2-10154331,S2-102596253,S2-103041397,S2-104595933,S2-105882189,S2-106393512,S2-107111824,S2-107369086,S2-108074414,S2-109530317,S2-110239007,S2-113907407
S1-482286138	S2-726022879,S2-230657819,S2-286270410,S2-292552164,S2-358041178,S2-730309528,S2-79909438,S2-834764614,S2-850741800,S2-973058354,S2-11196630,S2-529572198,S2-623758944,S2-652426073,S2-692842362,S2-698355859,S2-77153417,S2-850550701,S2-916859477,S2-102838962,S2-12290164,S2-128137532,S2-131872909,S2-152996985,S2-193995593,S2-198033071,S2-198522721,S2-199985060,S2-216558824,S2-220392750,S2-239703595,S2-244406713,S2-255704949,S2-263529378,S2-285655872,S2-297719344,S2-343435542,S2-352910264,S2-403646565,S2-411849925
S1-597776332	S2-526057016,S2-55454825,S2-659362907,S2-664243955,S2-943664252,S2-164805474,S2-214447140,S2-363279721,S2-85575475,S2-935054594,S2-123011145,S2-173774743,S2-227857777,S2-236477417,S2-26930111,S2-320214894,S2-41847464,S2-434768886,S2-485402423,S2-558107084,S2-566524287,S2-608646170,S2-668484984,S2-730274830,S2-734543024,S2-104665206,S2-104925049,S2-104949672,S2-105086356,S2-108055972,S2-10985621,S2-113903756,S2-11443748,S2-115642399,S2-11784308,S2-120889040,S2-124487160,S2-127284579,S2-130488242,S2-130617388
S1-437313797	S2-117713893,S2-15116571,S2-201778782,S2-208525797,S2-220025666,S2-264484931,S2-266925861,S2-276954564,S2-281362376,S2-283918647,S2-295974140,S2-317615334,S2-321565255,S2-383299070,S2-384477462,S2-394907266,S2-42982263,S2-460068894,S2-54045892,S2-555967785,S2-590893592,S2-683491239,S2-68693138,S2-704100667,S2-708145494,S2-741695205,S2-78321162,S2-786242701,S2-813821883,S2-845008700,S2-860657586,S2-873660516,S2-895582408,S2-952855537,S2-9642241,S2-996805779,S2-132673704,S2-143701751,S2-155361721,S2-162198118
S1-451998438	S2-112370727,S2-190167199,S2-375416301,S2-396336211,S2-431498941,S2-474118498,S2-503671769,S2-790425886,S2-816205839,S2-864981476,S2-880421504,S2-883621501,S2-889918406,S2-921472751,S2-260726129,S2-322272213,S2-347954414,S2-641596648,S2-765966940,S2-806888903,S2-416714901,S2-710297560,S2-114957535,S2-126400508,S2-161174102,S2-201730527,S2-219242350,S2-222822607,S2-243663622,S2-251885030,S2-269586543,S2-286638694,S2-295564788,S2-30568957,S2-314147138,S2-321909251,S2-327045176,S2-37996167,S2-397570933,S2-487495973
S1-231764347	S2-691981704,S2-374123528,S2-971817770,S2-157564986,S2-160637560,S2-169620416,S2-207614621,S2-219254439,S2-270501614,S2-314442386,S2-354379801,S2-360215408,S2-445937515,S2-463758786,S2-47586059,S2-521342129,S2-578408822,S2-591187401,S2-601791794,S2-613019176,S2-968141249,S2-973057450,S2-319303491,S2-374521955,S2-629621942,S2-872196040,S2-188787369,S2-201826651,S2-48182221,S2-845614914,S2-100707778,S2-141123004,S2-147426826,S2-152178692,S2-157223243,S2-194597960,S2-252166881,S2-27111559,S2-280522383,S2-283795540
S1-184420835	S2-117568512,S2-117927544,S2-183479024,S2-217360345,S2-256815199,S2-439338266,S2-487557018,S2-526163351,S2-607666338,S2-676865554,S2-678397994,S2-853390204,S2-19936140,S2-485215819,S2-647258851,S2-190176249,S2-434744134,S2-758964460,S2-937072190,S2-133692655,S2-332234261,S2-605297829,S2-605565118,S2-636320076,S2-704884082,S2-762445251,S2-10623523,S2-106383133,S2-106921487,S2-10732416,S2-110151712,S2-110320403,S2-114113860,S2-116164313,S2-119620011,S2-122125858,S2-126896976,S2-12796093,S2-129014236,S2-132188730
S1-322870651	S2-115026040,S2-116661379,S2-252321761,S2-284865264,S2-29108033,S2-330072770,S2-362258219,S2-375951723,S2-467588250,S2-472320169,S2-476833485,S2-486530273,S2-496765495,S2-523854763,S2-552487507,S2-558925352,S2-585256482,S2-59954279,S2-71787985,S2-748554490,S2-76254255,S2-79840590,S2-848616364,S2-865692846,S2-102286733,S2-106817274,S2-114805384,S2-11851443,S2-12953898,S2-132197171,S2-132555754,S2-134358987,S2-135712954,S2-136437217,S2-156408698,S2-156460390,S2-17298657,S2-174258796,S2-174548948,S2-182921717
S1-172850574	S2-122864820,S2-179966286,S2-190615328,S2-203712580,S2-247585802,S2-271020905,S2-351923047,S2-489669161,S2-530880857,S2-113704778,S2-477346021,S2-505223631,S2-52935233,S2-569638765,S2-772860369,S2-855278049,S2-890267535,S2-975305891,S2-100606700,S2-101313426,S2-101383646,S2-102838962,S2-104464839,S2-10465607,S2-105423216,S2-105594990,S2-105768147,S2-10578216,S2-106908241,S2-108231938,S2-110360169,S2-110550221,S2-111189308,S2-111461865,S2-112834662,S2-113907407,S2-114111700,S2-114409155,S2-115021015,S2-116199441
S1-507894970	S2-979461482,S2-303822299,S2-323460837,S2-408995459,S2-566433711,S2-689992634,S2-873157229,S2-111216682,S2-122570602,S2-138798009,S2-161578601,S2-176968531,S2-180148157,S2-188676591,S2-200764481,S2-255047572,S2-255398746,S2-255525031,S2-271542003,S2-272136742,S2-274830600,S2-296996027,S2-331052709,S2-361724776,S2-361903248,S2-368239873,S2-387028715,S2-401417353,S2-406605077,S2-444278648,S2-445577201,S2-451502304,S2-456944997,S2-487050645,S2-487733466,S2-508637620,S2-516156899,S2-519869272,S2-522879516,S2-533822009
S1-502344644	S2-104949572,S2-122744511,S2-133763910,S2-143249470,S2-170428654,S2-172639826,S2-174298792,S2-183604325,S2-20367392,S2-217745353,S2-219359518,S2-253663148,S2-260686291,S2-27132776,S2-278287544,S2-298658746,S2-299090856,S2-329081802,S2-370421309,S2-380721793,S2-399683520,S2-44711424,S2-449667764,S2-534560686,S2-551366878,S2-570309596,S2-573034322,S2-581479580,S2-584456198,S2-596497879,S2-613418598,S2-62415213,S2-632973445,S2-636839041,S2-647049215,S2-647613244,S2-659040413,S2-68105004,S2-696708063,S2-745059293
S1-409799510	S2-282245948,S2-318784543,S2-446659987,S2-557813834,S2-656709219,S2-799737705,S2-868293398,S2-884314739,S2-179907219,S2-43963109,S2-906188887,S2-205890578,S2-475524221,S2-502191238,S2-672875488,S2-712432370,S2-825543253,S2-826851492,S2-982567272,S2-123018151,S2-169215278,S2-175121522,S2-177897269,S2-186688728,S2-250160561,S2-308993997,S2-467054231,S2-472204730,S2-473150548,S2-50581814,S2-552113998,S2-569638765,S2-626820542,S2-691120378,S2-717631326,S2-72416616,S2-729302043,S2-735701312,S2-737755324,S2-747184373
S1-715320849	S2-647784963,S2-473249066,S2-683978382,S2-110746500,S2-177779132,S2-228710851,S2-299838725,S2-340530936,S2-417881232,S2-779485994,S2-803234524,S2-812319202,S2-817956936,S2-948633086,S2-100090803,S2-10136142,S2-102474096,S2-103483571,S2-103972023,S2-105423216,S2-106916619,S2-110851865,S2-114121811,S2-11443748,S2-115467558,S2-120549229,S2-124258632,S2-132076324,S2-134507143,S2-13556886,S2-137512341,S2-138172601,S2-139182603,S2-139599437,S2-140006950,S2-143358506,S2-144636346,S2-145223494,S2-146288242,S2-148491058
S1-277014552	S2-774274506,S2-707283589,S2-73923307,S2-135210500,S2-191045664,S2-199107589,S2-204450133,S2-208815786,S2-231688856,S2-239805380,S2-253099142,S2-267920369,S2-372100258,S2-427018,S2-444452024,S2-48935959,S2-495934198,S2-605633090,S2-624282318,S2-643949228,S2-650363918,S2-69592389,S2-732408351,S2-735278233,S2-773180947,S2-81124098,S2-865044868,S2-873769146,S2-874785034,S2-904215556,S2-939347132,S2-963602050,S2-108212287,S2-125036006,S2-159052178,S2-177672595,S2-180244772,S2-182287178,S2-200011965,S2-205707353
S1-751888247	S2-270960664,S2-298101731,S2-458126709,S2-472467210,S2-785160424,S2-797746060,S2-87856976,S2-897540624,S2-982942674,S2-145384447,S2-237416325,S2-310069047,S2-32601578,S2-41181214,S2-479278257,S2-667428931,S2-893548697,S2-998946818,S2-109862055,S2-114762618,S2-121889101,S2-125247238,S2-129290626,S2-138291432,S2-144757916,S2-145334354,S2-153608433,S2-162535242,S2-162849450,S2-166385937,S2-169085511,S2-182505176,S2-184020156,S2-187477255,S2-204047145,S2-225690672,S2-23490569,S2-236477417,S2-248606890,S2-252319343
S1-868551153	S2-379888538,S2-529559498,S2-555772491,S2-327362746,S2-527585890,S2-676790782,S2-109902636,S2-172803196,S2-233011953,S2-241198885,S2-46456633,S2-472218674,S2-566450543,S2-829280506,S2-871636446,S2-102319624,S2-102409556,S2-105594990,S2-105845989,S2-10615658,S2-108231938,S2-108993601,S2-110010593,S2-111723397,S2-11190790,S2-114597445,S2-11673139,S2-116958442,S2-118527996,S2-119691200,S2-120614992,S2-122372088,S2-127308250,S2-128786990,S2-133399775,S2-136113375,S2-137981508,S2-140537645,S2-145223494,S2-145773778
S1-293933423	S2-106196817,S2-118957747,S2-148685384,S2-148975748,S2-15073935,S2-155086154,S2-161381956,S2-175767585,S2-183020947,S2-229217508,S2-230093660,S2-248148483,S2-251366229,S2-253607066,S2-254159205,S2-25787219,S2-262410439,S2-263826071,S2-265128478,S2-271271487,S2-271613287,S2-321411113,S2-34296159,S2-353853456,S2-354889203,S2-378118049,S2-383322515,S2-383546064,S2-386274763,S2-402444489,S2-426259815,S2-456414472,S2-511379,S2-552618627,S2-558443244,S2-567514562,S2-577003587,S2-580299412,S2-595860466,S2-595928109
S1-300034658	S2-618012855,S2-192363550,S2-260948764,S2-281900308,S2-438839572,S2-781524374,S2-204565405,S2-212460330,S2-285903626,S2-297623382,S2-392398825,S2-420998759,S2-544679270,S2-671974080,S2-68097615,S2-798489702,S2-108259617,S2-130141140,S2-141495873,S2-143019922,S2-143518913,S2-145379986,S2-145507253,S2-15241240,S2-153559021,S2-156565378,S2-157305539,S2-157877036,S2-161066650,S2-164190611,S2-172819884,S2-177918546,S2-180376369,S2-183761344,S2-185010239,S2-187514897,S2-191423511,S2-195298369,S2-19553420,S2-195777164
S1-352958862	S2-294922253,S2-118962579,S2-124169707,S2-144638525,S2-18320938,S2-199293153,S2-201277806,S2-203870993,S2-225111611,S2-242815173,S2-271070852,S2-281091664,S2-297215873,S2-31630295,S2-334734847,S2-365411286,S2-368200009,S2-370732801,S2-40166659,S2-408071722,S2-423289341,S2-433042943,S2-480122639,S2-48468813,S2-502977844,S2-519986526,S2-52923151,S2-529333843,S2-561170082,S2-580566062,S2-58187683,S2-584175119,S2-587350985,S2-595639432,S2-606889205,S2-636506378,S2-651066610,S2-667363459,S2-713998084,S2-72281741
S1-543144015	S2-212240492,S2-109147488,S2-12827529,S2-146697745,S2-157305539,S2-171172645,S2-199425487,S2-250454716,S2-274316857,S2-287300820,S2-323494354,S2-342332137,S2-353204388,S2-378210101,S2-466380342,S2-467281480,S2-471779425,S2-471977441,S2-510699017,S2-546683837,S2-592899862,S2-625358509,S2-628238161,S2-632017024,S2-672471315,S2-692397752,S2-699788577,S2-760536936,S2-784492940,S2-804830967,S2-83072048,S2-838331205,S2-863476565,S2-898976675,S2-914164133,S2-917066665,S2-920854566,S2-921643168,S2-949354416,S2-97209238
S1-942087593	S2-224058810,S2-296921131,S2-366785932,S2-37861585,S2-573700913,S2-581961298,S2-784313166,S2-990442592,S2-619729449,S2-48682803,S2-807120042,S2-111671984,S2-143084362,S2-193955920,S2-215305325,S2-217955631,S2-253331117,S2-253886838,S2-264733729,S2-270513424,S2-272509493,S2-273364015,S2-28903522,S2-294456288,S2-298598465,S2-318784543,S2-347294253,S2-352768828,S2-371516170,S2-376497776,S2-382631142,S2-386376434,S2-391718145,S2-405189577,S2-425947330,S2-483780949,S2-48656391,S2-510911328,S2-517589928,S2-54568587
S1-832279158	S2-155455751,S2-297926319,S2-331920032,S2-46363636,S2-466772620,S2-4800809,S2-544203731,S2-706781883,S2-763250246,S2-872759284,S2-887976077,S2-892375923,S2-993696236,S2-128203835,S2-132636692,S2-132866128,S2-149284548,S2-158571758,S2-171738557,S2-198372143,S2-234015149,S2-239390744,S2-240745384,S2-258702122,S2-260121473,S2-261955538,S2-274035680,S2-274139899,S2-280263727,S2-288770292,S2-293723058,S2-298194492,S2-29880524,S2-300422214,S2-301120078,S2-319744931,S2-331117949,S2-347588318,S2-376791375,S2-398912153
S1-669609886	S2-226618368,S2-263622543,S2-430140976,S2-495638973,S2-626333961,S2-660428346,S2-793328084,S2-795261579,S2-101591517,S2-110331304,S2-11753311,S2-126049626,S2-138051778,S2-139719497,S2-156725250,S2-161066650,S2-164976993,S2-167206756,S2-173193415,S2-176563567,S2-184811779,S2-18635222,S2-188249963,S2-192827750,S2-193729928,S2-19578475,S2-202962538,S2-217819983,S2-260121473,S2-260889085,S2-268154295,S2-279620556,S2-287795743,S2-302049395,S2-303778301,S2-308187610,S2-322241089,S2-326901167,S2-331345277,S2-333694748
S1-355821652	S2-970352127,S2-109623826,S2-140740414,S2-142432539,S2-156688612,S2-156918549,S2-157826148,S2-170176453,S2-188620089,S2-218598807,S2-225877806,S2-229539144,S2-240493112,S2-254762262,S2-257438195,S2-259169216,S2-259929846,S2-271475358,S2-273102353,S2-274139899,S2-282118325,S2-296564551,S2-320290720,S2-329256726,S2-334152279,S2-342101031,S2-361276601,S2-38242753,S2-384743598,S2-421975132,S2-424459800,S2-430874243,S2-451420529,S2-50083056,S2-510699017,S2-520241723,S2-520919387,S2-525859393,S2-532389987,S2-536617751
S1-145733157	S2-125034015,S2-126861995,S2-13440422,S2-152186399,S2-154876508,S2-19297940,S2-197251777,S2-248782105,S2-25115719,S2-255808984,S2-264776657,S2-269084113,S2-28021649,S2-316331777,S2-386702363,S2-392313075,S2-412196838,S2-416243900,S2-505166418,S2-506656278,S2-515416055,S2-525587203,S2-527150782,S2-550136811,S2-55800500,S2-579566857,S2-600108525,S2-621802942,S2-625899005,S2-638282892,S2-660059542,S2-685830084,S2-711919843,S2-716588163,S2-729718584,S2-774632221,S2-776958887,S2-818483736,S2-841559996,S2-884393475
S1-265938918	S2-104299111,S2-125254201,S2-138251942,S2-142859651,S2-200288263,S2-205192437,S2-264493797,S2-284919985,S2-285949087,S2-328444878,S2-330553624,S2-360764693,S2-396051454,S2-396171132,S2-403210077,S2-4248647,S2-441765868,S2-469150629,S2-472675182,S2-472828245,S2-476964454,S2-48355564,S2-518781230,S2-541246561,S2-544946376,S2-559968500,S2-63058853,S2-696136001,S2-716047902,S2-726576085,S2-729058852,S2-73503185,S2-752827660,S2-754047147,S2-768263389,S2-773870369,S2-780872035,S2-806462698,S2-817408388,S2-837693953
S1-184673022	S2-168076458,S2-255972940,S2-31050062,S2-329164447,S2-362346858,S2-371012941,S2-387266631,S2-388092234,S2-417386837,S2-426144370,S2-473404434,S2-50012321,S2-515415388,S2-54769223,S2-590940937,S2-602166598,S2-642033571,S2-6565711,S2-681441047,S2-709203769,S2-723312196,S2-743163205,S2-784587376,S2-825954032,S2-830464915,S2-845266905,S2-850389621,S2-858047742,S2-868104062,S2-90119518,S2-928677658,S2-928936183,S2-952087636,S2-970137354,S2-606845571,S2-990752207,S2-10214744,S2-103603271,S2-114824814,S2-116894160
S1-975577097	S2-22602734,S2-108868655,S2-155636061,S2-241868453,S2-300499770,S2-330947888,S2-355632286,S2-375896736,S2-402719477,S2-475419520,S2-571388041,S2-882389535,S2-886580112,S2-898189635,S2-100598528,S2-101192551,S2-102376842,S2-106571440,S2-110236539,S2-110911063,S2-113038806,S2-114113860,S2-116227998,S2-11848379,S2-12094352,S2-122291051,S2-122726455,S2-12359388,S2-124239562,S2-126246610,S2-126465303,S2-12919946,S2-12925728,S2-130119590,S2-130829445,S2-13292145,S2-138832392,S2-140467480,S2-141136933,S2-145110547
S1-998949892	S2-773806141,S2-220725838,S2-244902069,S2-404184749,S2-503129232,S2-574056715,S2-74059240,S2-811566774,S2-939549741,S2-979750720
S1-176496041	S2-193729928,S2-19578475,S2-302049395,S2-341380543,S2-350228981,S2-428093564,S2-434587276,S2-474580049,S2-508487309,S2-606740532,S2-611880888,S2-6658650,S2-781363735,S2-888176840,S2-939079087,S2-126049626,S2-139719497,S2-164976993,S2-18635222,S2-192827750,S2-260121473,S2-308187610,S2-333694748,S2-379205310,S2-47531931,S2-529057484,S2-53313630,S2-557596124,S2-560883062,S2-622832394,S2-655987979,S2-657877197,S2-707420806,S2-767469705,S2-777373869,S2-857865408,S2-89499993,S2-934608391,S2-939986664,S2-70038977
S1-556931472	S2-703336809,S2-117672295,S2-144916279,S2-145136821,S2-163737169,S2-181403261,S2-181562892,S2-203570435,S2-246140180,S2-278045426,S2-285349475,S2-298073453,S2-311029321,S2-315957452,S2-317539573,S2-337167666,S2-507569300,S2-594386142,S2-595783250,S2-601806311,S2-604464805,S2-609178823,S2-637241996,S2-643861583,S2-73148033,S2-744668824,S2-762525455,S2-770422756,S2-775990620,S2-780835308,S2-789935686,S2-791608566,S2-906710898,S2-966215119,S2-974126678,S2-985612206,S2-98789881,S2-243026715,S2-433883035,S2-335066405
S1-766697297	S2-664984893,S2-833417788,S2-767154861,S2-366783610,S2-433469048,S2-881226493,S2-160166603,S2-530020680,S2-126696845,S2-134138471,S2-429343819,S2-492660213,S2-518692071,S2-640589438,S2-641001185,S2-883107055,S2-201622152,S2-233812302,S2-30240940,S2-319442504,S2-434647942,S2-750860751,S2-778143519,S2-786969596,S2-923559156,S2-103934090,S2-111908242,S2-120182420,S2-124783957,S2-133984853,S2-133991201,S2-137089030,S2-147970318,S2-159701054,S2-16553343,S2-165768476,S2-177695910,S2-179118728,S2-189859217,S2-190332660
S1-368557784	S2-568880586,S2-142031060,S2-426160031,S2-958447605,S2-192666728,S2-409800335,S2-589108263,S2-645586359,S2-738725699,S2-777430270,S2-816857201,S2-489103612,S2-271875156,S2-335124172,S2-345172295,S2-428097788,S2-493337621,S2-7331264,S2-83809256,S2-903838252,S2-102704852,S2-106295375,S2-106817274,S2-116669132,S2-118263691,S2-122040589,S2-123307492,S2-126049626,S2-128213271,S2-131233276,S2-131512780,S2-132188730,S2-132197171,S2-135712954,S2-139274716,S2-139539181,S2-140343469,S2-143817174,S2-146417701,S2-15518868
S1-788788817	S2-215281349,S2-253299810,S2-303234792,S2-349327469,S2-423729575,S2-484700872,S2-490924057,S2-526175727,S2-539108282,S2-706360388,S2-836563673,S2-885758296,S2-954100428,S2-141203706,S2-421460682,S2-566293411,S2-566935843,S2-67760260,S2-106382726,S2-808710396,S2-123641424,S2-144241980,S2-243931958,S2-261191937,S2-294404890,S2-431737694,S2-445865655,S2-51065952,S2-585744040,S2-741964871,S2-8049142,S2-888124266,S2-93222871,S2-104641729,S2-116894160,S2-117978268,S2-118516014,S2-132188730,S2-132323002,S2-132780702
S1-913301865	S2-177672595,S2-200011965,S2-205707353,S2-239963043,S2-259813982,S2-273336808,S2-362771755,S2-426375044,S2-499635290,S2-606834591,S2-624602417,S2-633512063,S2-706238826,S2-73923307,S2-760074449,S2-807933518,S2-89639719,S2-907986589,S2-950173467,S2-236893261,S2-607093918,S2-607456603,S2-659849811,S2-686290210,S2-720346694,S2-828544692,S2-883305739,S2-265752180,S2-282800333,S2-370528011,S2-643271638,S2-704884082,S2-846975420,S2-159052178,S2-180244772,S2-182287178,S2-30874231,S2-332498056,S2-707283589,S2-728549065
S1-662125193	S2-305543832,S2-411959810,S2-168727642,S2-176810646,S2-208005980,S2-217204313,S2-29048708,S2-361582767,S2-368772488,S2-375378262,S2-423406761,S2-426374501,S2-458586441,S2-46450507,S2-514680569,S2-529777829,S2-530648053,S2-532129928,S2-603052709,S2-649047569,S2-734641211,S2-735045630,S2-795583976,S2-813424195,S2-821542526,S2-849707829,S2-895818873,S2-914961766,S2-937766509,S2-944515596,S2-960161480,S2-101454137,S2-102403491,S2-102474096,S2-103610850,S2-107172479,S2-107723257,S2-107972106,S2-108900878,S2-111529715
S1-275483592	S2-183081179,S2-474835685,S2-855667569,S2-310069047,S2-556267235,S2-705088632,S2-220052336,S2-306683246,S2-373632500,S2-421587464,S2-453965109,S2-521758874,S2-526805291,S2-544913057,S2-568232541,S2-575119611,S2-577802236,S2-580109073,S2-62906213,S2-672080705,S2-674297673,S2-855836919,S2-88704222,S2-941162865,S2-94391505,S2-944612035,S2-987235626,S2-992630636,S2-874756049,S2-183663839,S2-218317429,S2-237416325,S2-243704145,S2-247779208,S2-295968835,S2-324596369,S2-364595902,S2-368223437,S2-377726556,S2-41181214
S1-485052187	S2-117672295,S2-145136821,S2-163737169,S2-181403261,S2-181562892,S2-203570435,S2-278045426,S2-285349475,S2-298073453,S2-315957452,S2-337167666,S2-594386142,S2-595783250,S2-601806311,S2-609178823,S2-762525455,S2-770422756,S2-974126678,S2-985612206,S2-243026715,S2-604464805,S2-98789881,S2-144916279,S2-246140180,S2-311029321,S2-317539573,S2-507569300,S2-637241996,S2-643861583,S2-703336809,S2-73148033,S2-744668824,S2-775990620,S2-780835308,S2-789935686,S2-791608566,S2-906710898,S2-966215119,S2-433883035,S2-137141004
S1-550246730	S2-324346264,S2-11190790,S2-16775307,S2-27263656,S2-283324088,S2-388542034,S2-401480583,S2-582257284,S2-58286145,S2-638860948,S2-671687363,S2-68899907,S2-694083598,S2-89920909,S2-979259664,S2-999238547,S2-194501539,S2-277659644,S2-464580741,S2-674334596,S2-128786990,S2-541395420,S2-583610703,S2-105594990,S2-119691200,S2-151322374,S2-154008376,S2-158888173,S2-172058052,S2-180334619,S2-181962832,S2-198353108,S2-20542268,S2-205574380,S2-207132088,S2-212930879,S2-213106532,S2-217485572,S2-218339176,S2-233821812
S1-894321687	S2-417828606,S2-141939448,S2-189942775,S2-206071274,S2-220170799,S2-253064487,S2-348156373,S2-377242744,S2-42705993,S2-429965861,S2-456525441,S2-498649674,S2-516958896,S2-535495384,S2-694718168,S2-739356131,S2-747145329,S2-792142780,S2-794005478,S2-93889878,S2-953885055,S2-10285206,S2-103603271,S2-104699931,S2-106817274,S2-108639080,S2-110320403,S2-113980384,S2-116164313,S2-116227998,S2-118596670,S2-128425665,S2-13056162,S2-135225327,S2-13685817,S2-137048689,S2-137062485,S2-14489059,S2-145131937,S2-145136821
S1-123678749	S2-117713893,S2-15116571,S2-201778782,S2-208525797,S2-220025666,S2-264484931,S2-266925861,S2-276954564,S2-281362376,S2-283918647,S2-295974140,S2-317615334,S2-321565255,S2-383299070,S2-384477462,S2-394907266,S2-42982263,S2-460068894,S2-54045892,S2-555967785,S2-590893592,S2-683491239,S2-68693138,S2-704100667,S2-708145494,S2-741695205,S2-78321162,S2-786242701,S2-813821883,S2-845008700,S2-860657586,S2-873660516,S2-895582408,S2-952855537,S2-9642241,S2-996805779,S2-132673704,S2-143701751,S2-155361721,S2-162198118
S1-711808948	S2-305926086,S2-492519874,S2-712887732,S2-178429655,S2-490922578,S2-961051600,S2-201764986,S2-208299931,S2-425244359,S2-429266343,S2-431286952,S2-653605374,S2-797848002,S2-851865889,S2-992331358,S2-132567684,S2-136465789,S2-136918579,S2-139914515,S2-141405874,S2-179878001,S2-18496240,S2-186332852,S2-213113754,S2-226227601,S2-230916292,S2-236320156,S2-248868933,S2-251622760,S2-253849262,S2-268859026,S2-300706576,S2-304205389,S2-30504838,S2-322098502,S2-3257026,S2-332036682,S2-36137745,S2-375686305,S2-387902144
S1-499242108	S2-525645845,S2-537997029,S2-630746357,S2-819091818,S2-137194822,S2-478904331,S2-743983701,S2-760648353,S2-782521478,S2-859068585,S2-877297565,S2-963102373,S2-978545873,S2-111914306,S2-151633423,S2-166470814,S2-253690114,S2-310043942,S2-40536417,S2-410555462,S2-413852461,S2-473150548,S2-480486929,S2-523098972,S2-60493309,S2-707875039,S2-709321678,S2-719763877,S2-723986550,S2-760072869,S2-775167674,S2-94656370,S2-965929591,S2-10154331,S2-101617662,S2-10472605,S2-108418148,S2-109496510,S2-11159500,S2-113398294
S1-943874235	S2-114657503,S2-199635728,S2-317532419,S2-379382395,S2-422534402,S2-43498869,S2-520378303,S2-564177352,S2-623639058,S2-693931344,S2-735547873,S2-747478411,S2-835993781,S2-840990980,S2-865029092,S2-884607777,S2-894384835,S2-155473968,S2-445076674,S2-198672108,S2-584977605,S2-6889820,S2-784395175,S2-794711875,S2-963533527,S2-168185439,S2-169730225,S2-18879382,S2-190692311,S2-226654105,S2-237386317,S2-369227407,S2-434830646,S2-449440448,S2-609670684,S2-673780251,S2-790641279,S2-803850369,S2-934653187,S2-108244697
S1-860285918	S2-609412288,S2-883107055,S2-902776040,S2-223856302,S2-232700760,S2-252796448,S2-375222707,S2-511519199,S2-553458222,S2-685777048,S2-822721361,S2-876053870,S2-883992618,S2-94550505
S1-171471216	S2-709766140,S2-3008240,S2-661914759,S2-146831817,S2-206399773,S2-256119758,S2-490153383,S2-56990585,S2-593402090,S2-719898845,S2-779081152,S2-781411240,S2-783531927,S2-830553127,S2-895645878,S2-906158637,S2-959789568,S2-972265060,S2-105688032,S2-18128582,S2-197998311,S2-265888509,S2-268538547,S2-30007808,S2-368322057,S2-402828916,S2-404216910,S2-408430847,S2-431950796,S2-474395865,S2-510526842,S2-662891369,S2-683833563,S2-698001157,S2-824416475,S2-853191939,S2-86855523,S2-94013620,S2-979146665,S2-107330887
S1-32757469	S2-144066810,S2-159106309,S2-175121522,S2-186998411,S2-238369526,S2-43889792,S2-465719161,S2-471441474,S2-516297148,S2-548593765,S2-563356184,S2-645398164,S2-672479793,S2-695128664,S2-763663684,S2-771102412,S2-786953011,S2-872557917,S2-87360594,S2-918514229,S2-101313426,S2-122905558,S2-123374214,S2-139599437,S2-158828409,S2-161592048,S2-16486686,S2-179889434,S2-188829668,S2-199409259,S2-206603732,S2-238971069,S2-239703595,S2-251343221,S2-266868981,S2-276863393,S2-28070223,S2-286244243,S2-294884494,S2-304210462
S1-837700130	S2-102677,S2-103397384,S2-16964085,S2-170993862,S2-178243328,S2-178448400,S2-248578795,S2-2827703,S2-293691225,S2-293911511,S2-323329661,S2-391091068,S2-430702484,S2-452973108,S2-564174132,S2-574655879,S2-591966344,S2-596520145,S2-616556397,S2-624442724,S2-632788341,S2-633281412,S2-636018182,S2-654429344,S2-656255139,S2-667274253,S2-668239457,S2-697902620,S2-70935393,S2-722988187,S2-73156996,S2-740640057,S2-772018029,S2-783431341,S2-806523322,S2-85926088,S2-872949216,S2-879330978,S2-884952517,S2-891696401
S1-270844042	S2-629475386,S2-104588563,S2-210181028,S2-214025236,S2-251998044,S2-282956906,S2-605297829,S2-889417577,S2-965497191,S2-970116184,S2-104277074,S2-114823038,S2-117927544,S2-118968443,S2-122944993,S2-1262769,S2-126400508,S2-133612925,S2-13381057,S2-136208372,S2-139990349,S2-142052433,S2-14828490,S2-149597058,S2-154501375,S2-155487435,S2-1618286,S2-164910921,S2-164956565,S2-1677612,S2-16810804,S2-168126628,S2-168427405,S2-171214245,S2-178967093,S2-181227172,S2-181999779,S2-183646057,S2-18394219,S2-185010239
S1-225119054	S2-14631983,S2-154063343,S2-162817711,S2-184258903,S2-185270699,S2-254902464,S2-287048240,S2-303569597,S2-322349265,S2-348926808,S2-395212259,S2-395272315,S2-424119549,S2-454592498,S2-462362616,S2-472487634,S2-47351895,S2-47749434,S2-484900457,S2-49234201,S2-563644814,S2-747243692,S2-755645266,S2-760795499,S2-795140573,S2-833077737,S2-836846019,S2-837021812,S2-864403010,S2-868365106,S2-868950024,S2-869229747,S2-876066208,S2-881414057,S2-897792802,S2-902261581,S2-910881358,S2-919261824,S2-960361858,S2-964251531
S1-665662163	S2-972470530,S2-167399634,S2-175808202,S2-177278156,S2-199253703,S2-251994632,S2-255404152,S2-256248397,S2-314051985,S2-314697647,S2-338153733,S2-340893741,S2-352575092,S2-359593033,S2-367586775,S2-377606326,S2-509937094,S2-564829794,S2-576814924,S2-637071891,S2-663295048,S2-694041234,S2-754465327,S2-775246218,S2-787019063,S2-821620652,S2-85356128,S2-857834433,S2-901154980,S2-904294514,S2-961254054,S2-974623300,S2-991316647,S2-557057865,S2-841340463,S2-777055869,S2-114712518,S2-126208426,S2-228720880,S2-245917625
S1-967500830	S2-214634931,S2-244861891,S2-315299988,S2-320214894,S2-540071929,S2-620589797,S2-64494419,S2-677746011,S2-710354674,S2-728485746,S2-76710377,S2-805554239,S2-977694963,S2-997408631,S2-131845158,S2-143614907,S2-170119635,S2-173027391,S2-201990901,S2-217459903,S2-221822567,S2-242055718,S2-268447092,S2-272455673,S2-277184030,S2-284506851,S2-303476286,S2-340893741,S2-345995694,S2-466857833,S2-473150548,S2-576449164,S2-576814924,S2-580299412,S2-616288418,S2-654276851,S2-665101859,S2-665914441,S2-703536654,S2-738536601
S1-128148852	S2-228747970,S2-441527848,S2-615253793,S2-772168225,S2-457491323,S2-879669823,S2-518909044,S2-585328803,S2-944555126,S2-958090016,S2-100606700,S2-101383646,S2-102677,S2-103397384,S2-105769043,S2-107929873,S2-108675865,S2-109086587,S2-111189308,S2-112135667,S2-11509313,S2-11556516,S2-116199441,S2-121365773,S2-12510858,S2-126644866,S2-129281438,S2-134041365,S2-134825103,S2-135555173,S2-13846147,S2-141333687,S2-141789543,S2-142313702,S2-143438236,S2-144636346,S2-144747555,S2-148116189,S2-151628472,S2-151790001
S1-543127091	S2-400003645,S2-745674672,S2-989089567,S2-229962546,S2-512937172,S2-108103764,S2-111061237,S2-113588646,S2-116787993,S2-138900880,S2-140097767,S2-150648688,S2-152096273,S2-153673755,S2-168954245,S2-190551533,S2-205518186,S2-206953803,S2-209093728,S2-209877395,S2-263213562,S2-26390702,S2-274408487,S2-29107268,S2-304538369,S2-308390109,S2-316184459,S2-354200902,S2-362584516,S2-362911491,S2-368200009,S2-372202978,S2-382377359,S2-386622182,S2-392095038,S2-394729694,S2-407454464,S2-411591477,S2-434040727,S2-434127290
S1-29956173	S2-649381301,S2-458457533,S2-172338894,S2-176298689,S2-269216752,S2-524004407,S2-57674472,S2-110180379,S2-405452302,S2-909187197,S2-100966367,S2-103194364,S2-109472059,S2-110037199,S2-120095800,S2-129194369,S2-14068945,S2-151698256,S2-153944521,S2-154690269,S2-155371162,S2-157672653,S2-159701054,S2-169921170,S2-17174901,S2-173337363,S2-175765635,S2-177271859,S2-177695910,S2-181083105,S2-184762538,S2-186260747,S2-189859217,S2-190838249,S2-193903284,S2-20764903,S2-212943164,S2-216945512,S2-217808026,S2-230535635
S1-617760637	S2-916866243,S2-563714710,S2-520032883,S2-620589797,S2-982536622,S2-234827933,S2-270668686,S2-429661233,S2-552462226,S2-269242316,S2-340756631,S2-369447643,S2-519791558,S2-623163178,S2-631295114,S2-71788805,S2-749775809,S2-768823988,S2-809497820,S2-85552910,S2-890210376,S2-892949140,S2-946626406,S2-96374758,S2-10166460,S2-102474096,S2-102835643,S2-105041837,S2-107972106,S2-109949830,S2-111185747,S2-111529715,S2-112874857,S2-115261077,S2-11556516,S2-116568778,S2-118393214,S2-118730390,S2-118764423,S2-120391369
S1-383867699	S2-700561399,S2-105361628,S2-106852754,S2-17298657,S2-195343183,S2-227688778,S2-247055649,S2-445799217,S2-477911409,S2-535260713,S2-55878542,S2-612573160,S2-63896462,S2-666830488,S2-752790430,S2-779808134,S2-786390341,S2-792142780,S2-937173190,S2-136103129,S2-237998363,S2-431737694,S2-62697433,S2-777430270,S2-788901142,S2-289065889,S2-301472618,S2-467121938,S2-476817426,S2-524647886,S2-557541533,S2-637128522,S2-792163719,S2-988834699,S2-101333336,S2-102040411,S2-102876779,S2-103750348,S2-10623523,S2-106383133
S1-925057409	S2-217073580,S2-1329476,S2-190682877,S2-267363219,S2-391853942,S2-567890068,S2-690171374,S2-894785797,S2-913420019,S2-956935272,S2-186217269,S2-21882802,S2-760319445,S2-940078956,S2-119054309,S2-15025788,S2-169915382,S2-185249310,S2-220541338,S2-221851509,S2-222413699,S2-244693640,S2-259014942,S2-388987457,S2-389701509,S2-398793962,S2-404114635,S2-405089580,S2-421587464,S2-430193699,S2-450353808,S2-463508080,S2-482685679,S2-487835469,S2-492879191,S2-493762375,S2-521758874,S2-526805291,S2-536251483,S2-540216733
S1-427933022	S2-621975205,S2-117497227,S2-124072637,S2-153558779,S2-191667957,S2-222658393,S2-245182332,S2-289592180,S2-363779880,S2-375279168,S2-413720160,S2-544871084,S2-554342784,S2-59140863,S2-635228641,S2-887686641,S2-916643645,S2-917557484,S2-923622252,S2-926770192,S2-932298613,S2-939892606,S2-961364943,S2-338002719,S2-834535728,S2-278662238,S2-846739859,S2-321597557,S2-484771689,S2-708727646,S2-134796146,S2-13539019,S2-135535600,S2-137402189,S2-144152685,S2-149493164,S2-14959066,S2-166252850,S2-171727887,S2-183050312
S1-769228954	S2-57530947,S2-108675865,S2-3087538,S2-340066441,S2-397980708,S2-437900336,S2-446844245,S2-537295588,S2-598171744,S2-604341881,S2-704581135,S2-817614502,S2-881527734,S2-940521873,S2-111461865,S2-112375605,S2-11784308,S2-127357680,S2-127777840,S2-128112112,S2-134041365,S2-134078505,S2-142709390,S2-145480458,S2-146435955,S2-150190841,S2-151983381,S2-158078959,S2-171100423,S2-177326684,S2-177779132,S2-217022936,S2-224334856,S2-228567244,S2-253331117,S2-263040355,S2-270758794,S2-27297350,S2-275434365,S2-277201546
S1-633198652	S2-14631983,S2-154063343,S2-162817711,S2-184258903,S2-185270699,S2-254902464,S2-287048240,S2-303569597,S2-322349265,S2-348926808,S2-395212259,S2-395272315,S2-424119549,S2-454592498,S2-462362616,S2-472487634,S2-47351895,S2-47749434,S2-484900457,S2-49234201,S2-563644814,S2-747243692,S2-755645266,S2-760795499,S2-795140573,S2-833077737,S2-836846019,S2-837021812,S2-864403010,S2-868365106,S2-868950024,S2-869229747,S2-876066208,S2-881414057,S2-897792802,S2-902261581,S2-910881358,S2-919261824,S2-960361858,S2-964251531
S1-131527067	S2-199920961,S2-249574926,S2-252946106,S2-343109494,S2-34818363,S2-543869570,S2-670594947,S2-694559649,S2-902265038,S2-915796689,S2-930857450,S2-948279118,S2-233392475,S2-469161231,S2-583977988,S2-691319729,S2-493416826,S2-26048210,S2-118970010,S2-14820214,S2-169296635,S2-180757604,S2-181883677,S2-194918225,S2-199669656,S2-220720253,S2-241598427,S2-290122798,S2-291350196,S2-303635913,S2-31630295,S2-337364824,S2-362485279,S2-373395877,S2-384904382,S2-38771583,S2-460552614,S2-461187556,S2-48913956,S2-501118542
S1-909955989	S2-675394479,S2-148115803,S2-103573723,S2-106383133,S2-108927878,S2-109905092,S2-113628773,S2-116329941,S2-123349497,S2-125586840,S2-148986177,S2-163881979,S2-16898407,S2-171193711,S2-178156769,S2-189322970,S2-190642185,S2-193344911,S2-219201040,S2-238258130,S2-25491059,S2-270217724,S2-271068810,S2-272390130,S2-273325619,S2-280817578,S2-290250154,S2-30096875,S2-301849769,S2-311029819,S2-311049503,S2-311192735,S2-311700940,S2-313048014,S2-322536831,S2-327824302,S2-331399833,S2-331461725,S2-339977063,S2-354310141
S1-63620147	S2-136382984,S2-188732725,S2-272901567,S2-333280369,S2-33513454,S2-543869570,S2-563122291,S2-650696542,S2-831228466,S2-900571852,S2-915796689,S2-111456241,S2-112883751,S2-114664509,S2-128921019,S2-130579916,S2-139857118,S2-147767334,S2-160740180,S2-179676058,S2-182687969,S2-185240106,S2-190479086,S2-191903511,S2-192587620,S2-196744322,S2-201618952,S2-208922340,S2-209851588,S2-213354246,S2-239142590,S2-242087832,S2-242207129,S2-245882826,S2-254973188,S2-261862776,S2-264697312,S2-267572660,S2-27148087,S2-278647234
S1-866012426	S2-229365571,S2-433246295,S2-115905594,S2-131885549,S2-15760024,S2-229702355,S2-277826628,S2-28846697,S2-322032699,S2-430432257,S2-449997657,S2-476527679,S2-509764556,S2-557352853,S2-576558294,S2-599356567,S2-674582227,S2-706928986,S2-717091485,S2-723171211,S2-914584585,S2-100598528,S2-102376842,S2-102509620,S2-106571440,S2-108792202,S2-108868655,S2-110236539,S2-113038806,S2-116227998,S2-116748146,S2-11848379,S2-118596670,S2-122291051,S2-12359388,S2-123641424,S2-123964652,S2-124239562,S2-126246610,S2-128766509
S1-780599979	S2-473473198,S2-236735351,S2-226617344,S2-348704306,S2-14742839,S2-211291231,S2-233783867,S2-24343122,S2-245505431,S2-352361501,S2-372757044,S2-381304150,S2-505000460,S2-505041498,S2-543421934,S2-634850483,S2-668387060,S2-687936971,S2-692296437,S2-806665493,S2-811322700,S2-819556446,S2-947777047,S2-227227974,S2-442604194,S2-839555944,S2-152960966,S2-388987457,S2-398793962,S2-303327441,S2-322664301,S2-441472897,S2-622597050,S2-697040637,S2-890276366,S2-89906125,S2-952310759,S2-101021831,S2-101030307,S2-102403491
S1-80059466	S2-433479960,S2-808523490,S2-878619037
S1-308280368	S2-530877666,S2-162494835,S2-229124349,S2-304830954,S2-343199360,S2-37960046,S2-40656832,S2-413287299,S2-448967653,S2-467831635,S2-474154932,S2-523110366,S2-56961848,S2-695295708,S2-798688197,S2-100601479,S2-101037091,S2-102215032,S2-103505940,S2-103979213,S2-10472605,S2-108103764,S2-108418148,S2-109239798,S2-109496510,S2-109807565,S2-110813877,S2-111061237,S2-111671984,S2-113398294,S2-113588646,S2-114762618,S2-115308138,S2-116787993,S2-116828425,S2-117898368,S2-118586444,S2-118729035,S2-118997643,S2-119903487
S1-748730249	S2-466772620,S2-713109591,S2-732231242,S2-565481558,S2-619664055,S2-141203706,S2-264350521,S2-350748608,S2-365111685,S2-707420806,S2-104896081,S2-425996297,S2-793977478,S2-135184290,S2-143541538,S2-266145544,S2-326901167,S2-460455563,S2-805469202,S2-811128332,S2-819216280,S2-821506389,S2-851556446,S2-855471552,S2-872936548,S2-916067807,S2-265371249,S2-599482453,S2-621956653,S2-161066650,S2-195219793,S2-243915375,S2-260889085,S2-290530216,S2-320905301,S2-33480591,S2-445283159,S2-476751021,S2-644886472,S2-667295720
S1-118929976	S2-121774654,S2-285659000,S2-305724392,S2-530141559,S2-55686686,S2-627166104,S2-633146221,S2-637618515,S2-680519518,S2-704780315,S2-772323364,S2-786906151,S2-799209536,S2-816989315,S2-851564713,S2-935794038,S2-984777890,S2-656195346,S2-699970234,S2-846047154,S2-973867712,S2-287717352,S2-711408281,S2-849847209,S2-92873322,S2-93622933,S2-128057362,S2-230916292,S2-588551697,S2-722844522,S2-821523671,S2-110236539,S2-143818305,S2-145015769,S2-167417690,S2-180653957,S2-209064966,S2-230412005,S2-252154374,S2-26203030
S1-200572754	S2-52429330,S2-966717893,S2-360340589,S2-731598644,S2-108212287,S2-160406597,S2-214835079,S2-294531411,S2-300179898,S2-681441047,S2-725657250,S2-735480035,S2-898871291,S2-10214744,S2-102704852,S2-104938297,S2-106295375,S2-106750439,S2-106921487,S2-108090038,S2-108945591,S2-109865432,S2-109899510,S2-109905092,S2-112867687,S2-113152867,S2-114428657,S2-115920996,S2-116329941,S2-11653846,S2-117101486,S2-117195097,S2-119620011,S2-120215656,S2-122179283,S2-129267728,S2-13056162,S2-131172399,S2-132022202,S2-132188730
S1-386857604	S2-324714055,S2-106571440,S2-135535600,S2-17467398,S2-180758715,S2-325063234,S2-333190278,S2-393067408,S2-459656815,S2-470363816,S2-474032474,S2-523181855,S2-544424801,S2-586251709,S2-593179143,S2-594381269,S2-613891717,S2-623450230,S2-670655129,S2-709457852,S2-733887467,S2-734050788,S2-775364891,S2-780101399,S2-831874333,S2-863307300,S2-863476565,S2-876621019,S2-888537253,S2-895207182,S2-899881641,S2-915890174,S2-945396469,S2-946021834,S2-975023541,S2-984733942,S2-10623523,S2-106383133,S2-106921487,S2-10732416
S1-596375677	S2-495934198,S2-135210500,S2-191045664,S2-199107589,S2-204450133,S2-208815786,S2-231688856,S2-239805380,S2-253099142,S2-267920369,S2-372100258,S2-427018,S2-444452024,S2-48935959,S2-605633090,S2-624282318,S2-643949228,S2-650363918,S2-69592389,S2-732408351,S2-735278233,S2-773180947,S2-774274506,S2-81124098,S2-865044868,S2-873769146,S2-874785034,S2-904215556,S2-939347132,S2-963602050,S2-108212287,S2-125036006,S2-159052178,S2-177672595,S2-180244772,S2-182287178,S2-200011965,S2-205707353,S2-239963043,S2-259813982
S1-492536604	S2-205392679,S2-253849262,S2-358455184,S2-398460096,S2-412539123,S2-436471877,S2-546869596,S2-606628661,S2-743716332,S2-84163196,S2-869469547,S2-934989040,S2-374721574,S2-963336602,S2-314140371,S2-784592218,S2-107330887,S2-112066657,S2-118199917,S2-123982944,S2-132543275,S2-13539019,S2-135535600,S2-137402189,S2-142513026,S2-143437925,S2-147123883,S2-148143091,S2-148435905,S2-149493164,S2-152167783,S2-155473968,S2-166252850,S2-168560796,S2-1689156,S2-169134681,S2-171727887,S2-172032247,S2-179458531,S2-18192700
S1-249574225	S2-17082321,S2-299554484,S2-3975386,S2-543548434,S2-580163787,S2-603499458,S2-767284788,S2-82261132,S2-861795460,S2-11848379,S2-145697972,S2-392892845,S2-405063326,S2-524444884,S2-656097508,S2-844282205
S1-445131173	S2-173600974,S2-152817801,S2-171427936,S2-207482807,S2-401922887,S2-69835592,S2-923303667,S2-100101893,S2-100251681,S2-100706365,S2-100809041,S2-100966367,S2-102835643,S2-103979213,S2-105845989,S2-106581817,S2-113734215,S2-114233191,S2-115355492,S2-116042201,S2-117525275,S2-121251263,S2-121600861,S2-125038980,S2-125301970,S2-127642027,S2-127928747,S2-128460500,S2-129789248,S2-129894884,S2-130773220,S2-131913984,S2-13244289,S2-132986379,S2-135102887,S2-136113375,S2-136327391,S2-137255280,S2-139603809,S2-142688663
S1-476431309	S2-583055547,S2-191752697,S2-207312409,S2-207868561,S2-225877806,S2-277826628,S2-289452794,S2-332356681,S2-342561707,S2-369557657,S2-439458470,S2-509685032,S2-563951582,S2-598421374,S2-689246220,S2-693522111,S2-699190345,S2-716146456,S2-720552016,S2-739603930,S2-743163205,S2-746839529,S2-747033230,S2-777264291,S2-790305923,S2-790339230,S2-792672047,S2-814100362,S2-832324901,S2-882655389,S2-92057459,S2-921472751,S2-92314232,S2-937461008,S2-983084003,S2-984866012,S2-101436810,S2-111237832,S2-119406140,S2-121894818
S1-797931932	S2-447396827,S2-111622934,S2-305684780,S2-356775340,S2-776720587,S2-848020140,S2-88975185,S2-511644664,S2-241468824,S2-876126503,S2-103934090,S2-16553343,S2-340722730,S2-375545707,S2-419489435,S2-512897094,S2-667114668,S2-719705506,S2-810236976,S2-913274971,S2-956609513,S2-592267738,S2-629341946,S2-683055877,S2-939739824,S2-112239883,S2-132198938,S2-138744674,S2-164950416,S2-175805498,S2-200940437,S2-215162995,S2-273116504,S2-27727250,S2-281588010,S2-285535114,S2-301753499,S2-311749624,S2-348678228,S2-353189689
S1-436985273	S2-747466359,S2-78769581,S2-802679154,S2-115642399,S2-194973709,S2-200925331,S2-300257199,S2-333021767,S2-421062218,S2-432687019,S2-475706495,S2-498279964,S2-506664767,S2-513561863,S2-54870119,S2-604564398,S2-605743649,S2-63902308,S2-664074689,S2-680029260,S2-717675805,S2-823575427,S2-827451868,S2-831696358,S2-870944000,S2-884135049,S2-890403902,S2-929161568,S2-148116189,S2-151628472,S2-186041583,S2-18868925,S2-199693428,S2-208468004,S2-21928602,S2-229570617,S2-256004548,S2-259053443,S2-26081285,S2-308345127
S1-382072597	S2-122833780,S2-190194115,S2-192304786,S2-38600725,S2-417269575,S2-44271389,S2-522905175,S2-644740224,S2-655689025,S2-711460740,S2-745874730,S2-768691745,S2-798277581,S2-833269892,S2-853959569,S2-994429169,S3-217931395,S2-140714509,S2-287824031,S2-30000261,S2-337522307,S2-83329842,S2-138902572,S2-104277074,S2-1052306,S2-116794138,S2-124970234,S2-12709902,S2-13685817,S2-140961326,S2-143019922,S2-146498176,S2-150882090,S2-15148623,S2-152553514,S2-15518868,S2-164580424,S2-171254161,S2-177821719,S2-178901458
S1-183433043	S2-115642399,S2-194973709,S2-200925331,S2-300257199,S2-333021767,S2-421062218,S2-432687019,S2-475706495,S2-498279964,S2-506664767,S2-513561863,S2-54870119,S2-604564398,S2-605743649,S2-63902308,S2-664074689,S2-680029260,S2-717675805,S2-747466359,S2-78769581,S2-802679154,S2-823575427,S2-827451868,S2-831696358,S2-870944000,S2-884135049,S2-890403902,S2-929161568,S2-148116189,S2-151628472,S2-186041583,S2-18868925,S2-199693428,S2-208468004,S2-21928602,S2-229570617,S2-256004548,S2-259053443,S2-26081285,S2-308345127
S1-554560722	S2-162723116,S2-234877896,S2-526884631,S2-606892008,S2-665835412,S2-937322500,S2-280522383,S2-319358047,S2-642822081,S2-104554926,S2-122223547,S2-152382583,S2-167253911,S2-182212023,S2-185005990,S2-220541338,S2-270513424,S2-288586393,S2-335374518,S2-337054093,S2-338853492,S2-352990076,S2-417021356,S2-42254578,S2-447892968,S2-458409587,S2-489562103,S2-50744638,S2-523895220,S2-605201405,S2-662565069,S2-682450228,S2-74354917,S2-857343408,S2-924655354,S2-937512045,S2-968147520
S1-326888389	S2-5540165,S2-106781499,S2-149341814,S2-268890580,S2-352331046,S2-397964512,S2-428497065,S2-517279072,S2-530447661,S2-561420173,S2-606825333,S2-657926245,S2-660554660,S2-866891725,S2-193668330,S2-257917257,S2-348043690,S2-691499883,S2-102172461,S2-137048689,S2-154280269,S2-47825427,S2-737797442,S2-967976456,S2-104469883,S2-112370727,S2-11459613,S2-114620998,S2-115688602,S2-137852289,S2-139274716,S2-154581738,S2-158217318,S2-161066650,S2-170176453,S2-170821232,S2-173453083,S2-180395069,S2-181403261,S2-186835708
S1-113090772	S2-112607340,S2-252319343,S2-73589764,S2-565852338,S2-641547237,S2-187700130,S2-232342145,S2-384863139,S2-82369450,S2-100601479,S2-105882189,S2-107106168,S2-108103764,S2-108418148,S2-111061237,S2-111671984,S2-113111022,S2-113588646,S2-114409155,S2-114762618,S2-116787993,S2-11773207,S2-117898368,S2-119815516,S2-123374214,S2-124708833,S2-128238338,S2-128238409,S2-133984853,S2-135978959,S2-137981508,S2-138900880,S2-140097767,S2-140537645,S2-143010552,S2-143340987,S2-148289960,S2-150648688,S2-152096273,S2-153673755
S1-680474567	S2-356476922,S2-675456752,S2-703743907,S2-930066228,S2-950654379,S2-983495735,S2-331730615,S2-921141712,S2-144002220,S2-154052685,S2-156054800,S2-157339011,S2-157599902,S2-160972842,S2-164645767,S2-170759291,S2-176228373,S2-176720525,S2-181138820,S2-200824141,S2-201711977,S2-210630919,S2-225242218,S2-24091251,S2-24390689,S2-244237970,S2-247759089,S2-25608610,S2-260576012,S2-26950925,S2-28845743,S2-294922253,S2-305274998,S2-307267779,S2-317615334,S2-344437531,S2-346645001,S2-355822016,S2-355967072,S2-362262700
S1-162593001	S2-338141614,S2-952672184,S2-362262700,S2-412033502,S2-585698283,S2-218203548,S2-372772519,S2-422600541,S2-50544513,S2-754789254,S2-930626842,S2-948041469,S2-105845989,S2-116189378,S2-130887373,S2-134392248,S2-136260880,S2-145204119,S2-180441936,S2-182529122,S2-195109492,S2-220686156,S2-242367010,S2-264819702,S2-294062437,S2-296969450,S2-307857044,S2-311898669,S2-340239310,S2-353473370,S2-367076099,S2-39821301,S2-398456093,S2-459656288,S2-459767841,S2-483326033,S2-502295672,S2-503378605,S2-505029475,S2-561720285
S1-428709431	S2-981256053,S2-757819257,S2-447193368,S2-452810673,S2-479860266,S2-899577266,S2-922852016,S2-116895038,S2-119502414,S2-121365773,S2-129194369,S2-144757916,S2-167083882,S2-185483047,S2-186688728,S2-213050259,S2-239595653,S2-26188659,S2-301984201,S2-305828292,S2-408956870,S2-510982879,S2-653692463,S2-712994058,S2-73275008,S2-750846550,S2-789135741,S2-83820304,S2-84345642,S2-861622812,S2-892863609,S2-940139733,S2-971815457,S2-100606700,S2-101383646,S2-105853673,S2-110010593,S2-111189308,S2-116199441,S2-120273501
S1-297343387	S2-340117233,S2-59175936,S2-603295817,S2-608122900,S2-846899846,S2-893871869,S2-734847829,S2-874136723,S2-91410215,S2-934412775,S2-106596659,S2-115017512,S2-124526830,S2-124708833,S2-126794277,S2-132457097,S2-133148171,S2-143181162,S2-157245246,S2-159583344,S2-180521991,S2-183121876,S2-184309677,S2-188225777,S2-19150924,S2-196684622,S2-1986290,S2-209055780,S2-217073580,S2-247554282,S2-248152588,S2-248858769,S2-263062006,S2-269867174,S2-278021863,S2-286022070,S2-294166184,S2-294835210,S2-296031583,S2-299325554
S1-402660930	S2-132076324,S2-523955845,S2-55569494,S2-814902976,S2-890463640,S2-957766421,S2-991780127,S2-112171916,S2-118181721,S2-192435550,S2-194856123,S2-203358920,S2-205748643,S2-258995064,S2-351945894,S2-38677575,S2-551112784,S2-563211287,S2-630107018,S2-660034291,S2-66259612,S2-698389325,S2-73674327,S2-73830402,S2-761559953,S2-770872130,S2-776295434,S2-796696367,S2-809711028,S2-817794895,S2-818896404,S2-836056028,S2-89176841,S2-916918925,S2-197724578,S2-228441033,S2-235688494,S2-307414093,S2-30857209,S2-323797704
S1-960158214	S2-108740437,S2-222899205,S2-264484931,S2-275686128,S2-350208373,S2-359056593,S2-468081602,S2-468628727,S2-510931175,S2-515408980,S2-544557062,S2-544803775,S2-549397424,S2-553258177,S2-593487033,S2-640485237,S2-647807024,S2-648770543,S2-681022312,S2-75300973,S2-786242701,S2-817408388,S2-845372583,S2-949845335,S2-953522251,S2-966011651,S2-968862389,S2-100648957,S2-101709043,S2-105768147,S2-107035834,S2-107838326,S2-108015761,S2-108761854,S2-109081523,S2-111554720,S2-114121811,S2-118329705,S2-118393214,S2-120981197
S1-271520763	S2-427876074,S2-102704852,S2-108945591,S2-109865432,S2-115920996,S2-137852289,S2-142304946,S2-148435905,S2-199028681,S2-246140180,S2-270494593,S2-310957511,S2-346112868,S2-394947863,S2-452650016,S2-460455563,S2-481401619,S2-486843244,S2-514945818,S2-52106123,S2-539108282,S2-546609968,S2-547097573,S2-553193479,S2-593628794,S2-656748868,S2-671753284,S2-67469002,S2-722887792,S2-730524520,S2-763239631,S2-795596809,S2-803709478,S2-873769146,S2-914584585,S2-920377001,S2-948378324,S2-963378378,S2-992693870,S2-100798928
S1-294124151	S2-100842773,S2-102668134,S2-112685256,S2-121587258,S2-178601008,S2-179213874,S2-188324013,S2-22349078,S2-230944547,S2-235039028,S2-238257070,S2-263930722,S2-269649680,S2-276478634,S2-313526950,S2-325795356,S2-328163912,S2-330673541,S2-33432498,S2-336179406,S2-443202761,S2-444139007,S2-54944087,S2-55497278,S2-556499821,S2-562497096,S2-56570720,S2-57285294,S2-643439190,S2-662331582,S2-679353646,S2-707925169,S2-713920891,S2-714304281,S2-730088480,S2-73502247,S2-740208456,S2-751886770,S2-758960021,S2-765996814
S1-17339733	S2-875636485,S2-210774584,S2-145521404,S2-166312284,S2-531415680,S2-554472391,S2-205063480,S2-312125729,S2-324099596,S2-399449669,S2-457500956,S2-533918900,S2-55458291,S2-723107773,S2-731302216,S2-758392834,S2-926080300,S2-92868774,S2-944432778,S2-994807299,S2-111216682,S2-127922980,S2-141843280,S2-14391913,S2-149909781,S2-211899103,S2-213639418,S2-218771556,S2-244362783,S2-259263293,S2-267774379,S2-27986137,S2-298228117,S2-304562241,S2-304653606,S2-3353081,S2-340403766,S2-359536412,S2-361724776,S2-362179167
S1-120433302	S2-12919946,S2-132567684,S2-147334993,S2-165863386,S2-169416923,S2-183393419,S2-188496341,S2-207641198,S2-255877102,S2-317729698,S2-340851297,S2-347928945,S2-348180150,S2-377011033,S2-391886434,S2-409657574,S2-444317957,S2-46552888,S2-467505244,S2-487199125,S2-547512506,S2-548296657,S2-55607785,S2-602160357,S2-603841351,S2-622921643,S2-639226592,S2-656748868,S2-663884088,S2-676321006,S2-709434440,S2-731682240,S2-815312566,S2-856708962,S2-873790751,S2-940589254,S2-951499790,S2-963649434,S2-965145530,S2-970705391
S1-183373288	S2-161624812,S2-203944670,S2-39621146,S2-405189577,S2-680710222,S2-142305657,S2-145060112,S2-17162579,S2-445816199,S2-525743295,S2-110855273,S2-126873216,S2-134430685,S2-138967824,S2-140879600,S2-14589566,S2-158619194,S2-168302230,S2-172597897,S2-187760869,S2-220286148,S2-225227362,S2-255930762,S2-258436929,S2-291806206,S2-297699519,S2-319866868,S2-320698590,S2-321590098,S2-328638969,S2-335527150,S2-337652920,S2-343973273,S2-362875802,S2-386384920,S2-388170154,S2-397144890,S2-402108454,S2-410049879,S2-410115402
S1-870025197	S2-998666319,S2-100601479,S2-12544023,S2-137089030,S2-385542059,S2-410912520,S2-429291272,S2-440567202,S2-476661731,S2-667673804,S2-70541810,S2-723642257,S2-761557906,S2-836906889,S2-986818181,S2-101454137,S2-112171916,S2-118181721,S2-119428002,S2-135099485,S2-13639996,S2-140694796,S2-142086734,S2-15496129,S2-158025086,S2-158485790,S2-165809100,S2-174868680,S2-183176697,S2-184654676,S2-185405451,S2-192435550,S2-194856123,S2-195435490,S2-197984272,S2-203358920,S2-205748643,S2-213402804,S2-237676756,S2-243618862
S1-553334532	S2-13041552,S2-622481215,S2-589750339,S2-115296490,S2-154748565,S2-219962142,S2-220152787,S2-234059128,S2-235427239,S2-240226877,S2-313753207,S2-377026817,S2-386508521,S2-386877732,S2-425513728,S2-453482489,S2-468956394,S2-484316506,S2-492987439,S2-496423381,S2-501995541,S2-507055040,S2-513002614,S2-537935993,S2-543124239,S2-561633263,S2-564518579,S2-587402813,S2-592608436,S2-606058352,S2-628378031,S2-656725229,S2-67633039,S2-693024906,S2-70589731,S2-707172767,S2-716440419,S2-738996676,S2-739675463,S2-742624476
S1-454760542	S2-120095800,S2-155156378,S2-165446160,S2-168841051,S2-195429367,S2-22805370,S2-228280694,S2-244861891,S2-245368096,S2-24780790,S2-250683605,S2-257397280,S2-289528801,S2-2927557,S2-379198003,S2-395489902,S2-396203245,S2-401378044,S2-427111019,S2-430015186,S2-435421041,S2-43980345,S2-452469161,S2-496765251,S2-501371408,S2-507942610,S2-516710606,S2-54240116,S2-560040430,S2-56473558,S2-567837097,S2-579144559,S2-596559144,S2-59670678,S2-618177480,S2-657996738,S2-700509330,S2-731152668,S2-770138530,S2-771273201
