tree
version=v4
num_class=1
num_tree_per_iteration=1
label_index=0
max_feature_idx=32
objective=binary sigmoid:1
feature_names=Column_0 Column_1 Column_2 Column_3 Column_4 Column_5 Column_6 Column_7 Column_8 Column_9 Column_10 Column_11 Column_12 Column_13 Column_14 Column_15 Column_16 Column_17 Column_18 Column_19 Column_20 Column_21 Column_22 Column_23 Column_24 Column_25 Column_26 Column_27 Column_28 Column_29 Column_30 Column_31 Column_32
feature_infos=[0:1] [0:1] [0:1] [0:1] [0:1] [0:1] [0:1] [0:1] [0:1] [0:1] [0:1] [0.036363636363636299:1] [0:23] [0.040000000000000001:1] [0:1] [0:1] [0:1] [0:1] [0:1] [0:1] [0:1] [-1:1] [-1:1] none [0:4] [0:1] [0:1] [-1:1] [0:39] none none [0:1] none
tree_sizes=464 695 1252 1249 1357 805 1033 803 799 1579 1351 1582 1021 2149 2392 1582 1591 1825 1713 1360 1604 1141 1366 1261 1259 1376 1833 1365 1832 819 2134 2066 1035 1619 1281 1034 1261 1041 1029 1487 1263 1147 1147 1608 1133 1474 1358 1349 1131 1254 1549 1036 1145 817 809 918 1038 1368 925 1241 1017 1493 1500 1389 1156 1157 1047 1151 1049 928 1033 1052 933 1354 1471 1021 1023 600 680 366

Tree=0
num_leaves=3
num_cat=0
split_feature=18 4
split_gain=459144 3.55271e-15
threshold=0.37980769230769235 0.92153846153846164
decision_type=2 2
left_child=1 -1
right_child=-2 -3
leaf_value=-7.4373275663429608 70.319115330231085 -7.4373275663429608
leaf_weight=11.695172997715414 0.19291006238199848 0.28256378852529529
leaf_count=18915 24 457
internal_value=-6.20485 -7.43733
internal_weight=12.1706 11.9777
internal_count=19396 19372
is_linear=0
shrinkage=1


Tree=1
num_leaves=5
num_cat=0
split_feature=18 18 19 2
split_gain=12228.8 12241.5 3.55271e-15 6.93889e-18
threshold=0.31009615384615391 0.34313725490196084 0.42261904761904762 0.59274359552250033
decision_type=2 2 2 2
left_child=2 -2 -1 -4
right_child=1 -3 3 -5
leaf_value=-0.050029442097488691 -0.050029442097473557 -102.06240927898379 -0.050029442097485881 -0.050029442097485749
leaf_weight=11.333330345281862 0.005881639081054213 0.0058816390810534358 0.03176085103768933 0.017056753335054964
leaf_count=19269 10 34 54 29
internal_value=-0.102689 -51.0562 -0.0500294 -0.0500294
internal_weight=11.3939 0.0117633 11.3821 0.0488176
internal_count=19396 44 19352 83
is_linear=0
shrinkage=0.05


Tree=2
num_leaves=10
num_cat=0
split_feature=19 1 1 4 6 6 6 4 15
split_gain=7.65167e+06 1.532e+07 1.77636e-15 1.77636e-15 1.77636e-15 1.77636e-15 1.11022e-16 5.55112e-17 1.38778e-17
threshold=0.55050505050505061 0.21644144144144142 0.86038961038961059 0.86874487284659574 0.34654631083202514 0.24068965517241384 0.60232558139534886 0.9194594594594595 0.23481554677206848
decision_type=2 2 2 2 2 2 2 2 2
left_child=2 -2 3 4 5 -1 -6 -5 -4
right_child=1 -3 8 7 6 -7 -8 -9 -10
leaf_value=-0.050028001334160181 -0.050028001334148933 3829.9379544869007 -0.050028001334157857 -0.050028001334159071 -0.050028001334159682 -0.050028001334159723 -0.050028001334158016 -0.050028001334159536 -0.050028001334157905
leaf_weight=8.4483666694722981 0.0078329227400224244 0.0039164613749652919 0.045878547476605358 0.12141030246857631 0.76986440643668252 1.1889257730217657 0.027974724071100354 0.19246610160917044 0.026296240626834333
leaf_count=15101 28 26 82 217 1376 2125 50 344 47
internal_value=1.33464 1276.61 -0.050028 -0.050028 -0.050028 -0.050028 -0.050028 -0.050028 -0.050028
internal_weight=10.8329 0.0117494 10.8212 10.749 10.4351 9.63729 0.797839 0.313876 0.0721748
internal_count=19396 54 19342 19213 18652 17226 1426 561 129
is_linear=0
shrinkage=0.05


Tree=3
num_leaves=10
num_cat=0
split_feature=18 1 19 1 1 3 3 3 13
split_gain=11349.3 17051.2 625.431 3.55271e-15 1.77636e-15 1.77636e-15 2.22045e-16 2.22045e-16 1.38778e-17
threshold=0.27922077922077926 0.21644144144144142 0.48333333333333339 0.86881720430107545 0.60232558139534886 0.58397435897435901 0.710394265232975 0.59317129629629639 0.92422502870264067
decision_type=2 2 2 2 2 2 2 2 2
left_child=2 -2 3 4 5 -1 -6 -7 -5
right_child=1 -3 -4 8 6 7 -8 -9 -10
leaf_value=-0.050026641876743064 -0.050026641876742578 -129.22550719087027 -10.48844931250364 -0.050026641876736368 -0.050026641876742731 -0.050026641876742287 -0.050026641876742911 -0.050026641876742994 -0.050026641876742099
leaf_weight=8.4048458375036628 0.0063866609708566058 0.0042577739804983139 0.014369987184182587 0.013305543689058008 0.28633530018851239 0.11708878446370441 0.37734521902166307 1.0245268640574066 0.052689953008666635
leaf_count=15792 27 31 30 25 538 220 709 1925 99
internal_value=-0.11798 -51.7202 -0.0646032 -0.0500266 -0.0500266 -0.0500266 -0.0500266 -0.0500266 -0.0500266
internal_weight=10.3012 0.0106444 10.2905 10.2761 10.2101 9.54646 0.663681 1.14162 0.0659955
internal_count=19396 58 19338 19308 19184 17937 1247 2145 124
is_linear=0
shrinkage=0.05


Tree=4
num_leaves=11
num_cat=0
split_feature=19 19 1 20 1 4 4 4 13 15
split_gain=16110.2 50732.7 100140 178.216 1.77636e-15 1.77636e-15 1.11022e-16 1.11022e-16 6.93889e-18 6.93889e-18
threshold=0.4494949494949495 0.5634920634920636 0.19478319783197826 0.89504283965728282 0.93725490196078431 0.81016731016731025 0.98275862068965536 0.83935483870967753 0.98717948717948734 0.25789823744595941
decision_type=2 2 2 2 2 2 2 2 2 2
left_child=4 3 -3 -2 5 -1 7 -7 -6 -10
right_child=1 2 -4 -5 8 6 -8 -9 9 -11
leaf_value=-0.05002533977895756 -0.050025338602851667 -0.050025338540987986 -641.97121865394035 -14.158537931379668 -0.050025339778949213 -0.050025339778957102 -0.050025339778957283 -0.050025339778957414 -0.050025339778956068 -0.050025339778952876
leaf_weight=9.0385782131343113 0.0060756160263954057 0.0015189077170931634 0.0010125853559106446 0.0035439596963167119 0.010631834564265641 0.18934791081119406 0.17061563086463138 0.31591736990958452 0.033414337201975286 0.010631834564264864
leaf_count=17853 38 20 29 13 21 374 337 624 66 21
internal_value=-0.121591 -57.6581 -256.815 -5.24776 -0.0500253 -0.0500253 -0.0500253 -0.0500253 -0.0500253 -0.0500253
internal_weight=9.78129 0.0121511 0.00253149 0.00961958 9.76914 9.71446 0.675881 0.505265 0.054678 0.0440462
internal_count=19396 100 49 51 19296 19188 1335 998 108 87
is_linear=0
shrinkage=0.05


Tree=5
num_leaves=6
num_cat=0
split_feature=19 19 3 1 13
split_gain=14513.5 53287.2 67824.4 3.55271e-15 1.38778e-17
threshold=0.43650793650793651 0.48333333333333339 0.29818990155604957 0.85357142857142876 0.92422502870264067
decision_type=2 2 2 2 2
left_child=3 -2 -3 -1 -5
right_child=1 2 -4 4 -6
leaf_value=-0.050024103222344275 -0.050024103219071615 -0.050024099913682334 -484.50074034412864 -0.050024103222338349 -0.050024103222343269
leaf_weight=9.2230825853766856 0.010595156619877345 0.0014449922509178234 0.0014449354217653996 0.01492953684646714 0.048641394241712987
leaf_count=19151 27 31 55 31 101
internal_value=-0.125292 -51.9592 -242.271 -0.0500241 -0.0500241
internal_weight=9.30014 0.0134851 0.00288993 9.28665 0.0635709
internal_count=19396 113 86 19283 132
is_linear=0
shrinkage=0.05


Tree=6
num_leaves=8
num_cat=0
split_feature=19 19 0 1 1 3 15
split_gain=17091 89834.6 1.77636e-15 1.77636e-15 1.77636e-15 1.11022e-16 6.93889e-18
threshold=0.43650793650793651 0.45804195804195807 1.0000000180025095e-35 0.85357142857142876 0.58898944193061853 0.78629976580796257 0.23481554677206848
decision_type=2 2 2 2 2 2 2
left_child=2 -2 3 4 -1 -6 -4
right_child=1 -3 6 -5 5 -7 -8
leaf_value=-0.050022927523993926 -0.05002292752153964 -382.0060567748078 -0.050022927523991047 -0.050022927523986099 -0.050022927523993677 -0.05002292752399351 -0.050022927523990984
leaf_weight=8.1192724475986253 0.0096205348748898637 0.0018326716636584478 0.031610325502698156 0.011453016486485335 0.50805581134045574 0.14614049036754295 0.017408585059456527
leaf_count=17723 24 89 69 25 1109 319 38
internal_value=-0.12916 -61.1683 -0.0500229 -0.0500229 -0.0500229 -0.0500229 -0.0500229
internal_weight=8.84539 0.0114532 8.83394 8.78492 8.77347 0.654196 0.0490189
internal_count=19396 113 19283 19176 19151 1428 107
is_linear=0
shrinkage=0.05


Tree=7
num_leaves=6
num_cat=0
split_feature=19 19 18 1 3
split_gain=21393.9 34802.9 73506.7 1.77636e-15 1.77636e-15
threshold=0.43650793650793651 0.4494949494949495 0.22474747474747472 0.93095238095238109 0.87226107226107241
decision_type=2 2 2 2 2
left_child=3 -2 -3 4 -1
right_child=1 2 -4 -5 -6
leaf_value=-0.050021808471597796 -0.050021808471596076 -22.996994042613572 -497.23404898153171 -0.05002180847159593 -0.05002180847159346
leaf_weight=8.3353044597024528 0.0056652354251119641 0.0021789367019664496 0.0013073629973499312 0.047500820102869379 0.020482004998485404
leaf_count=19127 13 17 83 109 47
internal_value=-0.133232 -76.5399 -200.836 -0.0500218 -0.0500218
internal_weight=8.41244 0.00915154 0.0034863 8.40329 8.35579
internal_count=19396 113 100 19283 19174
is_linear=0
shrinkage=0.05


Tree=8
num_leaves=6
num_cat=0
split_feature=19 17 1 1 15
split_gain=17487 52401.3 526.32 8.88178e-16 1.38778e-17
threshold=0.42261904761904762 0.62593283582089565 0.24417344173441732 0.92261904761904778 0.17089216944801028
decision_type=2 2 2 2 2
left_child=3 2 -2 -1 -5
right_child=1 -3 -4 4 -6
leaf_value=-0.050020746209200696 -0.050020746209189337 -289.5258868117354 -24.173009587621312 -0.050020746209197456 -0.050020746209199142
leaf_weight=7.9422164997668006 0.0049745079595596899 0.0020727116500409521 0.0041454232996329665 0.013679896888788678 0.031919759407173842
leaf_count=19159 29 80 18 33 77
internal_value=-0.137532 -62.5911 -11.015 -0.0500207 -0.0500207
internal_weight=7.99901 0.0111926 0.00911993 7.98782 0.0455997
internal_count=19396 127 47 19269 110
is_linear=0
shrinkage=0.05


Tree=9
num_leaves=13
num_cat=0
split_feature=17 17 19 18 20 11 31 15 17 17 19 6
split_gain=9033.22 27170.7 48303.4 612.663 1580.26 397.25 2.66454e-15 8.88178e-16 2.22045e-16 2.22045e-16 1.11022e-16 3.46945e-18
threshold=0.64026143790849688 0.67006802721088443 0.39230769230769236 0.22474747474747472 0.73183303997988436 0.77346041055718484 0.017316341829085403 0.27917452336056997 0.59720876138786594 0.50802230802230819 0.31009615384615391 0.027973395931142352
decision_type=2 2 2 2 2 2 2 2 2 2 2 2
left_child=3 -2 -3 6 -5 11 7 -1 9 -9 -8 -6
right_child=1 2 -4 4 5 -7 10 8 -10 -11 -12 -13
leaf_value=-0.05001973184034119 -0.050019731840335813 -0.050019731840309445 -422.70501109245254 -50.768618695141434 -0.050019731840333537 -14.138519443844523 -0.05001973184034101 -0.0500197318403411 -0.050019731840337027 -0.050019731840340843 -0.050019731840340233 -0.050019731840334425
leaf_weight=5.9938564198091617 0.0082809858431572847 0.0015773306367918858 0.0011829979775939137 0.0019716632959894493 0.0094639838207644829 0.0070979878655766547 0.50435147111420553 0.83795690079570206 0.013407310412744233 0.1632537209079733 0.053234908991765639 0.0074923205247878029
leaf_count=15200 38 4 57 14 32 27 1279 2126 41 415 139 24
internal_value=-0.142087 -45.3345 -181.188 -0.076363 -7.73466 -4.20728 -0.0500197 -0.0500197 -0.0500197 -0.0500197 -0.0500197 -0.0500197
internal_weight=7.60313 0.0110413 0.00276033 7.59209 0.026026 0.0240543 7.56606 7.00847 1.01462 1.00121 0.557586 0.0169563
internal_count=19396 99 61 19297 97 83 19200 17782 2582 2541 1418 56
is_linear=0
shrinkage=0.05


Tree=10
num_leaves=11
num_cat=0
split_feature=17 3 18 18 6 17 16 17 18 1
split_gain=10638.7 16661.9 2227.93 989.744 1851.66 1.77636e-15 1.77636e-15 8.88178e-16 1.11022e-16 2.77556e-17
threshold=0.64026143790849688 0.45393939393939403 0.23669467787114842 0.22474747474747472 0.038838612368024113 0.54587542087542096 0.60641506450701732 0.48295234405269277 0.086335403726708074 0.092329545454545456
decision_type=2 2 2 2 2 2 2 2 2 2
left_child=3 2 -2 5 -5 6 -1 -8 -9 -7
right_child=1 -3 -4 4 -6 9 7 8 -10 -11
leaf_value=-0.050018768512472403 -0.050018768512463285 -186.66300953979805 -57.176444514833065 -0.050018768506853412 -35.595337709358844 -0.05001876851246452 -0.050018768512472368 -0.050018768512471889 -0.050018768512472236 -0.050018768512472056
leaf_weight=4.2616004208102947 0.0048764022067188106 0.0018755393102765083 0.0026257550343871117 0.010503023280363843 0.0056266199308201972 0.011253235861659439 2.36880614887923 0.129037104547024 0.28395665157587591 0.14254098758106476
leaf_count=11362 23 33 43 61 36 32 6315 344 758 389
internal_value=-0.146935 -53.368 -20.0443 -0.0777452 -12.4495 -0.0500188 -0.0500188 -0.0500188 -0.0500188 -0.0500188
internal_weight=7.2227 0.0093777 0.00750216 7.21332 0.0161296 7.19719 7.0434 2.7818 0.412994 0.153794
internal_count=19396 99 66 19297 97 19200 18779 7417 1102 421
is_linear=0
shrinkage=0.05


Tree=11
num_leaves=13
num_cat=0
split_feature=18 17 1 31 18 20 1 1 15 31 2 1
split_gain=17518.3 95629.4 420.38 103.36 35.7838 364.432 1.77636e-15 1.77636e-15 8.88178e-16 2.22045e-16 1.11022e-16 6.93889e-18
threshold=0.23669467787114842 0.62593283582089565 0.20722186076772933 0.089898989898989853 0.21980676328502413 0.70531015037593991 0.58898944193061853 0.46470099667774095 0.37952859013531215 0.049691358024691303 0.67774327122153211 0.73798627002288342
decision_type=2 2 2 2 2 2 2 2 2 2 2 2
left_child=3 2 -2 4 6 -6 7 8 -1 -8 -9 -11
right_child=1 -3 -4 -5 5 -7 9 10 -10 11 -12 -13
leaf_value=-0.050017854459969126 -0.05001785445089324 -513.84781788652958 -28.075348132415598 -5.2398946224650382 -20.06811395961299 -0.050017854459967218 -0.050017854459968897 -0.050017854459968342 -0.050017854459968328 -0.050017854459966406 -0.050017854459969008 -0.050017854459964067
leaf_weight=5.1853083057794942 0.0053523027855982416 0.0010704600135795772 0.0017841002944146015 0.0096341401222160838 0.0024977400316860817 0.025334220321395248 0.51667536655440971 0.12238926155259877 0.12131880153903107 0.018911460239917743 0.84066793066450651 0.0099909601267427206
leaf_count=14541 42 76 35 28 13 78 1448 343 351 55 2358 28
internal_value=-0.152045 -73.1596 -7.05635 -0.0646106 -0.0573245 -1.84651 -0.0500179 -0.0500179 -0.0500179 -0.0500179 -0.0500179 -0.0500179
internal_weight=6.86094 0.00820686 0.0071364 6.85273 6.84309 0.027832 6.81526 6.26968 5.30663 0.545578 0.963057 0.0289024
internal_count=19396 153 77 19243 19215 91 19124 17593 14892 1531 2701 83
is_linear=0
shrinkage=0.05


Tree=12
num_leaves=8
num_cat=0
split_feature=18 1 31 16 13 1 11
split_gain=23679.7 142258 127.108 290.955 2.66454e-15 8.88178e-16 1.73472e-18
threshold=0.22474747474747472 0.21644144144144142 0.073801742919389915 0.57501043122685813 0.58280590717299596 0.24190177638453503 0.64051282051282066
decision_type=2 2 2 2 2 2 2
left_child=2 6 4 -4 -1 -6 -2
right_child=1 -3 3 -5 5 -7 -8
leaf_value=-0.050016981777750713 -0.050016981777738417 -638.38736672528466 -20.960838664599979 -0.050016870695632293 -0.050016981777749915 -0.050016981777750741 -0.050016981751854067
leaf_weight=4.2509393104167685 0.004412504873471299 0.0010182703554171488 0.0023911064090497147 0.0054667380641149066 0.13169629930053028 2.1146081047482195 0.0016971198441383534
leaf_count=12552 47 79 16 36 389 6236 41
internal_value=-0.157507 -91.241 -0.0577033 -6.41309 -0.050017 -0.050017 -0.050017
internal_weight=6.51223 0.0071279 6.5051 0.00785784 6.49724 2.2463 0.00610962
internal_count=19396 167 19229 52 19177 6625 88
is_linear=0
shrinkage=0.05


Tree=13
num_leaves=18
num_cat=0
split_feature=31 16 18 17 1 17 4 4 18 19 1 2 1 1 1 1 3
split_gain=1.00517e+07 3.66254e+07 988.642 3558.52 7883.72 270.885 263.491 2.48712e-14 1.77636e-15 1.77636e-15 4.44089e-16 2.22045e-16 5.55112e-17 1.38778e-17 2.08167e-17 6.93889e-18 1.73472e-18
threshold=0.071008403361344521 0.68167346725462419 0.21980676328502413 0.59720876138786594 0.20881782945736435 0.56356933547594301 0.49205548549810846 0.83484848484848495 0.17519181585677748 0.11437908496732026 0.38266583229036294 0.83222074860005912 0.4604989604989605 0.45199692780337947 0.30860805860805868 0.19098277608915906 0.25723738626964437
decision_type=2 2 2 2 2 2 2 2 2 2 2 2 2 2 2 2 2
left_child=2 5 8 6 -5 7 15 -2 9 -1 11 -11 -12 14 -10 16 -4
right_child=1 -3 3 4 -6 -7 -8 -9 13 10 12 -13 -14 -15 -16 -17 -18
leaf_value=-0.050016153031221339 -0.050016156785805024 8488.7815399980336 -0.050016153029916036 -0.050016153025936538 -154.9088125673039 -22.155091359629363 -15.535895802255595 -0.050015892255346195 -0.050016153031219424 -0.050016153031221713 -0.050016153031221471 -0.050016153031218341 -0.050016153031221582 -0.050016153031215496 -0.050016153031215517 -0.050016153030560978 -0.050016153028620274
leaf_weight=4.5483370396250384 0.0019372488316524614 0.0016197753376445689 0.0061346213310176758 0.0022601242045375012 0.0012914991245625614 0.0022619239929341718 0.003228747809782234 0.0016413806046331073 0.03745347459334919 1.1052003752847777 0.18436149993796047 0.016143739048857353 0.25119657960021868 0.008071869524450194 0.0080718695244394109 0.0061346210864272966 0.0061346218234703655
leaf_count=14087 11 26 26 56 43 12 18 32 123 3427 574 50 779 29 29 43 31
internal_value=2.12232 1836.33 -0.0904429 -9.97686 -56.3623 -8.61085 -2.36134 -0.050016 -0.0500162 -0.0500162 -0.0500162 -0.0500162 -0.0500162 -0.0500162 -0.0500162 -0.0500162 -0.0500162
internal_weight=6.19148 0.00746033 6.18402 0.0251842 0.00355162 0.00584055 0.0216326 0.00357863 6.15884 6.10524 1.5569 1.12134 0.435558 0.0535972 0.0455253 0.0184039 0.0122692
internal_count=19396 81 19315 217 99 55 118 43 19098 18917 4830 3477 1353 181 152 100 57
is_linear=0
shrinkage=0.05


Tree=14
num_leaves=20
num_cat=0
split_feature=31 16 18 1 16 1 13 15 15 15 15 1 1 15 17 1 4 1 15
split_gain=21435 69647.4 811.255 6628.12 422.387 7.87131e-15 1.77636e-15 8.88178e-16 8.88178e-16 8.88178e-16 4.44089e-16 5.55112e-17 5.55112e-17 2.77556e-17 1.38778e-17 3.46945e-18 5.20417e-18 1.73472e-18 8.67362e-19
threshold=0.066228070175438566 0.6556424737804335 0.21980676328502413 0.23861283643892336 0.57570165759020264 0.57979626485568769 0.6813346228239846 0.36096792668957628 0.35018248175182481 0.32158385093167702 0.23320802005012528 0.90238095238095251 0.77346041055718484 0.48795005807200936 0.53236279849183077 0.20722186076772933 0.28743545611015492 0.15504807692307693 0.37952859013531215
decision_type=2 2 2 2 2 2 2 2 2 2 2 2 2 2 2 2 2 2 2
left_child=2 4 6 15 -2 -6 7 8 9 -1 -8 12 -12 -9 -10 16 17 -4 -18
right_child=1 -3 3 -5 5 -7 10 13 14 -11 11 -13 -14 -15 -16 -17 18 -19 -20
leaf_value=-0.050015365298967211 -27.182691826911725 -325.12425454568853 -0.050015365296765125 -93.076320557185241 -0.0500153657278277 -0.050015255338860469 -0.05001536529896701 -0.050015365298966587 -0.050015365298964345 -0.050015365298966635 -0.050015365298966975 -0.050015365298960335 -0.050015365298963582 -0.05001536529895937 -0.050015365298958905 -0.05001536529852612 -0.050015365296013817 -0.050015365297978398 -0.050015365295405484
leaf_weight=4.3394782405812373 0.0018427964550681479 0.0021533542667430449 0.0049141242672887976 0.0021499295235617262 0.003378460358439821 0.003093591218320914 0.71838343865238141 0.16646593576298219 0.031941803172231005 0.18028690828942817 0.38084457628429969 0.0073711853474378577 0.014128105249255896 0.0064497871790081254 0.0061426544562084772 0.0021499291181228909 0.0024570622515289022 0.0036855929076216598 0.0042998591127806976
leaf_count=14133 23 40 47 72 14 27 2339 550 104 592 1243 24 46 23 21 23 19 20 36
internal_value=-0.211536 -71.6956 -0.0840802 -10.2248 -6.06335 -0.0500153 -0.0500154 -0.0500154 -0.0500154 -0.0500154 -0.0500154 -0.0500154 -0.0500154 -0.0500154 -0.0500154 -0.0500154 -0.0500154 -0.0500154 -0.0500154
internal_weight=5.88162 0.0104682 5.87115 0.0196565 0.00831485 0.00647205 5.85149 4.73077 4.55785 4.51977 1.12073 0.402344 0.394973 0.172916 0.0380845 0.0175066 0.0153566 0.00859972 0.00675692
internal_count=19396 104 19292 217 64 41 19075 15423 14850 14725 3652 1313 1289 573 125 145 122 67 55
is_linear=0
shrinkage=0.05


Tree=15
num_leaves=13
num_cat=0
split_feature=31 16 18 1 20 1 11 11 16 5 3 13
split_gain=36485 131371 957.922 9992.19 654.024 1.35642e-14 8.88178e-16 2.22045e-16 2.77556e-17 5.20417e-18 1.73472e-18 8.67362e-19
threshold=0.066228070175438566 0.63545515425415655 0.21980676328502413 0.20881782945736435 0.78065486134313411 0.64400921658986177 0.54919354838709689 0.30860805860805868 0.66462756462756467 0.39607843137254911 0.28730158730158734 0.31400560224089641
decision_type=2 2 2 2 2 2 2 2 2 2 2 2
left_child=2 4 6 9 -2 -6 7 8 -1 10 11 -4
right_child=1 -3 3 -5 5 -7 -8 -9 -10 -11 -12 -13
leaf_value=-0.050014618761624378 -42.77552827801992 -599.04099790706528 -0.050014618759239515 -136.96226143820098 -0.050014616268268031 -0.050014422837188571 -0.050014618761624025 -0.050014618761623997 -0.050014618761621943 -0.050014618759892299 -0.050014618757153774 -0.050014618761599572
leaf_weight=0.12971812044270326 0.0011702609445649204 0.0011686319486040849 0.0040902116730169554 0.0014607897003079589 0.0023372638970623107 0.0014803386731391758 4.2485606024275091 1.16395718883723 0.023956950171850622 0.006135317231093544 0.0029215801792172062 0.0020451055024750531
leaf_count=445 11 45 41 92 14 34 14561 3987 82 51 20 13
internal_value=-0.219991 -121.873 -0.0858386 -12.0599 -10.0743 -0.0500145 -0.0500146 -0.0500146 -0.0500146 -0.0500146 -0.0500146 -0.0500146
internal_weight=5.589 0.0061565 5.58285 0.016653 0.00498786 0.0038176 5.56619 1.31763 0.153675 0.0151922 0.0090569 0.00613532
internal_count=19396 104 19292 217 59 48 19075 4514 527 125 74 54
is_linear=0
shrinkage=0.05


Tree=16
num_leaves=13
num_cat=0
split_feature=31 16 18 1 3 1 17 18 18 1 5 1
split_gain=38370.9 137361 614.098 3656.65 502.247 2.66454e-15 1.77636e-15 8.88178e-16 8.88178e-16 5.55112e-17 3.46945e-18 1.73472e-18
threshold=0.062114197530864161 0.63013218297740548 0.21980676328502413 0.19478319783197826 0.80901722391084108 0.5972972972972973 0.4708962118878966 0.12060606060606062 0.11651583710407236 0.83602150537634423 0.47413024085637828 0.097167584579071556
decision_type=2 2 2 2 2 2 2 2 2 2 2 2
left_child=2 4 5 10 -2 6 7 8 -1 -7 11 -4
right_child=1 -3 3 -5 -6 9 -8 -9 -10 -11 -12 -13
leaf_value=-0.050013901948691979 -0.050013896398774398 -627.12092296336562 -0.050013901946020928 -71.265081569853166 -35.714304166742942 -0.05001390194869168 -0.050013901948691757 -0.050013901948690653 -0.050013901948685768 -0.050013901948690466 -0.05001390194829225 -0.050013901946213829
leaf_weight=4.2862535594904321 0.0033365069901084856 0.0011163011867076477 0.0022233051295323979 0.002106070162606743 0.0014019625641599333 0.36573362408672494 0.56360774289353788 0.035294962202897184 0.007225740293506421 0.034461222938261926 0.0019453916698086342 0.0083373941289425907
leaf_count=15423 34 59 28 98 27 1317 2048 127 26 124 18 67
internal_value=-0.219405 -128.151 -0.0782744 -10.3143 -10.6019 -0.0500139 -0.0500139 -0.0500139 -0.0500139 -0.0500139 -0.0500139 -0.0500139
internal_weight=5.31304 0.00585477 5.30719 0.0146122 0.00473847 5.29258 4.89238 4.32877 4.29348 0.400195 0.0125061 0.0105607
internal_count=19396 120 19276 211 61 19065 17624 15576 15449 1441 113 95
is_linear=0
shrinkage=0.05


Tree=17
num_leaves=15
num_cat=0
split_feature=31 31 16 18 6 17 17 17 17 17 2 2 1 13
split_gain=32671.3 152538 368.443 335.445 3446.44 8.88178e-16 8.88178e-16 8.88178e-16 1.11022e-16 2.77556e-17 1.73472e-18 1.73472e-18 8.67362e-19 8.67362e-19
threshold=0.06030303030303031 0.073801742919389915 0.67689766198783652 0.21980676328502413 0.041241496598639411 0.51176633444075315 0.5071443151663606 0.44746043430253962 0.50133689839572204 0.59720876138786594 0.57937658155049476 0.45942760942760941 0.6198686371100165 0.29818990155604957
decision_type=2 2 2 2 2 2 2 2 2 2 2 2 2 2
left_child=3 2 12 5 10 6 7 -1 -9 -7 11 -5 -2 -13
right_child=1 -3 -4 4 -6 9 -8 8 -10 -11 -12 13 -14 -15
leaf_value=-0.05001322738216734 -0.050013227381585007 -661.09801208291799 -27.069179184343199 -0.05001322738013772 -94.617089625501833 -0.050013227382167097 -0.050013227382166042 -0.050013227382167236 -0.050013227382165008 -0.050013227382165029 -0.050013227376085823 -0.050013227381313467 -0.050013227382139806 -0.050013227379901964
leaf_weight=4.1378035198431453 0.0021149009407970994 0.0010589246184722571 0.0018505382467992604 0.0039654397047587386 0.0010574504765158742 0.20540974539472678 0.034895864082500228 0.60909144580365104 0.021677733748219907 0.021942096354923168 0.0013218136373673592 0.0031723514815404086 0.0018505382468665546 0.0023792638638674944
leaf_count=15652 24 74 17 48 58 778 132 2305 82 102 25 26 19 54
internal_value=-0.218344 -109.142 -8.64702 -0.0698438 -8.45597 -0.0500132 -0.0500132 -0.0500132 -0.0500132 -0.0500132 -0.0500132 -0.0500132 -0.0500132 -0.0500132
internal_weight=5.04959 0.0068749 0.00581598 5.04272 0.0118963 5.03082 4.80347 4.76857 0.630769 0.227352 0.0108389 0.00951706 0.00396544 0.00555162
internal_count=19396 134 60 19262 211 19051 18171 18039 2387 880 153 128 43 80
is_linear=0
shrinkage=0.05


Tree=18
num_leaves=14
num_cat=0
split_feature=31 16 1 18 13 15 17 31 17 17 31 31 4
split_gain=44677.1 150364 745.608 387.124 3588.61 1.77636e-15 8.88178e-16 1.11022e-16 1.38778e-17 1.38778e-17 6.93889e-18 6.93889e-18 4.33681e-19
threshold=0.059411764705882351 0.63640822242494022 0.6708333333333335 0.21980676328502413 0.38138528138528138 0.29745817245817247 0.49640213283636175 0.033150183150183109 0.58092087124345204 0.52290209790209807 0.054058441558441507 0.043717152412804557 0.81892697466467967
decision_type=2 2 2 2 2 2 2 2 2 2 2 2 2
left_child=3 2 12 5 -5 6 -1 -7 9 -8 11 -9 -2
right_child=1 -3 -4 4 -6 7 8 10 -10 -11 -12 -13 -14
leaf_value=-0.050012574452855077 -0.050012577346254389 -695.95069631389833 -49.757204273181301 -0.050012574451295415 -99.464339088631945 -0.050012574452854897 -0.05001257445285371 -0.050012574452853613 -0.050012574452848436 -0.050012574452853946 -0.050012574452845106 -0.050012574452852177 -0.050012576381004738
leaf_weight=4.0824072549003168 0.0015088359942357413 0.0010058906627851416 0.0010058906627818942 0.0093044897801963147 0.0010058912382777214 0.52733817996341692 0.065634365746527368 0.034451755200279849 0.0075441799708642057 0.044510661828098819 0.0050294533139178662 0.017351613932996071 0.001508836081485575
leaf_count=16234 25 61 38 129 82 2107 262 138 34 177 22 72 15
internal_value=-0.22711 -149.172 -12.4768 -0.0708695 -9.74898 -0.0500126 -0.0500126 -0.0500126 -0.0500126 -0.0500126 -0.0500126 -0.0500126 -0.0500126
internal_weight=4.79961 0.00502945 0.00402356 4.79458 0.0103104 4.78427 4.2001 0.584171 0.117689 0.110145 0.0568328 0.0518034 0.00301767
internal_count=19396 139 78 19257 211 19046 16707 2339 473 439 232 210 40
is_linear=0
shrinkage=0.05


Tree=19
num_leaves=11
num_cat=0
split_feature=31 16 16 18 1 1 1 6 15 15
split_gain=21314.6 142602 728.892 451.057 2892.39 8.88178e-16 3.46945e-18 3.46945e-18 3.46945e-18 1.73472e-18
threshold=0.055363984674329451 0.66976631988499091 0.51955335219387222 0.21980676328502413 0.18544973544973548 0.84807692307692317 0.93095238095238109 0.57979626485568769 0.22994252873563217 0.19456735496558503
decision_type=2 2 2 2 2 2 2 2 2 2
left_child=3 2 -2 5 -5 -1 -7 -4 9 -8
right_child=1 -3 7 4 -6 6 8 -9 -10 -11
leaf_value=-0.050011965842538253 -41.854101337197072 -585.30726316494827 -0.050011965951004669 -0.050011965840823291 -83.658190708571951 -0.050011965842531397 -0.050011965842533528 -0.050011965842503392 -0.050011965842528774 -0.05001196584252781
leaf_weight=4.5163045730442049 0.0011960552365056351 0.0011960552365053454 0.0066979094118095094 0.0076547546070243611 0.0011960552365053445 0.0064586982771287485 0.010525286081247032 0.0014352662838072018 0.005262643040623515 0.0047842209460213789
leaf_count=18898 13 53 69 103 105 27 44 42 22 20
internal_value=-0.236305 -71.307 -5.40951 -0.0719794 -11.3484 -0.050012 -0.050012 -0.050012 -0.050012 -0.050012
internal_weight=4.56271 0.0105253 0.00932923 4.55219 0.00885081 4.54334 0.0270308 0.00813318 0.0205722 0.0153095
internal_count=19396 177 124 19219 208 19011 113 111 86 64
is_linear=0
shrinkage=0.05


Tree=20
num_leaves=13
num_cat=0
split_feature=31 31 18 1 15 17 16 18 1 17 1 18
split_gain=29016.8 168679 548.413 2966.42 1.77636e-15 1.77636e-15 8.88178e-16 8.88178e-16 1.38778e-17 1.38778e-17 8.67362e-19 8.67362e-19
threshold=0.055363984674329451 0.062114197530864161 0.21980676328502413 0.17445652173913043 0.38253449527959332 0.59720876138786594 0.69820470225982934 0.17914438502673799 0.55684754521963831 0.54254322459756421 0.59175084175084181 0.13840996168582378
decision_type=2 2 2 2 2 2 2 2 2 2 2 2
left_child=2 10 4 -4 5 6 7 -1 -6 -8 -2 -7
right_child=1 -3 3 -5 8 11 9 -9 -10 -11 -12 -13
leaf_value=-0.050011383313712111 -0.050011383313680262 -659.25391734495963 -0.050011383311770553 -87.943872261108609 -0.050011383313710939 -0.050011383313685986 -0.050011383313711369 -0.050011383313706304 -0.050011383313706262 -0.050011383313706553 -0.050011383313699823 -0.050011383313700475
leaf_weight=4.133622034249135 0.0025030189572135949 0.0011377359770119088 0.0061437748441218734 0.0011377358896424994 0.080779248164625339 0.0034132076689353799 0.066443775955121853 0.015473208099137881 0.0086467927612829953 0.0091018871171399951 0.0040958492027205968 0.0043233963806414977
leaf_count=18167 30 120 86 122 365 18 292 68 38 40 27 23
internal_value=-0.246007 -96.9918 -0.073111 -13.7834 -0.0500114 -0.0500114 -0.0500114 -0.0500114 -0.0500114 -0.0500114 -0.0500114 -0.0500114
internal_weight=4.33682 0.0077366 4.32909 0.00728151 4.3218 4.23238 4.22464 4.1491 0.089426 0.0755457 0.00659887 0.0077366
internal_count=19396 177 19219 208 19011 18608 18567 18235 403 332 57 41
is_linear=0
shrinkage=0.05


Tree=21
num_leaves=9
num_cat=0
split_feature=31 31 18 1 3 2 5 15
split_gain=31163.5 149878 683.467 3011.53 1.77636e-15 1.38778e-17 1.38778e-17 8.67362e-19
threshold=0.055363984674329451 0.06030303030303031 0.21980676328502413 0.16247642991829034 0.13563218390804596 0.36403162616397916 0.27429467084639497 0.3104754440961337
decision_type=2 2 2 2 2 2 2 2
left_child=2 7 4 -4 5 -1 -7 -2
right_child=1 -3 3 -5 -6 6 -8 -9
leaf_value=-0.050010827282365382 -0.0500108272823424 -646.84494990011126 -0.050010827280099437 -92.449287837686455 -0.050010827282358172 -0.050010827282357354 -0.050010827282351768 -0.050010827282337147
leaf_weight=0.012337758875219929 0.0028138748311900977 0.0010822595504578203 0.0047619430113313701 0.0010822595504578203 4.0309839216352188 0.059957179095363244 0.0077922687632963053 0.0023809710110144332
leaf_count=57 21 134 77 131 18639 279 36 22
internal_value=-0.244035 -111.566 -0.0743009 -17.161 -0.0500108 -0.0500108 -0.0500108 -0.0500108
internal_weight=4.12319 0.00627711 4.11692 0.0058442 4.11107 0.0800872 0.0677494 0.00519485
internal_count=19396 177 19219 208 19011 372 315 43
is_linear=0
shrinkage=0.05


Tree=22
num_leaves=11
num_cat=0
split_feature=31 16 18 13 19 1 1 1 1 2
split_gain=39599.5 150722 882.03 3002.38 8.88178e-16 4.44089e-16 1.11022e-16 1.11022e-16 1.38778e-17 8.67362e-19
threshold=0.055363984674329451 0.63143543845031347 0.21980676328502413 0.31139971139971145 0.17156862745098037 0.40651483050847464 0.7231800766283526 0.4431524547803618 0.68857758620689669 0.47222222222222221
decision_type=2 2 2 2 2 2 2 2 2 2
left_child=2 -2 4 9 5 -1 7 -6 -9 -4
right_child=1 -3 3 -5 6 -7 -8 8 -10 -11
leaf_value=-0.050010297422350893 -0.050010297422336647 -679.99981534371 -0.050010297420916727 -97.185681940604979 -0.050010297422350816 -0.050010297422350893 -0.050010297422338805 -0.050010297422350469 -0.050010297422339901 -0.050010297418390151
leaf_weight=2.070093982736581 0.0039120534784161725 0.0010294877574847858 0.0022648733804151435 0.0010294879142570823 0.55509979883210947 1.1703216827008871 0.0041179510299116364 0.10644903412321582 0.0045297461329028002 0.0012353857792936906
leaf_count=10054 97 80 39 136 2712 5684 20 519 22 33
internal_value=-0.254088 -141.706 -0.0755522 -22.1263 -0.0500103 -0.0500103 -0.0500103 -0.0500103 -0.0500103 -0.0500103
internal_weight=3.92008 0.00494154 3.91514 0.00452975 3.91061 3.24042 0.670197 0.666079 0.110979 0.00350026
internal_count=19396 177 19219 208 19011 15738 3273 3253 541 72
is_linear=0
shrinkage=0.05


Tree=23
num_leaves=10
num_cat=0
split_feature=31 16 18 15 15 15 1 16 1
split_gain=47593.5 119134 242.862 607.827 1.33227e-15 4.44089e-16 1.11022e-16 1.38778e-17 4.33681e-19
threshold=0.054058441558441507 0.60815733918200721 0.2124060150375939 0.29016129032258065 0.26689497716894978 0.26202034211742947 0.78416149068322993 0.64892431754417235 0.15075757575757578
decision_type=2 2 2 2 2 2 2 2 2
left_child=2 -2 4 -4 5 -1 -6 -7 -5
right_child=1 -3 3 8 6 7 -8 -9 -10
leaf_value=-0.050009796244067234 -0.050009796244052156 -595.72051465831976 -42.597903000679395 -0.050009796241552523 -0.050009796244067165 -0.050009796244066235 -0.050009796244055674 -0.050009796244064625 -0.05000979624153843
leaf_weight=2.8483588149538277 0.0029378657927735521 0.0011751463171094656 0.0011751463171094279 0.0017627199234386084 0.78362673579251518 0.063653758843429276 0.004308869829401373 0.01880234107375145 0.0011751466153613332
leaf_count=14544 73 106 31 50 4011 326 22 96 137
internal_value=-0.251245 -170.242 -0.0634403 -12.2065 -0.0500098 -0.0500098 -0.0500098 -0.0500098 -0.0500098
internal_weight=3.72698 0.00411301 3.72286 0.00411301 3.71875 2.93081 0.787936 0.0824561 0.00293787
internal_count=19396 179 19217 218 18999 14966 4033 422 187
is_linear=0
shrinkage=0.05


Tree=24
num_leaves=10
num_cat=0
split_feature=31 16 18 5 10 18 18 18 11
split_gain=43140.4 107988 214.416 679.88 8.88178e-16 2.22045e-16 2.22045e-16 1.73472e-18 4.33681e-19
threshold=0.051956815114709808 0.61883902060759166 0.20416666666666669 0.44033898305084745 0.70714285714285718 0.16954022988505749 0.13188405797101446 0.15192307692307691 0.77346041055718484
decision_type=2 2 2 2 2 2 2 2 2
left_child=2 -2 4 8 -1 6 -6 -8 -4
right_child=1 -3 3 -5 5 -7 7 -9 -10
leaf_value=-0.050009318168593199 -0.050009318168577344 -581.52637899144872 -0.050009318168564292 -44.778960831497791 -0.050009318168593248 -0.050009318168583297 -0.05000931816858472 -0.050009318168582506 -0.050009318162636242
leaf_weight=2.1302384721639234 0.0027946105547015368 0.0011178442218806595 0.0024219958144521816 0.0011178442218806595 1.3874309867242116 0.0055892211094096247 0.0065207579609706245 0.0046576842578360811 0.0011178449311385896
leaf_count=11442 86 100 85 102 7448 33 35 25 40
internal_value=-0.247582 -166.186 -0.0641372 -10.785 -0.0500093 -0.0500093 -0.0500093 -0.0500093 -0.0500093
internal_weight=3.54301 0.00391245 3.53909 0.00465768 3.53444 1.4042 1.39861 0.0111784 0.00353984
internal_count=19396 186 19210 227 18983 7541 7508 60 125
is_linear=0
shrinkage=0.05


Tree=25
num_leaves=11
num_cat=0
split_feature=31 16 31 1 1 11 31 11 15 11
split_gain=47622.2 111254 114.858 261.019 8.88178e-16 4.44089e-16 8.88178e-16 5.55112e-17 1.38778e-17 1.73472e-18
threshold=0.050641025641025607 0.60700908937100817 0.045715778474399109 0.54653679653679665 0.41421362489486974 0.91779279279279291 0.029814814814814804 0.97014260249554374 0.37057844361215148 0.68090909090909102
decision_type=2 2 2 2 2 2 2 2 2 2
left_child=2 -2 4 -4 5 6 -1 -7 -9 -8
right_child=1 -3 3 -5 -6 7 9 8 -10 -11
leaf_value=-0.050008863875341342 -0.050008863875325875 -611.33388883922987 -18.858743632359175 -0.050008863875335478 -0.050008863875343736 -0.050008863875337109 -0.050008863875336811 -0.050008863875343174 -0.050008863875330357 -0.050008863875331502
leaf_weight=2.0112995624529932 0.0024811167386359348 0.0010633357451297343 0.0026583393628242247 0.0060255692224018276 1.0564240627863908 0.1892737627680251 0.0095700217061737147 0.081522407126612961 0.0037216751079540691 0.0040761203563306489
leaf_count=11520 72 120 20 34 5968 1082 63 464 27 26
internal_value=-0.25784 -183.435 -0.0648696 -5.80778 -0.0500089 -0.0500089 -0.0500089 -0.0500089 -0.0500089 -0.0500089
internal_weight=3.36812 0.00354445 3.36457 0.00868391 3.35589 2.29946 2.02495 0.274518 0.0852441 0.0136461
internal_count=19396 192 19204 54 19150 13182 11609 1573 491 89
is_linear=0
shrinkage=0.05


Tree=26
num_leaves=15
num_cat=0
split_feature=31 16 31 16 13 15 15 15 15 15 15 15 1 20
split_gain=24352.9 117960 169.169 369.779 4.44089e-16 4.44089e-16 4.44089e-16 2.22045e-16 2.22045e-16 2.22045e-16 1.38778e-17 1.73472e-18 8.67362e-19 4.33681e-19
threshold=0.049999999999999954 0.61470498542699714 0.045283663704716308 0.6019163741060195 0.58280590717299596 0.47559523809523813 0.36096792668957628 0.44136745607333849 0.38253449527959332 0.33054349348648276 0.44136745607333849 0.42398561890087316 0.71611721611721624 0.87077798861480094
decision_type=2 2 2 2 2 2 2 2 2 2 2 2 2 2
left_child=2 12 4 -4 5 6 -1 8 9 -6 -8 -10 13 -2
right_child=1 -3 3 -5 7 -7 10 -9 11 -11 -12 -13 -14 -15
leaf_value=-0.050008429160180605 -0.050008429160155854 -593.2373848152763 -27.013071175147971 -0.050008429160150185 -0.050008429160181112 -0.050008429159708635 -0.050008429160163681 -0.050008429160167428 -0.050008429160175831 -0.05000842916017964 -0.05000842915999465 -0.050008429160169732 -0.050008429160144065 -0.050008429160130596
leaf_weight=2.0238124405855262 0.0023601311258973395 0.0010114847751056255 0.0018543887417764946 0.0040459390821185508 1.0327259483747178 0.0047202625084951091 0.065746510064057337 0.0040459390729666858 0.010452009271835982 0.036582032451406232 0.0060689087378001513 0.0043831006623804578 0.0013486463576555252 0.0011800655640925813
leaf_count=12069 36 126 13 32 6128 72 448 33 64 221 66 27 37 24
internal_value=-0.253112 -101.739 -0.0656606 -8.52411 -0.0500084 -0.0500084 -0.0500084 -0.0500084 -0.0500084 -0.0500084 -0.0500084 -0.0500084 -0.0500084 -0.0500084
internal_weight=3.20034 0.00590033 3.19444 0.00590033 3.18854 2.10035 2.09563 1.08819 1.08414 1.06931 0.0718154 0.0148351 0.00488884 0.0035402
internal_count=19396 223 19173 45 19128 12655 12583 6473 6440 6349 514 91 97 60
is_linear=0
shrinkage=0.05


Tree=27
num_leaves=11
num_cat=0
split_feature=31 16 31 28 2 15 15 17 2 13
split_gain=30909.5 97317.8 259.502 363.764 4.44089e-16 4.44089e-16 4.44089e-16 8.88178e-16 1.11022e-16 6.93889e-18
threshold=0.049999999999999954 0.60014397696368593 0.045283663704716308 12.500000000000002 0.84095413165266131 0.47559523809523813 0.38253449527959332 0.45729483282674771 0.92831216931216953 0.9194594594594595
decision_type=2 2 2 2 2 2 2 2 2 2
left_child=2 -2 4 -4 5 6 7 -1 -6 -10
right_child=1 -3 3 -5 8 -7 -8 -9 9 -11
leaf_value=-0.050008017331592491 -0.050008017331583714 -534.56063799905428 -0.050008017331558186 -31.229794681324297 -0.050008017331592353 -0.050008017331141644 -0.050008017331569114 -0.050008017331586496 -0.050008017331587967 -0.05000801733158991
leaf_weight=2.1021631907788119 0.0035279266314288673 0.0011225221096538007 0.0022450442236621815 0.0016036030181601404 0.51235116290627036 0.0044900886827944344 0.044740524206868026 0.33884131705858322 0.011064860795158893 0.019403596466872841
leaf_count=13116 77 146 24 21 3198 74 360 2190 69 121
internal_value=-0.263715 -129.07 -0.0664722 -13.0416 -0.050008 -0.050008 -0.050008 -0.050008 -0.050008 -0.050008
internal_weight=3.04155 0.00465045 3.0369 0.00384865 3.03305 2.49024 2.48575 2.441 0.54282 0.0304685
internal_count=19396 223 19173 45 19128 15740 15666 15306 3388 190
is_linear=0
shrinkage=0.05


Tree=28
num_leaves=15
num_cat=0
split_feature=31 16 19 1 4 4 4 1 2 17 4 7 15 15
split_gain=2.12201e+07 4.55206e+07 0.729852 1.33227e-15 4.44089e-16 4.44089e-16 4.44089e-16 1.11022e-16 1.11022e-16 1.38778e-17 6.93889e-18 1.73472e-18 1.73472e-18 1.73472e-18
threshold=0.049999999999999954 0.57698603479853494 0.57738095238095244 0.4588963963963964 0.98275862068965536 0.77032967032967037 0.767948717948718 0.89642857142857157 0.88862474814487202 0.40687820260149787 0.83935483870967753 0.41428571428571431 0.24117158288325716 0.18379075768238326
decision_type=2 2 2 2 2 2 2 2 2 2 2 2 2 2
left_child=2 -2 3 4 5 6 -1 8 -5 -10 -7 -6 13 -9
right_child=1 -3 -4 7 11 10 -8 12 9 -11 -12 -13 -14 -15
leaf_value=-0.050007626990099599 -0.050007626989815784 12502.476505921235 -0.1430526648323914 -0.050007626990100452 -0.050007626990026637 -0.050007626990081988 -0.050007626990019788 -0.050007626990092251 -0.050007626990100133 -0.050007626990098801 -0.050007626990098454 -0.050007626990090384 -0.050007626990085034 -0.050007626990090086
leaf_weight=2.1544833912048054 0.0022881089545426772 0.0010677841783035547 0.22735625505447377 0.51573975812268835 0.0089998952171299086 0.035694499674718716 0.0082371922326273106 0.0059490832791198045 0.095032791869016309 0.026847145054489985 0.022728548938175663 0.0056440020863539027 0.0032033525349106648 0.004728758503915742
leaf_count=14310 54 169 29 3403 60 234 54 39 623 182 149 38 21 31
internal_value=4.2248 3978.03 -0.0567995 -0.0500076 -0.0500076 -0.0500076 -0.0500076 -0.0500076 -0.0500076 -0.0500076 -0.0500076 -0.0500076 -0.0500076 -0.0500076
internal_weight=3.118 0.00335589 3.11464 2.88729 2.23579 2.22114 2.16272 0.651501 0.63762 0.12188 0.058423 0.0146439 0.0138812 0.0106778
internal_count=19396 223 19173 19144 14845 14747 14364 4299 4208 805 383 98 91 70
is_linear=0
shrinkage=0.05


Tree=29
num_leaves=6
num_cat=0
split_feature=31 16 19 4 1
split_gain=8.08091e+06 1.61784e+07 0.565841 1.33227e-15 2.22045e-16
threshold=0.046886446886446859 0.57570165759020264 0.57738095238095244 0.62910052910052927 0.71611721611721624
decision_type=2 2 2 2 2
left_child=2 -2 3 -1 -5
right_child=1 -3 -4 4 -6
leaf_value=-0.050007255792196149 -0.050007255792421393 -7728.5953594644689 -0.13064953052236888 -0.050007255792197995 -0.050007255792197329
leaf_weight=2.0021195021396605 0.0020314301373969279 0.0010157150721447064 0.23624147474765766 0.68081930000335122 0.062684129923582299
leaf_count=13979 51 193 29 4709 435
internal_value=-2.68628 -2576.23 -0.0563962 -0.0500073 -0.0500073
internal_weight=2.98491 0.00304715 2.98186 2.74562 0.743503
internal_count=19396 244 19152 19123 5144
is_linear=0
shrinkage=0.05


Tree=30
num_leaves=18
num_cat=0
split_feature=17 31 7 19 16 31 17 31 31 31 18 17 17 1 11 1 3
split_gain=72859.1 698739 27005.8 833897 1.40156e+06 12699.6 4234.38 44341 48702.4 400.717 8.88178e-16 2.77556e-17 1.38778e-17 6.93889e-18 6.93889e-18 3.46945e-18 3.46945e-18
threshold=0.5885620915032681 0.039999999999999959 0.43650793650793651 0.19375000000000003 0.56844622331691308 0.037268518518518506 0.5505301040754792 0.037797619047619059 0.040833333333333312 0.045715778474399109 0.13188405797101446 0.41692229038854806 0.36804907975460127 0.12632978723404253 0.86754385964912295 0.38956639566395662 0.32071428571428567
decision_type=2 2 2 2 2 2 2 2 2 2 2 2 2 2 2 2 2
left_child=2 15 6 5 -5 11 9 13 -9 10 -1 12 -4 -8 -12 -2 -15
right_child=1 -3 3 4 -6 -7 7 8 -10 -11 14 -13 -14 16 -16 -17 -18
leaf_value=-0.050006905566951837 -0.050006905566758325 -1247.7985541706605 -0.050006905566950491 -0.050006905566949603 -2264.1098708932932 -108.72488037706977 -0.050006905566951788 -0.050006905566911564 -442.79949141898754 -2.1781068305186446 -0.050006905566947896 -0.050006905566946827 -0.050006905566950012 -0.050006905566770524 -0.050006905566641037 -0.050006905566936023 -0.050006905566949048
leaf_weight=2.4248475437052561 0.0084196097369212408 0.0012422374711604798 0.062525952715077285 0.0017943430148353351 0.0011042110854765316 0.0027605277136904935 0.0027605277136900771 0.001242237471160478 0.0012422374711604789 0.24301863285654679 0.03464462280709793 0.010628031697706319 0.029537646536482498 0.0042788180613004675 0.0048309237091194992 0.0031746068707434469 0.01821948291035369
leaf_count=17568 162 87 453 46 85 34 27 9 36 24 301 77 214 45 49 27 152
internal_value=-1.94659 -120.8 -1.41004 -25.892 -862.549 -2.8949 -0.440184 -19.8746 -221.425 -0.241031 -0.0500069 -0.0500069 -0.0500069 -0.0500069 -0.0500069 -0.0500069 -0.0500069
internal_weight=2.85627 0.0128365 2.84344 0.108351 0.00289855 0.105452 2.73509 0.0277433 0.00248447 2.70734 2.46432 0.102692 0.0920636 0.0252588 0.0394755 0.0115942 0.0224983
internal_count=19396 276 19120 909 131 778 18211 269 45 17942 17918 744 667 224 350 189 197
is_linear=0
shrinkage=0.05


Tree=31
num_leaves=17
num_cat=0
split_feature=17 31 31 1 31 4 4 1 13 16 1 1 1 15 15 1
split_gain=64577.8 489136 28519.7 8.88178e-16 8.88178e-16 4.44089e-16 4.44089e-16 5.55112e-17 3.46945e-18 3.46945e-18 1.73472e-18 1.73472e-18 1.73472e-18 1.73472e-18 1.73472e-18 8.67362e-19
threshold=0.5885620915032681 0.033150183150183109 0.045715778474399109 0.53752345215759856 0.034632683658170856 0.87652439024390261 0.84680573663624525 0.84495192307692324 0.9194594594594595 0.67509949038612516 0.41763565891472865 0.38266583229036294 0.43534002229654412 0.228416149068323 0.20442326490713589 0.32466216216216215
decision_type=2 2 2 2 2 2 2 2 2 2 2 2 2 2 2 2
left_child=2 10 3 4 5 6 -1 -5 -7 12 11 15 -6 14 -9 -2
right_child=1 -3 -4 7 9 8 -8 13 -10 -11 -12 -13 -14 -15 -16 -17
leaf_value=-0.050006566867277308 -0.050006566867084247 -1028.2639682202334 -24.968477861872444 -0.050006566867278224 -0.050006566867262084 -0.050006566867273387 -0.050006566867275053 -0.050006566867272222 -0.050006566867271666 -0.050006566867260294 -0.050006566867240337 -0.050006566867230776 -0.050006566867268433 -0.050006566867266913 -0.050006566867259399 -0.050006566867230852
leaf_weight=2.1227877481815138 0.0063021904459716347 0.0013129563012626031 0.12043088744340646 0.27782155334716696 0.0040701645339144572 0.013129563012625911 0.019563048888812662 0.0080090334377018735 0.0073525552870705715 0.0027572082326558492 0.0013129563012626031 0.0010503650410144663 0.0049892339447978884 0.0043327557941665882 0.0026259126025252053 0.0010503650410100818
leaf_count=16266 143 99 172 2148 41 100 149 62 56 26 14 11 46 34 20 9
internal_value=-1.72416 -122.456 -1.20963 -0.0500066 -0.0500066 -0.0500066 -0.0500066 -0.0500066 -0.0500066 -0.0500066 -0.0500066 -0.0500066 -0.0500066 -0.0500066 -0.0500066 -0.0500066
internal_weight=2.5989 0.0110288 2.58787 2.46744 2.17465 2.16283 2.14235 0.292789 0.0204821 0.0118166 0.00971588 0.00840292 0.0090594 0.0149677 0.0106349 0.00735256
internal_count=19396 276 19120 18948 16684 16571 16415 2264 156 113 177 163 87 116 82 152
is_linear=0
shrinkage=0.05


Tree=32
num_leaves=8
num_cat=0
split_feature=31 1 3 3 3 16 2
split_gain=571098 8.88178e-16 4.44089e-16 4.44089e-16 4.44089e-16 8.88178e-16 5.55112e-17
threshold=0.049999999999999954 0.54653679653679665 0.7435215946843855 0.72834224598930497 0.710394265232975 0.68909546982288705 0.63499573742540505
decision_type=2 2 2 2 2 2 2
left_child=1 2 3 4 5 -1 -3
right_child=-2 6 -4 -5 -6 -7 -8
leaf_value=-0.050006245204678473 -341.76153531085157 -0.050006245204640913 -0.050006245204669397 -0.05000624520466123 -0.05000624520466123 -0.050006245204654715 -0.050006245204678813
leaf_weight=2.0176472126076068 0.01229109149428298 0.001748502691043651 0.004621042826329246 0.0024978609872049464 0.0024978609872049464 0.076059867345638188 0.25128481531282909
leaf_count=16318 223 15 38 21 20 703 2058
internal_value=-1.82317 -0.0500062 -0.0500062 -0.0500062 -0.0500062 -0.0500062 -0.0500062
internal_weight=2.36865 2.35636 2.10332 2.0987 2.0962 2.09371 0.253033
internal_count=19396 19173 17100 17062 17041 17021 2073
is_linear=0
shrinkage=0.05


Tree=33
num_leaves=13
num_cat=0
split_feature=31 1 4 4 4 4 1 13 13 15 15 18
split_gain=22762.6 8.88178e-16 4.44089e-16 4.44089e-16 4.44089e-16 4.44089e-16 2.77556e-17 3.46945e-18 1.73472e-18 1.73472e-18 1.73472e-18 1.73472e-18
threshold=0.049999999999999954 0.60232558139534886 0.98275862068965536 0.88675213675213682 0.86038961038961048 0.85053191489361712 0.84807692307692317 0.98717948717948734 0.88185443668993035 0.25281040798282178 0.21595454545454543 0.037749287749287708
decision_type=2 2 2 2 2 2 2 2 2 2 2 2
left_child=1 2 3 4 5 -1 -3 8 -4 10 -8 -6
right_child=-2 6 7 -5 11 -7 9 -9 -10 -11 -12 -13
leaf_value=-0.050005940674948707 -17.229138203503194 -0.050005940674949595 -0.050005940674943419 -0.050005940674927668 -0.050005940674941962 -0.050005940674942406 -0.050005940674944085 -0.050005940674945029 -0.050005940674932539 -0.050005940674929028 -0.050005940674929028 -0.050005940674932539
leaf_weight=2.0504148255821701 0.21097269853231804 0.13258375020814162 0.0099794220586771898 0.0029700660888919419 0.0081973824053419575 0.0086725929795646861 0.0083161850488977507 0.0098606194151216187 0.0028512634453363725 0.0023760528711136439 0.0023760528711136439 0.0028512634453363725
leaf_count=17511 223 1154 91 26 69 74 71 87 25 21 20 24
internal_value=-1.52786 -0.0500059 -0.0500059 -0.0500059 -0.0500059 -0.0500059 -0.0500059 -0.0500059 -0.0500059 -0.0500059 -0.0500059 -0.0500059
internal_weight=2.45242 2.24145 2.0958 2.07311 2.07014 2.05909 0.145652 0.0226913 0.0128307 0.0130683 0.0106922 0.0110486
internal_count=19396 19173 17907 17704 17678 17585 1266 203 116 112 91 93
is_linear=0
shrinkage=0.05


Tree=34
num_leaves=10
num_cat=0
split_feature=31 17 15 31 15 15 15 15 28
split_gain=2.18185e+06 1.46118e+06 8.88178e-16 8.88178e-16 4.44089e-16 4.44089e-16 4.44089e-16 1.73472e-18 8.67362e-19
threshold=0.044281045751633955 0.45394421964060394 0.47559523809523813 0.037268518518518506 0.44849690539345716 0.37952859013531215 0.37372907466365418 0.35329985652797707 22.500000000000004
decision_type=2 2 2 2 2 2 2 2 2
left_child=2 -2 3 4 5 6 -1 -5 -4
right_child=1 -3 8 7 -6 -7 -8 -9 -10
leaf_value=-0.050005652894143104 -442.47342914827396 -2949.4420205668721 -0.050005652893871544 -0.050005652894126534 -0.050005652893990477 -0.050005652894141495 -0.050005652894133217 -0.050005652894103129 -0.050005652893826982
leaf_weight=2.0753010584425704 0.0013561668807185398 0.0010171587855485936 0.0020341657933313556 0.0039553222086398119 0.0036162946767873674 0.03537188146583492 0.0065545339457456766 0.0012431012655762502 0.0016951381754478842
leaf_count=18445 80 217 45 57 61 368 61 26 36
internal_value=-1.73845 -1516.91 -0.0500057 -0.0500057 -0.0500057 -0.0500057 -0.0500057 -0.0500057 -0.0500057
internal_weight=2.13214 0.00237333 2.12977 2.12604 2.12084 2.11723 2.08186 0.00519842 0.0037293
internal_count=19396 297 19099 19018 18935 18874 18506 83 81
is_linear=0
shrinkage=0.05


Tree=35
num_leaves=8
num_cat=0
split_feature=17 1 31 17 1 2 2
split_gain=3.09677e+07 5.2714e+07 49045.2 63165.5 8.88178e-16 3.46945e-18 3.46945e-18
threshold=0.61242875528589824 0.31909090909090909 0.039999999999999959 0.48295234405269277 0.035098522167487656 0.43914193696802389 0.36992320544952129
decision_type=2 2 2 2 2 2 2
left_child=2 -2 4 -4 5 6 -1
right_child=1 -3 3 -5 -6 -7 -8
leaf_value=-0.050005374142675224 -0.050005374143168628 13953.663612494667 -431.95066497500159 -0.050005374142860021 -0.050005374142885917 -0.050005374142866613 -0.050005374142880532
leaf_weight=0.008814857705148671 0.0018274705816819772 0.001074982646969147 0.0015049757057566573 0.001934968764548054 2.0003277098077517 0.0024724600880290373 0.007954871587571688
leaf_count=82 104 64 145 166 18735 24 76
internal_value=7.03322 5167.99 -0.371309 -189.007 -0.0500054 -0.0500054 -0.0500054
internal_weight=2.02591 0.00290245 2.02301 0.00343994 2.01957 0.0192422 0.0167697
internal_count=19396 168 19228 311 18917 182 158
is_linear=0
shrinkage=0.05


Tree=36
num_leaves=10
num_cat=0
split_feature=17 1 31 4 15 15 11 11 11
split_gain=824466 1.81799e+06 37678.3 41492.5 4.44089e-16 1.11022e-16 1.11022e-16 5.55112e-17 6.93889e-18
threshold=0.6049571603427174 0.29217479674796748 0.039607843137254857 0.70710784313725494 0.27801932367149756 0.47559523809523813 0.9104278074866311 0.90550595238095244 0.96824596774193561
decision_type=2 2 2 2 2 2 2 2 2
left_child=2 -2 4 -4 -1 6 7 -6 -8
right_child=1 -3 3 -5 5 -7 8 -9 -10
leaf_value=-0.050005115995048248 -0.050005115994689243 -2542.6872986197809 -0.050005115995008731 -440.1218443762657 -0.050005115995047922 -0.05000511599487182 -0.050005115995033815 -0.050005115994890714 -0.050005115995045035
leaf_weight=1.6024542747036319 0.0022496328557998204 0.0010225603182334453 0.0011248163500602306 0.0010225603182334453 0.26443409829538272 0.0025564008734267332 0.031290345815786547 0.0028631689688967668 0.015645172868971713
leaf_count=15695 113 90 80 225 2658 37 314 29 155
internal_value=-1.6347 -794.624 -0.28421 -209.608 -0.0500051 -0.0500051 -0.0500051 -0.0500051 -0.0500051
internal_weight=1.92466 0.00327219 1.92139 0.00214738 1.91924 0.316789 0.314233 0.267297 0.0469355
internal_count=19396 203 19193 305 18888 3193 3156 2687 469
is_linear=0
shrinkage=0.05


Tree=37
num_leaves=8
num_cat=0
split_feature=17 2 31 15 1 1 1
split_gain=1.16651e+06 1.16826e+06 25160.9 4.44089e-16 2.22045e-16 2.22045e-16 5.55112e-17
threshold=0.6049571603427174 0.52814990314990329 0.037797619047619059 0.27917452336056997 0.93095238095238109 0.82480818414322254 0.76095238095238105
decision_type=2 2 2 2 2 2 2
left_child=2 -2 3 4 5 -1 -5
right_child=1 -3 -4 6 -6 -7 -8
leaf_value=-0.0500048658772001 -0.050004865876422978 -2336.5780955683504 -179.9626678497456 -0.050004865877196415 -0.050004865877192994 -0.050004865877187249 -0.050004865877175765
leaf_weight=1.5177919967973132 0.0010699637449119717 0.0010699635968194343 0.0019453883578567357 0.29297548691508191 0.0076842840135215021 0.0042798543872778474 0.0020426577757461919
leaf_count=15626 62 141 317 3106 79 44 21
internal_value=-1.60835 -1168.31 -0.241605 -0.0500049 -0.0500049 -0.0500049 -0.0500049
internal_weight=1.82886 0.00213993 1.82672 1.82477 1.52976 1.52207 0.295018
internal_count=19396 203 19193 18876 15749 15670 3127
is_linear=0
shrinkage=0.05


Tree=38
num_leaves=8
num_cat=0
split_feature=17 13 31 3 1 15 16
split_gain=956022 1.306e+06 9600.5 38515 4.44089e-16 4.44089e-16 1.11022e-16
threshold=0.59720876138786594 0.3066239316239317 0.036700336700336657 0.68457101658255248 0.93095238095238109 0.28519290928050056 0.51810473477140151
decision_type=2 2 2 2 2 2 2
left_child=2 -2 4 -4 5 -1 -7
right_child=1 -3 3 -5 -6 6 -8
leaf_value=-0.050004627783482219 -0.050004627782972294 -2358.1105974903185 -0.050004627783468383 -343.93384108690316 -0.050004627783474878 -0.050004627783429512 -0.05000462778347791
leaf_weight=1.4694972838478886 0.0013878895287150464 0.0010177855510846712 0.0040711422043387948 0.0010177855510846712 0.0077721805719194173 0.0014804153470323591 0.25056029769669941
leaf_count=15903 50 190 207 154 84 16 2792
internal_value=-1.63337 -997.691 -0.251804 -68.8268 -0.0500046 -0.0500046 -0.0500046
internal_weight=1.7368 0.00240568 1.7344 0.00508893 1.72931 1.72154 0.252041
internal_count=19396 240 19156 361 18795 18711 2808
is_linear=0
shrinkage=0.05


Tree=39
num_leaves=12
num_cat=0
split_feature=17 13 31 3 1 16 16 16 18 16 19
split_gain=655017 1.09417e+06 12623.2 33741.2 2.22045e-16 2.22045e-16 2.22045e-16 2.22045e-16 5.55112e-17 2.77556e-17 6.93889e-18
threshold=0.5885620915032681 0.34428879310344834 0.036700336700336657 0.6049571603427174 0.86038961038961059 0.6556424737804335 0.64969723923528278 0.64418754528445954 0.19139194139194138 0.7082147673757152 0.13809523809523808
decision_type=2 2 2 2 2 2 2 2 2 2 2
left_child=2 -2 4 -4 5 6 7 -1 9 -7 -8
right_child=1 -3 3 -5 -6 8 10 -9 -10 -11 -12
leaf_value=-0.050004402090683221 -0.0500044020901146 -2035.7155499790242 -0.050004402090663362 -331.43698970293519 -0.050004402090676831 -0.050004402090682833 -0.05000440209068148 -0.050004402090675339 -0.050004402090391656 -0.050004402090680578 -0.050004402090679689
leaf_weight=1.3418584432656662 0.001760276197579568 0.001056165638146922 0.0028164417017252355 0.0010561670055133643 0.0088893941210700378 0.1836848072343856 0.027812361804535612 0.043918887853275357 0.002200345213471149 0.020067147124791518 0.015050360343771829
leaf_count=15289 72 204 127 219 101 2087 316 506 70 228 177
internal_value=-1.565 -763.425 -0.262466 -90.4284 -0.0500044 -0.0500044 -0.0500044 -0.0500044 -0.0500044 -0.0500044 -0.0500044
internal_weight=1.65017 0.00281644 1.64735 0.00387261 1.64348 1.63459 1.42864 1.38578 0.205952 0.203752 0.0428627
internal_count=19396 276 19120 346 18774 18673 16288 15795 2385 2315 493
is_linear=0
shrinkage=0.05


Tree=40
num_leaves=10
num_cat=0
split_feature=17 31 1 17 1 1 17 1 17
split_gain=773120 372.622 622.101 4.44089e-16 2.22045e-16 2.22045e-16 2.22045e-16 6.93889e-18 1.73472e-18
threshold=0.5885620915032681 0.036700336700336657 0.51787994891443179 0.51176633444075315 0.93095238095238109 0.83602150537634423 0.43865308432371258 0.49444444444444452 0.32666399893290649
decision_type=2 2 2 2 2 2 2 2 2
left_child=1 3 -3 4 5 6 -1 -5 -6
right_child=-2 2 -4 7 8 -7 -8 -9 -10
leaf_value=-0.05000418454804189 -1075.0403963101317 -0.050004184548008285 -49.818081682617873 -0.050004184548024723 -0.050004184548014911 -0.050004184548022496 -0.050004184548041224 -0.050004184548032786 -0.050004184548031322
leaf_weight=1.2442714911448993 0.0016744335699966353 0.0016744334425312637 0.0010046600655186921 0.05123766353281678 0.0020930418031640521 0.0029302585244296289 0.25208595477306794 0.0057767953767324789 0.004939578655466903
leaf_count=14868 276 112 234 688 25 35 3030 69 59
internal_value=-1.23009 -0.0819324 -18.713 -0.0500042 -0.0500042 -0.0500042 -0.0500042 -0.0500042 -0.0500042
internal_weight=1.56769 1.56601 0.00267909 1.56333 1.50632 1.49929 1.49636 0.0570145 0.00703262
internal_count=19396 19120 346 18774 18017 17933 17898 757 84
is_linear=0
shrinkage=0.05


Tree=41
num_leaves=9
num_cat=0
split_feature=17 31 1 15 16 16 16 1
split_gain=650378 305.588 659.638 6.66134e-16 5.55112e-17 1.38778e-17 6.93889e-18 4.33681e-19
threshold=0.58092087124345204 0.036199836199836154 0.53033088235294124 0.24257134451309206 0.65646771437601614 0.67974479224479245 0.73652738134511964 0.4431524547803618
decision_type=2 2 2 2 2 2 2 2
left_child=1 3 7 -1 -5 -6 -7 -3
right_child=-2 2 -4 4 5 6 -8 -9
leaf_value=-0.050003983380168572 -986.64692699121724 -0.050003983380122033 -48.344958256476438 -0.050003983380167649 -0.050003983380163854 -0.050003983380162334 -0.050003983380162959 -0.050003983380120201
leaf_weight=1.0032103918347268 0.0016724155138946309 0.0011945825099247678 0.0010353048419347033 0.36163994523197818 0.062675762414669864 0.047225828619644319 0.0089991882414324209 0.0010353048419347033
leaf_count=12609 317 62 231 4582 803 602 124 66
internal_value=-1.19195 -0.0836284 -15.363 -0.050004 -0.050004 -0.050004 -0.050004 -0.050004
internal_weight=1.48869 1.48702 0.00326519 1.48375 0.480541 0.118901 0.056225 0.00222989
internal_count=19396 19079 359 18720 6111 1529 726 128
is_linear=0
shrinkage=0.05


Tree=42
num_leaves=9
num_cat=0
split_feature=17 31 2 11 1 1 11 1
split_gain=494337 470.736 471.444 4.44089e-16 2.22045e-16 2.22045e-16 2.22045e-16 6.93889e-18
threshold=0.57226399331662503 0.036199836199836154 0.82980224390407475 0.89564428312159727 0.78416149068322993 0.59175084175084181 0.73431372549019625 0.73798627002288342
decision_type=2 2 2 2 2 2 2 2
left_child=1 3 -3 4 5 6 -1 -7
right_child=-2 2 -4 -5 -6 7 -8 -9
leaf_value=-0.050003789006598735 -825.07709753880306 -0.050003789006546007 -47.194409146122105 -0.050003789006596411 -0.050003789006576142 -0.050003789006597188 -0.05000378900659759 -0.050003789006586974
leaf_weight=0.74164231045885309 0.001818122109398356 0.0010605712304824202 0.0010605712304823101 0.25393105472795374 0.0024999179004226981 0.047952970635378844 0.35915487175171379 0.0043937950977124265
leaf_count=9837 356 77 272 3368 33 633 4762 58
internal_value=-1.14656 -0.0854222 -23.6222 -0.0500038 -0.0500038 -0.0500038 -0.0500038 -0.0500038
internal_weight=1.41351 1.4117 0.00212114 1.40957 1.15564 1.15314 1.1008 0.0523468
internal_count=19396 19040 349 18691 15323 15290 14599 691
is_linear=0
shrinkage=0.05


Tree=43
num_leaves=13
num_cat=0
split_feature=17 31 1 16 1 1 15 3 3 11 1 15
split_gain=424844 446.905 543.576 4.44089e-16 2.22045e-16 2.22045e-16 2.22045e-16 2.77556e-17 3.46945e-18 3.46945e-18 8.67362e-19 8.67362e-19
threshold=0.569035604149145 0.035504201680672261 0.4624765478424015 0.6473050713967744 0.93725490196078431 0.77951388888888895 0.38790740176667687 0.24828767123287673 0.059714795008912601 0.34428879310344834 0.830952380952381 0.21004201680672269
decision_type=2 2 2 2 2 2 2 2 2 2 2 2
left_child=1 3 -3 4 5 6 -1 8 -5 -10 -7 -6
right_child=-2 2 -4 7 11 10 -8 -9 9 -11 -12 -13
leaf_value=-0.050003604622034264 -818.10210983850686 -0.050003604621988863 -49.611376157520958 -0.050003604622023773 -0.050003604622018451 -0.050003604622023329 -0.050003604622025626 -0.050003604622031878 -0.050003604622024023 -0.050003604622030073 -0.050003604622014357 -0.050003604622011789
leaf_weight=1.1024570729132408 0.001589140360533591 0.0012250323707122526 0.0010088501876452938 0.0053324938489822662 0.0035309756567586384 0.0051163116659155286 0.0064854654920055701 0.19319481104378056 0.0049721902106834017 0.012178262979432475 0.0025221254691132344 0.0022338825583574362
leaf_count=15328 396 77 282 74 49 71 100 2709 71 173 35 31
internal_value=-1.05608 -0.0873099 -22.4326 -0.0500036 -0.0500036 -0.0500036 -0.0500036 -0.0500036 -0.0500036 -0.0500036 -0.0500036 -0.0500036
internal_weight=1.34185 1.34026 0.00223388 1.33802 1.12235 1.11658 1.10894 0.215678 0.0224829 0.0171505 0.00763844 0.00576486
internal_count=19396 19000 359 18641 15614 15534 15428 3027 318 244 106 80
is_linear=0
shrinkage=0.05


Tree=44
num_leaves=9
num_cat=0
split_feature=31 15 31 17 16 17 7 1
split_gain=5.17256e+07 5922.15 1411.84 33110.1 560.329 0.00143855 2.22045e-16 6.93889e-18
threshold=0.034632683658170856 0.4673758865248227 0.020761494252873502 0.54587542087542096 0.83124446253507867 0.61242875528589824 0.77500000000000013 0.71611721611721624
decision_type=2 2 2 2 2 2 2 2
left_child=1 2 4 7 5 6 -1 -4
right_child=-2 -3 3 -5 -6 -7 -8 -9
leaf_value=-0.050003428524604134 9482.5611940768886 -99.517953057451791 -0.050003428524601795 -216.1778939803101 -28.105066144379016 -0.056269251201496055 -0.050003428524594377 -0.050003428524575913
leaf_weight=1.2191684083253627 0.001439476924202209 0.0015080234443304299 0.039825528234359697 0.0018507560453144825 0.0017822095251177608 0.099001877009868733 0.0065119194186992182 0.0018507560453144825
leaf_count=17946 487 92 584 71 40 54 95 27
internal_value=9.4547 -0.487933 -0.378925 -9.23969 -0.0881653 -0.0504717 -0.0500034 -0.0500034
internal_weight=1.37294 1.3715 1.36999 0.043527 1.32646 1.32468 1.22568 0.0416763
internal_count=19396 18909 18817 682 18135 18095 18041 611
is_linear=0
shrinkage=0.05


Tree=45
num_leaves=12
num_cat=0
split_feature=31 8 17 15 31 17 16 1 17 15 1
split_gain=4.15124e+07 2.16715e+07 3.67293e+06 5260.24 1755.75 44922.3 340.001 617.722 0.00122917 4.44089e-16 6.93889e-18
threshold=0.033150183150183109 0.58571428571428574 0.48295234405269277 0.44136745607333849 0.020761494252873502 0.53236279849183077 0.82119047619047636 0.19292803970223327 0.61242875528589824 0.39182223460573984 0.74322344322344336
decision_type=2 2 2 2 2 2 2 2 2 2 2
left_child=3 2 -2 4 6 10 8 -8 9 -1 -6
right_child=1 -3 -4 -5 5 -7 7 -9 -10 -11 -12
leaf_value=-0.050003258373627735 -1118.3406110552053 -10820.842930047849 -4762.4545164614383 -88.530139259878169 -0.050003258373628304 -292.17489672363666 -0.050003258373579086 -47.976743592503404 -0.055926227545286269 -0.050003258373620213 -0.050003258373591354
leaf_weight=1.1546920282683377 0.0015648884000256376 0.0011736663002345489 0.0012388699833536521 0.0016952957666945814 0.032536637983866856 0.0013692773500224567 0.0018909068166985924 0.0010432589333505293 0.094736479222774617 0.0070419978001156061 0.0013040736666880539
leaf_count=17810 59 310 189 151 501 81 62 25 43 145 20
internal_value=-16.1623 -5116.43 -2728.53 -0.513288 -0.39803 -11.4104 -0.0901501 -17.0906 -0.0504498 -0.0500033 -0.0500033
internal_weight=1.30029 0.00397742 0.00280376 1.29631 1.29461 0.03521 1.2594 0.00293417 1.25647 1.16173 0.0338407
internal_count=19396 558 248 18838 18687 602 18085 87 17998 17955 521
is_linear=0
shrinkage=0.05


Tree=46
num_leaves=11
num_cat=0
split_feature=16 31 15 16 31 17 31 20 17 1
split_gain=1.93609e+07 6.00258e+06 5315.58 8957.13 1976.02 32127.1 84.0103 863.545 0.00105076 3.46945e-18
threshold=0.82119047619047636 0.031152950310559004 0.41213235294117651 0.6556424737804335 0.023213002873563201 0.51988700564971768 0.020761494252873502 0.53777548755351201 0.61242875528589824 0.66260162601626027
decision_type=2 2 2 2 2 2 2 2 2 2
left_child=1 2 4 -4 6 9 8 -8 -1 -6
right_child=-2 -3 3 -5 5 -7 7 -9 -10 -11
leaf_value=-0.050003102823827139 4937.5667561293812 -2891.0402519985078 -0.050003102823797933 -179.19256126092824 -0.050003102823824822 -284.57053664803374 -47.470092027030361 -0.050003102823823115 -0.055603891340344082 -0.050003102823798995
leaf_weight=1.1026600009572218 0.0019847631920139044 0.0017986916427626945 0.0018607154925122096 0.0011164292955072597 0.015071795489347894 0.0010544054457568555 0.0010544054457567462 0.010730126006819773 0.090625293552875408 0.0017366677930112919
leaf_count=17891 142 584 74 132 243 61 18 188 35 28
internal_value=3.24309 -4.73394 -0.499064 -67.2285 -0.336615 -16.8446 -0.0919157 -4.29285 -0.0504285 -0.0500031
internal_weight=1.22969 1.22771 1.22591 0.00297714 1.22293 0.0178629 1.20507 0.0117845 1.19329 0.0168085
internal_count=19396 19254 18670 206 18464 332 18132 206 17926 271
is_linear=0
shrinkage=0.05


Tree=47
num_leaves=11
num_cat=0
split_feature=16 15 31 15 31 17 31 16 17 1
split_gain=3.21117e+06 4.50222e+06 332076 5040.93 2218.44 24269.6 97.083 843.661 0.00089859 1.73472e-18
threshold=0.73652738134511964 0.30801282051282058 0.034632683658170856 0.41213235294117651 0.023213002873563201 0.5071443151663606 0.020761494252873502 0.54002637505926987 0.61242875528589824 0.64051282051282066
decision_type=2 2 2 2 2 2 2 2 2 2
left_child=2 -2 3 4 6 9 8 -8 -1 -6
right_child=1 -3 -4 -5 5 -7 7 -9 -10 -11
leaf_value=-0.050002950508229484 169.44415103133147 -4386.9575177743463 -174.43546042490874 -84.797079941454612 -0.050002950508226167 -221.12933423121382 -47.131712389912934 -0.05000295050822498 -0.055300797585441389 -0.050002950508199022
leaf_weight=1.0467617663915825 0.0011799817002612336 0.001002984445221955 0.028098912909627072 0.0017699725503917954 0.012979798702872469 0.0013569789553002911 0.001061983530234901 0.009144858177023707 0.086665958166122326 0.0015929752953525176
leaf_count=17851 44 169 463 197 279 114 21 185 34 39
internal_value=-8.10671 -1924.04 -4.5904 -0.480938 -0.352236 -18.8827 -0.0941247 -4.94868 -0.050408 -0.050003
internal_weight=1.19162 0.00218297 1.18943 1.16133 1.15956 0.0159298 1.14363 0.0102068 1.13343 0.0145728
internal_count=19396 213 19183 18720 18523 432 18091 206 17885 318
is_linear=0
shrinkage=0.05


Tree=48
num_leaves=9
num_cat=0
split_feature=15 16 5 15 31 31 18 17
split_gain=2.24009e+07 1.98269e+06 4.73995e+06 127463 18839.9 44.0691 729.716 0.000768599
threshold=0.44136745607333849 0.71684463776434304 0.5300120048019209 0.40103092783505162 0.034632683658170856 0.020761494252873502 0.063508064516129017 0.61242875528589824
decision_type=2 2 2 2 2 2 2 2
left_child=1 3 -3 4 5 7 -7 -1
right_child=-2 2 -4 -5 -6 6 -8 -9
leaf_value=-0.050002806831035418 6148.6538382906519 -4058.6809307038343 362.91699074509285 -431.13983385824559 -15.458720049730033 -38.785610814347478 -0.050002806831033524 -0.055015620859356573
leaf_weight=0.99178490499440763 0.0014800108037890105 0.0010101928637596949 0.0015152892956393771 0.0017397765986971727 0.24394710362199301 0.0012908019925815797 0.020933441010129172 0.082855723798274994
leaf_count=17777 209 134 70 173 379 34 591 29
internal_value=0.685815 -6.0789 -1405.72 -3.44602 -2.89106 -0.0959659 -2.2998 -0.0503893
internal_weight=1.34656 1.34508 0.00252548 1.34255 1.34081 1.09686 0.0222242 1.07464
internal_count=19396 19187 204 18983 18810 18431 625 17806
is_linear=0
shrinkage=0.05


Tree=49
num_leaves=10
num_cat=0
split_feature=15 31 16 20 31 16 17 2 1
split_gain=1.07809e+07 1.45771e+06 1.26468e+06 302617 55.2727 929.637 0.000657609 2.22045e-16 3.46945e-18
threshold=0.3943381180223286 0.030151515151515155 0.7082147673757152 0.87119815668202782 0.020761494252873502 0.53923253748835154 0.61242875528589824 0.57094704353476289 0.39767441860465119
decision_type=2 2 2 2 2 2 2 2 2
left_child=1 2 4 -4 6 -6 7 -1 -7
right_child=-2 -3 3 -5 5 8 -8 -9 -10
leaf_value=-0.050002671332958749 -3980.5783858938667 -1437.1995487102697 -612.43898470563624 -1702.9498457612863 -49.344471813409321 -0.050002671332949604 -0.054747133948284503 -0.050002671332958139 -0.05000267133295383
leaf_weight=0.22635185920516732 0.001708315918222624 0.0017743447479149346 0.0013880066835555418 0.0011744671937776729 0.001014312576444242 0.0057121813515550448 0.079191535711288452 0.71316851102590706 0.011050668595999014
leaf_count=4299 464 522 98 119 42 148 26 13396 282
internal_value=-11.8006 -5.28659 -2.84137 -1112.26 -0.0986049 -2.8626 -0.0503715 -0.0500027 -0.0500027
internal_weight=1.04253 1.04083 1.03905 0.00256247 1.03649 0.0177772 1.01871 0.93952 0.0167628
internal_count=19396 18932 18410 217 18193 472 17721 17695 430
is_linear=0
shrinkage=0.05


Tree=50
num_leaves=13
num_cat=0
split_feature=15 31 18 16 15 16 19 17 3 19 31 31
split_gain=94011.6 740731 418512 317562 1.26314e+06 61941.7 72017.4 25651 36563.2 14147.5 273065 1237.8
threshold=0.35498944829665369 0.019868421052631553 0.19139194139194138 0.64474077609670843 0.38640264026402643 0.70187558825629115 0.095454545454545472 0.54587542087542096 0.39369100844510679 0.23303167420814477 0.024999999999999956 0.034632683658170856
decision_type=2 2 2 2 2 2 2 2 2 2 2 2
left_child=2 3 5 -2 -5 7 -7 9 -9 11 -11 -1
right_child=1 -3 -4 4 -6 6 -8 8 -10 10 -12 -13
leaf_value=-0.050002536055873695 -7.911119756766583 -1061.5661584615457 905.79357406807469 -0.050002536055841797 -1687.9573396627952 -0.050002536055827343 -562.68578157817035 -0.050002536055833852 -392.41435060740332 -0.050002536055866402 -800.15300871131433 -4.9071507325718802
leaf_weight=0.86673681451065876 0.082728684563335209 0.0017898923224493038 0.001269534861979448 0.0050273579386159164 0.0014218790020095184 0.0012187534302939831 0.0010664092515071388 0.0014218790020096286 0.00101945964161132 0.02051568274328186 0.0011248542105022344 0.15455818176269542
leaf_count=17257 216 316 114 148 264 80 147 54 98 414 104 184
internal_value=-5.70932 -54.4686 -1.48071 -34.2551 -372.187 -2.58012 -262.613 -2.0117 -163.894 -1.63276 -41.6386 -0.785061
internal_weight=1.1399 0.0909678 1.04893 0.0891779 0.00644924 1.04766 0.00228516 1.04538 0.00244134 1.04294 0.0216405 1.02129
internal_count=19396 944 18452 628 412 18338 227 18111 152 17959 518 17441
is_linear=0
shrinkage=0.05


Tree=51
num_leaves=8
num_cat=0
split_feature=15 18 31 16 1 15 15
split_gain=4.27445e+06 959794 704685 3062.23 1.11022e-16 1.11022e-16 1.73472e-18
threshold=0.37561881188118812 0.17914438502673799 0.034632683658170856 0.70187558825629115 0.77346041055718484 0.26483157365510307 0.25789823744595941
decision_type=2 2 2 2 2 2 2
left_child=1 2 3 4 5 -1 -6
right_child=-2 -3 -4 -5 6 -7 -8
leaf_value=-0.050002413777679167 -2939.6524336572493 -1505.4804635813089 -1138.6961562642157 -76.723505130842895 -0.050002413777671943 -0.050002413753509313 -0.05000241377763745
leaf_weight=0.68834442026854969 0.0012416645040351773 0.0010628189353610864 0.0013612657785415641 0.0013042315331404089 0.00932284021837404 0.14878049416708605 0.0012559266615426177
leaf_count=14415 652 191 301 246 198 3363 30
internal_value=-8.1422 -3.8671 -1.99034 -0.167787 -0.0500024 -0.0500024 -0.0500024
internal_weight=0.852674 0.851432 0.850369 0.849008 0.847704 0.837125 0.0105788
internal_count=19396 18744 18553 18252 18006 17778 228
is_linear=0
shrinkage=0.05


Tree=52
num_leaves=9
num_cat=0
split_feature=18 31 18 16 10 1 1 15
split_gain=6.55451e+07 405614 369778 417.278 570.713 2.22045e-16 1.73472e-18 4.33681e-19
threshold=0.16064516129032258 0.026906370656370606 0.087595907928388714 0.69820470225982934 0.37980769230769235 0.78416149068322993 0.92261904761904778 0.21004201680672269
decision_type=2 2 2 2 2 2 2 2
left_child=1 3 -3 5 -5 -1 -7 -8
right_child=-2 2 -4 4 -6 6 7 -9
leaf_value=-0.050002296044002317 12196.01951608769 -47.361311668010025 -1384.9810191802985 -49.511825730368912 -0.05000229604795841 -0.050002296047984424 -0.050002296047973349 -0.050002296047962684
leaf_weight=0.79202636730099485 0.0011028143107674184 0.0010568297657300519 0.0010108806741495804 0.0010108806454809374 0.0013784736074740067 0.0048706067464081571 0.0023434051327058114 0.0015622700884705409
leaf_count=17745 513 95 530 188 130 110 51 34
internal_value=14.7696 -1.91276 -701.309 -0.112254 -20.9762 -0.0500023 -0.0500023 -0.0500023
internal_weight=0.806363 0.80526 0.00206771 0.803192 0.00238935 0.800803 0.00877628 0.00390568
internal_count=19396 18883 625 18258 318 17940 195 85
is_linear=0
shrinkage=0.05


Tree=53
num_leaves=6
num_cat=0
split_feature=18 31 16 1 11
split_gain=1.03029e+08 408952 761.318 1.11022e-16 1.11022e-16
threshold=0.15192307692307691 0.025425554837319505 0.69820470225982934 0.93725490196078431 0.80707196029776684
decision_type=2 2 2 2 2
left_child=1 2 3 4 -1
right_child=-2 -3 -4 -5 -6
leaf_value=-0.050002189030452587 -13584.442181334485 -931.06099866431759 -38.181629627294669 -0.050002189033974687 -0.050002189029630488
leaf_weight=0.50159667419799803 0.0013986639777048273 0.0011815112862905144 0.0013112474698573342 0.0036277846666052929 0.25394543211772813
leaf_count=11783 589 656 306 83 5979
internal_value=-26.4568 -1.55986 -0.11575 -0.0500022 -0.0500022
internal_weight=0.763061 0.761663 0.760481 0.75917 0.755542
internal_count=19396 18807 18151 17845 17762
is_linear=0
shrinkage=0.05


Tree=54
num_leaves=6
num_cat=0
split_feature=17 18 16 31 1
split_gain=7.16226e+07 5483.65 4559.82 160.709 1.11022e-16
threshold=0.54587542087542096 0.13840996168582378 0.69530664143001453 0.036700336700336657 0.90238095238095251
decision_type=2 2 2 2 2
left_child=1 2 3 4 -1
right_child=-2 -3 -4 -5 -6
leaf_value=-0.050002078133444733 13132.318334049793 -92.557527691918835 -76.811565885325734 -1.9447002124362738 -0.050002078137065524
leaf_weight=0.7138724848900786 0.0010394164746685411 0.0016214897004829245 0.0019541029723768579 0.13260048627853394 0.0036587459908332667
leaf_count=17829 588 296 353 242 88
internal_value=15.2747 -0.695701 -0.520891 -0.34553 -0.0500021
internal_weight=0.854747 0.853707 0.852086 0.850132 0.717531
internal_count=19396 18808 18512 18159 17917
is_linear=0
shrinkage=0.05


Tree=55
num_leaves=7
num_cat=0
split_feature=17 31 16 15 18 1
split_gain=1.39463e+08 1098.41 2241.78 1860.62 0.342586 1.11022e-16
threshold=0.53924038820455411 0.036700336700336657 0.69317168752100267 0.35018248175182481 0.17914438502673799 0.45773809523809533
decision_type=2 2 2 2 2 2
left_child=1 2 4 -3 5 -1
right_child=-2 3 -4 -5 -6 -7
leaf_value=-0.050001977707399531 -18227.453246914356 -21.787291102831325 -56.239060249414756 -0.051335558565949048 -0.11911184902018174 -0.0500019777093079
leaf_weight=0.52738722616336986 0.0010506151447771108 0.016101978719234467 0.0017797059263102702 0.025339370593428612 0.24356371164321899 0.15246162680490727
leaf_count=13804 671 216 414 64 100 4127
internal_value=-20.322 -0.532998 -0.176281 -8.49681 -0.0682307 -0.050002
internal_weight=0.967684 0.966634 0.925192 0.0414413 0.923413 0.679849
internal_count=19396 18725 18445 280 18031 17931
is_linear=0
shrinkage=0.05


Tree=56
num_leaves=8
num_cat=0
split_feature=17 16 31 18 0 1 15
split_gain=7.7078e+07 2326.68 1972.49 0.269069 1.11022e-16 1.11022e-16 4.33681e-19
threshold=0.52957074721780617 0.69086342738859419 0.036700336700336657 0.17914438502673799 1.0000000180025095e-35 0.57735042735042741 0.21595454545454543
decision_type=2 2 2 2 2 2 2
left_child=1 2 3 4 5 -1 -6
right_child=-2 -3 -4 -5 6 -7 -8
leaf_value=-0.05000188086298564 12861.607602512333 -59.119824103348577 -14.553520391116406 -0.11135118205466842 -0.050001880866380799 -0.05000188086531912 -0.050001880866357928
leaf_weight=0.59052633273927846 0.0011662571389603462 0.0016929118158388592 0.024134183302521706 0.24740204215049744 0.0020314941721153437 0.05022307936930126 0.0010533673485042527
leaf_count=16305 793 452 253 78 54 1433 28
internal_value=15.7791 -0.557283 -0.448975 -0.0670321 -0.0500019 -0.0500019 -0.0500019
internal_weight=0.91823 0.917063 0.91537 0.891236 0.643834 0.640749 0.00308486
internal_count=19396 18603 18151 17898 17820 17738 82
is_linear=0
shrinkage=0.05


Tree=57
num_leaves=11
num_cat=0
split_feature=17 16 15 31 1 18 18 1 1 2
split_gain=1.849e+07 2242.89 486.837 13436.5 98.9181 8271.54 0.200563 1.38778e-17 6.93889e-18 3.46945e-18
threshold=0.52957074721780617 0.68909546982288705 0.30962916139907298 0.022140522875816953 0.52086956521739147 0.075498575498575457 0.17914438502673799 0.77346041055718484 0.34330357142857143 0.86094410319410331
decision_type=2 2 2 2 2 2 2 2 2 2
left_child=1 2 4 8 6 7 -1 -6 -4 -10
right_child=-2 -3 3 -5 5 -7 -8 -9 9 -11
leaf_value=-0.050001789225029604 -2724.1248089527194 -57.079040432882415 -0.050001789151933977 -174.69958254168091 -0.050001789225021902 -139.77114646613526 -0.10488627040336429 -0.050001789225016052 -0.050001789180521707 -0.050001789129198095
leaf_weight=0.50024640265837661 0.0062771356315352014 0.0017534926482767324 0.018573466531600857 0.0011451501866659433 0.071857413015095517 0.0010735669275163664 0.24945743381977081 0.0076223251853662069 0.0088750406426640893 0.0012883492844348874
leaf_count=14195 793 509 748 273 2034 222 25 224 326 47
internal_value=-20.28 -0.587994 -0.47283 -6.74299 -0.247159 -1.91212 -0.0682641 -0.0500018 -0.0500018 -0.0500018
internal_weight=0.86817 0.861893 0.860139 0.029882 0.830257 0.0805533 0.749704 0.0794797 0.0287369 0.0101634
internal_count=19396 18603 18094 1394 16700 2480 14220 2258 1121 373
is_linear=0
shrinkage=0.05


Tree=58
num_leaves=7
num_cat=0
split_feature=17 31 16 18 1 16
split_gain=4.574e+07 2727.44 2170.04 0.170262 1.11022e-16 6.93889e-18
threshold=0.52290209790209807 0.036700336700336657 0.68703318394763002 0.17914438502673799 0.64051282051282066 0.58602304467420896
decision_type=2 2 2 2 2 2
left_child=1 2 3 4 -1 -6
right_child=-2 -3 -4 -5 5 -7
leaf_value=-0.050001704614799615 -8949.8695274191105 -20.306303450481785 -54.451689031050492 -0.099421076213858081 -0.050001704617651133 -0.050001704617649884
leaf_weight=0.54811844911748864 0.0014301964367753319 0.017192939296364784 0.0018381782792857839 0.2499915212392807 0.015998959097487386 0.011403513399272924
leaf_count=16770 923 259 525 67 487 365
internal_value=-15.725 -0.595408 -0.185802 -0.0649675 -0.0500017 -0.0500017
internal_weight=0.845974 0.844544 0.827351 0.825512 0.575521 0.0274025
internal_count=19396 18473 18214 17689 17622 852
is_linear=0
shrinkage=0.05


Tree=59
num_leaves=10
num_cat=0
split_feature=15 17 16 15 31 15 31 20 1
split_gain=7.35896e+07 212115 2209.77 686.369 6404.72 87.5479 901.784 50.5198 3.46945e-18
threshold=0.36180344478216819 0.51634266182439659 0.68491988002684645 0.32366946778711481 0.016306274370790453 0.30962916139907298 0.016306274370790453 0.9952830188679247 0.39173060528559256
decision_type=2 2 2 2 2 2 2 2 2
left_child=1 2 3 5 8 7 -7 -1 -5
right_child=-2 -3 -4 4 -6 6 -8 -9 -10
leaf_value=-0.13141445717173578 13541.231993336136 -591.42260609181369 -56.200992255156237 -0.050001617820962435 -118.8274214361105 -0.050001617866817165 -49.861364279956653 -2.7976034728957186 -0.050001617849946639
leaf_weight=0.75112419577446254 0.0010043362220102372 0.0015218831464132157 0.0017809124801715362 0.0088076713509082083 0.0012628662941942545 0.0095845471660140902 0.0010037870342785036 0.018197687524661887 0.0023961617545822387
leaf_count=15951 837 551 531 314 172 309 77 577 77
internal_value=15.375 -1.69784 -0.567721 -0.442682 -12.0821 -0.256629 -4.77218 -0.194481 -0.0500016
internal_weight=0.796684 0.79568 0.794158 0.792377 0.0124667 0.77991 0.0105883 0.769322 0.0112038
internal_count=19396 18559 18008 17477 563 16914 386 16528 391
is_linear=0
shrinkage=0.05


Tree=60
num_leaves=8
num_cat=0
split_feature=15 20 17 16 15 31 1
split_gain=2.00674e+08 240717 893002 2745.74 494.189 7831.34 25.7968
threshold=0.35018248175182481 0.9952830188679247 0.50920383963862237 0.68311971542572303 0.30962916139907298 0.011834733893557402 0.57979626485568769
decision_type=2 2 2 2 2 2 2
left_child=1 2 3 4 6 -6 -1
right_child=-2 -3 -4 -5 5 -7 -8
leaf_value=-0.064907107746435225 -19043.417842521336 629.19780281357532 -1356.3047335763156 -69.430787208864999 -0.050001541362731508 -139.19170350390112 -1.440993435563644
leaf_weight=0.64843367124194617 0.0013863094081063556 0.0015097390805749447 0.001216585616930387 0.0014413212375075082 0.016324567768606413 0.0010780376974211517 0.035945569353212026
leaf_count=14442 1038 643 552 517 559 225 1420
internal_value=-38.8006 -1.48022 -2.83188 -0.490353 -0.348763 -8.6694 -0.137183
internal_weight=0.707336 0.705949 0.70444 0.703223 0.701782 0.0174026 0.684379
internal_count=19396 18358 17715 17163 16646 784 15862
is_linear=0
shrinkage=0.05


Tree=61
num_leaves=12
num_cat=0
split_feature=20 16 20 17 1 1 18 15 15 4 1
split_gain=2.32626e+08 4.33763e+07 133.434 858.032 111.996 856.097 0.0805923 1.0536e-13 5.08872e-14 1.2117e-15 5.20417e-18
threshold=0.98657657657657671 0.68167346725462419 0.97241248097412492 0.45394421964060394 0.57979626485568769 0.5972972972972973 0.17914438502673799 0.30962916139907298 0.26453684922244763 0.64932432432432441 0.20185185185185181
decision_type=2 2 2 2 2 2 2 2 2 2 2
left_child=1 2 4 9 6 -6 7 -1 -7 10 -4
right_child=-2 -3 3 -5 5 8 -8 -9 -10 -11 -12
leaf_value=-0.050001329616057459 -22161.338578288854 9742.5562644115562 -0.050001333533690601 -49.883385665443434 -48.561557173185435 -0.050000338318768767 -0.086768233772687664 -0.050001465178174734 -0.050000710672116894 -0.050001270739443195 -0.050001329616047557
leaf_weight=0.36762568548147101 0.0011844979098927224 0.0011444576221037997 0.0010138205234397893 0.0010033434546130593 0.0010306822393508774 0.0066669278166955337 0.24418628215789795 0.014913154343958013 0.0010639983135671827 0.001018399143958959 0.0041775646077439887
leaf_count=14297 756 1004 38 60 177 1095 224 1264 269 52 160
internal_value=-23.6288 17.0986 -0.219564 -6.98181 -0.142809 -5.75672 -0.0643266 -0.0500013 -0.0500004 -0.0500013 -0.0500013
internal_weight=0.645029 0.643844 0.6427 0.00721313 0.635487 0.00876161 0.626725 0.382539 0.00773093 0.00620978 0.00519139
internal_count=19396 18640 17636 310 17326 1541 15785 15561 1364 250 198
is_linear=0
shrinkage=0.05


Tree=62
num_leaves=12
num_cat=0
split_feature=13 17 16 20 17 18 1 15 15 1 1
split_gain=2.64861e+07 3.55789e+07 3.72847e+06 168.791 826.59 0.0661878 2.1036e-12 8.47655e-14 3.65654e-14 4.19803e-16 4.33681e-19
threshold=0.95160031225605013 0.3526069518716578 0.68167346725462419 0.97241248097412492 0.42823920265780729 0.17914438502673799 0.5972972972972973 0.30962916139907298 0.2603453196347032 0.43405797101449278 0.3506756756756757
decision_type=2 2 2 2 2 2 2 2 2 2 2
left_child=2 -2 3 5 9 6 7 -1 -8 10 -5
right_child=1 -3 -4 4 -6 -7 8 -9 -10 -11 -12
leaf_value=-0.050001268427207292 -0.050000973920044649 12393.089162071024 -347.98660186106582 -0.050001268427207403 -49.926610137669513 -0.083712415591057548 -0.050000320098165844 -0.050001393446958045 -0.05000064802956368 -0.050001232058003442 -0.0500012684271611
leaf_weight=0.34825406816934734 0.0013673919297616513 0.0010045880899269832 0.088064081966876984 0.0028095211291656588 0.0010024739276559558 0.24053601920604706 0.0055618432679693788 0.014102240678766975 0.0010034159295670975 0.0010001755745179253 0.001037751060721348
leaf_count=14383 117 151 1062 363 279 234 951 1268 248 209 131
internal_value=-25.9076 5248.73 -43.6952 -0.14444 -8.59712 -0.0633061 -0.0500013 -0.0500013 -0.0500004 -0.0500013 -0.0500013
internal_weight=0.705744 0.00237198 0.703372 0.615308 0.00584992 0.609458 0.368922 0.362356 0.00656526 0.00484745 0.00384727
internal_count=19396 268 19128 18066 982 17084 16850 15651 1199 703 494
is_linear=0
shrinkage=0.05


Tree=63
num_leaves=11
num_cat=0
split_feature=16 13 20 6 18 1 15 15 1 1
split_gain=1.53419e+08 7.06943e+06 217.26 763.304 0.054176 1.79129e-12 7.60503e-14 2.91694e-14 4.33681e-19 4.33681e-19
threshold=0.67834043111163167 0.95160031225605013 0.97241248097412492 0.1939964157706093 0.17914438502673799 0.5972972972972973 0.30962916139907298 0.25819892473118283 0.35214626391096981 0.25962962962962971
decision_type=2 2 2 2 2 2 2 2 2 2
left_child=1 2 4 8 5 6 -1 -7 9 -4
right_child=-2 -3 3 -5 -6 7 -8 -9 -10 -11
leaf_value=-0.050001205024058665 -14320.074430335113 -3690.3573104395059 -0.050001205024047583 -49.187817270721013 -0.081005160798517856 -0.050000306597864523 -0.050001327662506728 -0.050000600978386212 -0.050001204124595883 -0.05000120502403025
leaf_weight=0.32972902043425778 0.0018784884155138562 0.00130070468321719 0.0014686725080537135 0.0010175462398365198 0.23625369369983673 0.0052236979786357543 0.013149375357897952 0.0010031284433811294 0.001011217162158573 0.0010593703373160679
leaf_count=14311 1220 254 273 285 224 937 1227 255 194 216
internal_value=-53.5951 -8.26582 -0.147176 -11.0226 -0.0625145 -0.0500012 -0.0500012 -0.0500004 -0.0500012 -0.0500012
internal_weight=0.593095 0.591216 0.589916 0.00455681 0.585359 0.349105 0.342878 0.00622683 0.00353926 0.00252804
internal_count=19396 18176 17922 968 16954 16730 15538 1192 683 489
is_linear=0
shrinkage=0.05


Tree=64
num_leaves=9
num_cat=0
split_feature=16 13 20 15 18 1 15 15
split_gain=8.8124e+07 6.17727e+06 294.792 695.323 0.044476 1.43374e-12 6.30607e-14 1.89241e-14
threshold=0.67689766198783652 0.91734972677595639 0.97241248097412492 0.19456735496558503 0.17914438502673799 0.5972972972972973 0.30962916139907298 0.2553968007454574
decision_type=2 2 2 2 2 2 2 2
left_child=1 2 4 -4 5 6 -1 -7
right_child=-2 -3 3 -5 -6 7 -8 -9
leaf_value=-0.050001143699015982 14747.403171851845 -3599.2859095903655 -0.050001144007449552 -49.667677044140291 -0.078592614615763737 -0.05000029087177961 -0.050001258682833796 -0.050000530358250445
leaf_weight=0.31195353104888435 0.0010137343597307327 0.0011946980162065293 0.0023589467273268374 0.001007705401207204 0.23145171999931335 0.004500387339248845 0.012407217414875049 0.0010099717580800416
leaf_count=14234 1292 378 611 343 222 847 1208 261
internal_value=18.6366 -7.74878 -0.150264 -14.9016 -0.0617903 -0.0500011 -0.0500011 -0.0500003
internal_weight=0.566898 0.565884 0.564689 0.00336665 0.561323 0.329871 0.324361 0.00551036
internal_count=19396 18104 17726 954 16772 16550 15442 1108
is_linear=0
shrinkage=0.05


Tree=65
num_leaves=9
num_cat=0
split_feature=16 13 20 20 18 1 15 15
split_gain=4.53976e+08 7.05138e+06 443.358 552.221 0.0366297 1.1835e-12 5.28466e-14 1.52239e-14
threshold=0.67509949038612516 0.89417693169092949 0.97241248097412492 0.97515432098765442 0.17914438502673799 0.5972972972972973 0.30962916139907298 0.24903100775193798
decision_type=2 2 2 2 2 2 2 2
left_child=1 2 4 -4 5 6 -1 -7
right_child=-2 -3 3 -5 -6 7 -8 -9
leaf_value=-0.05000108961738875 -32928.82929304456 -4155.9786120081353 -49.943678889868409 -0.05000108961734917 -0.076431481750075386 -0.050000276859400151 -0.050001198097538162 -0.050000493090096215
leaf_weight=0.29499686106470646 0.0010492341575627498 0.0010226354679616625 0.0010021309753938104 0.001241770993146929 0.22622832655906677 0.0040112822334776857 0.011682183936500223 0.0010212422290907242
leaf_count=14138 1364 478 122 821 218 791 1191 273
internal_value=-71.7062 -8.00626 -0.153631 -22.3326 -0.0611163 -0.0500011 -0.0500011 -0.0500003
internal_weight=0.542256 0.541206 0.540184 0.0022439 0.53794 0.311712 0.306679 0.00503252
internal_count=19396 18032 17554 943 16611 16393 15329 1064
is_linear=0
shrinkage=0.05


Tree=66
num_leaves=8
num_cat=0
split_feature=16 13 20 18 1 15 15
split_gain=8.6071e+07 6.09676e+06 844.233 0.0302426 9.9537e-13 4.56302e-14 1.28482e-14
threshold=0.67368189415815027 0.88185443668993035 0.97241248097412492 0.17914438502673799 0.5972972972972973 0.30962916139907298 0.24379995900799342
decision_type=2 2 2 2 2 2 2
left_child=1 2 3 4 5 -1 -6
right_child=-2 -3 -4 -5 6 -7 -8
leaf_value=-0.050001035761585523 14357.434821826559 -3594.8078884105257 -42.379465526101775 -0.074486562678967611 -0.050000260645555065 -0.050001139948799761 -0.050000462596413969
leaf_weight=0.27870346583972161 0.0010447512349855961 0.0011822771193692452 0.0011812103130068854 0.22066931426525116 0.0036690962510874661 0.010907086460065329 0.0010028406844764248
leaf_count=14040 1436 563 935 217 758 1169 278
internal_value=20.5816 -8.37259 -0.157344 -0.0604937 -0.050001 -0.050001 -0.0500003
internal_weight=0.51836 0.517315 0.516133 0.514952 0.294282 0.289611 0.00467194
internal_count=19396 17960 17397 16462 16245 15209 1036
is_linear=0
shrinkage=0.05


Tree=67
num_leaves=9
num_cat=0
split_feature=17 16 20 6 18 1 15 15
split_gain=7.89012e+07 1.83009e+06 458.917 538.1 0.0249209 8.45435e-13 3.63598e-14 9.76996e-15
threshold=0.50555624151129785 0.6712582392416212 0.97073101085094249 0.14194139194139191 0.17914438502673799 0.5972972972972973 0.30962916139907298 0.2422647527910686
decision_type=2 2 2 2 2 2 2 2
left_child=1 2 4 -4 5 6 -1 -7
right_child=-2 -3 3 -5 -6 7 -8 -9
leaf_value=-0.050000987360751238 13482.378606531871 -1639.9493969926871 -0.050000991002345986 -50.022354661732223 -0.07272891899258617 -0.050000251174981837 -0.050001085258852634 -0.050000427521384318
leaf_weight=0.26071535154376058 0.0010865994863706865 0.0017074218130801446 0.001167013799204141 0.0010005532321883948 0.2148495614528656 0.0033756402790459097 0.0098542244777490851 0.0010236354932899872
leaf_count=13800 1320 1021 572 463 53 945 890 332
internal_value=23.7891 -5.83271 -0.161555 -23.1173 -0.0599702 -0.050001 -0.050001 -0.0500003
internal_weight=0.49478 0.493693 0.491986 0.00216757 0.489818 0.274969 0.27057 0.00439928
internal_count=19396 18076 17055 1035 16020 15967 14690 1277
is_linear=0
shrinkage=0.05


Tree=68
num_leaves=8
num_cat=0
split_feature=17 16 20 18 1 15 15
split_gain=9.5748e+07 1.84847e+06 929.805 0.0206399 7.37299e-13 3.05866e-14 8.28417e-15
threshold=0.49880382775119619 0.66856490550981573 0.97073101085094249 0.17914438502673799 0.5972972972972973 0.30962916139907298 0.24117158288325716
decision_type=2 2 2 2 2 2 2
left_child=1 2 3 4 5 -1 -6
right_child=-2 -3 -4 -5 6 -7 -8
leaf_value=-0.05000094097513446 -13202.73953754377 -1686.5559881882048 -46.665834317096127 -0.071134539957952186 -0.050000235247154162 -0.050001035179625897 -0.05000040012172341
leaf_weight=0.24548770780809476 0.0013785070041644745 0.0016305901199302744 0.001072596935046021 0.20883429050445557 0.0031778571783434009 0.0089194086904171854 0.0010021286103238936
leaf_count=13653 1510 1082 1003 44 935 835 334
internal_value=-44.5978 -6.01526 -0.166146 -0.059443 -0.0500009 -0.0500009 -0.0500003
internal_weight=0.471503 0.470125 0.468494 0.467421 0.258587 0.254407 0.00417999
internal_count=19396 17886 16804 15801 15757 14488 1269
is_linear=0
shrinkage=0.05


Tree=69
num_leaves=7
num_cat=0
split_feature=15 17 16 20 18 1
split_gain=6.33079e+07 1.45185e+06 1.5435e+06 759.078 0.0170504 6.26443e-13
threshold=0.34161778326644032 0.49189094415709655 0.66576878426428932 0.96984848484848485 0.17914438502673799 0.5972972972972973
decision_type=2 2 2 2 2 2
left_child=1 2 3 4 5 -1
right_child=-2 -3 -4 -5 -6 -7
leaf_value=-0.050000894969222415 11908.602456238234 -1704.4490831803353 -1549.3938486452153 -38.134291434394783 -0.069683372623952591 -0.050000256857073114
leaf_weight=0.23679534265357916 0.0011168351538799462 0.0012614406583479889 0.0016135862956616611 0.0013128772857271534 0.20268015563488007 0.0039098164110660241
leaf_count=13904 1251 900 1040 1045 29 1227
internal_value=19.108 -10.56 -5.77243 -0.171407 -0.0589981 -0.0500009
internal_weight=0.44869 0.447573 0.446312 0.444698 0.443385 0.240705
internal_count=19396 18145 17245 16205 15160 15131
is_linear=0
shrinkage=0.05


Tree=70
num_leaves=8
num_cat=0
split_feature=15 21 3 16 15 18 1
split_gain=2.5006e+07 1.3246e+07 622126 2.0973e+06 710.983 0.0140933 4.49529e-13
threshold=0.33054349348648276 -1.0000000180025095e-35 0.77032967032967048 0.66360441333218112 0.3228287841191067 0.17914438502673799 0.5972972972972973
decision_type=2 2 2 2 2 2 2
left_child=2 -2 3 4 5 6 -1
right_child=1 -3 -4 -5 -6 -7 -8
leaf_value=-0.050000853630622226 -9282.3742701296105 -1338.2353329511691 1234.1219840143099 -1948.6315066071356 -35.734931262230361 -0.068358472622169805 -0.050000221920048729
leaf_weight=0.22065088529675592 0.0010934713907917448 0.0010088288727275177 0.0010128248054570568 0.0013856233326805514 0.0014011516777827629 0.1964363306760788 0.0028528256710913516
leaf_count=14946 832 675 504 1352 149 74 864
internal_value=-30.5861 -5470.23 -3.59842 -6.56391 -0.177228 -0.058588 -0.0500008
internal_weight=0.425842 0.0021023 0.42374 0.422727 0.421341 0.41994 0.223504
internal_count=19396 1507 17889 17385 16033 15884 15810
is_linear=0
shrinkage=0.05


Tree=71
num_leaves=8
num_cat=0
split_feature=3 15 16 18 1 15 1
split_gain=1.52738e+07 1.82606e+07 1.51436e+06 0.0117069 3.16497e-13 5.13478e-15 4.33681e-19
threshold=0.72834224598930497 0.31612258494337114 0.66164779832550857 0.17914438502673799 0.5972972972972973 0.30962916139907298 0.64051282051282066
decision_type=2 2 2 2 2 2 2
left_child=1 2 3 4 5 -1 -6
right_child=-2 -3 -4 -5 6 -7 -8
leaf_value=-0.050000811487772578 -5984.2425776178043 -6116.5465005531241 -1726.4254393815195 -0.067145443373138047 -0.050000201170953829 -0.05000089051239525 -0.050000201048580419
leaf_weight=0.20480582676535963 0.0010778396445119123 0.0012261921510798848 0.0012743462116304718 0.19014532864093781 0.0011128449044246471 0.0020791953866137183 0.0010272316221744404
leaf_count=14483 884 1818 1334 63 340 162 312
internal_value=-40.1575 -24.2072 -5.55203 -0.0581677 -0.0500008 -0.0500008 -0.0500002
internal_weight=0.402749 0.401671 0.400445 0.39917 0.209025 0.206885 0.00214008
internal_count=19396 18512 16694 15360 15297 14645 652
is_linear=0
shrinkage=0.05


Tree=72
num_leaves=7
num_cat=0
split_feature=17 16 15 18 1 15
split_gain=7.08236e+07 2.09454e+06 237959 0.00971926 2.65482e-13 1.11022e-16
threshold=0.48502779272010049 0.65998062040075711 0.3104754440961337 0.17914438502673799 0.5972972972972973 0.30583900226757371
decision_type=2 2 2 2 2 2
left_child=1 2 3 4 5 -1
right_child=-2 -3 -4 -5 -6 -7
leaf_value=-0.05000077015339404 12530.574260758904 -1951.7711007742696 -597.59377581119622 -0.066032005068106386 -0.050000193507898541 -0.050000783006160024
leaf_weight=0.19125580201056658 0.0011292334447716703 0.0013833943794452344 0.0016735175595385945 0.18384376168251038 0.0020163165434077248 0.0013727105142606879
leaf_count=13932 1905 1419 776 14 1242 108
internal_value=27.2501 -9.75513 -2.68821 -0.0577876 -0.0500008 -0.0500008
internal_weight=0.382675 0.381546 0.380162 0.378489 0.194645 0.192629
internal_count=19396 17491 16072 15296 15282 14040
is_linear=0
shrinkage=0.05


Tree=73
num_leaves=11
num_cat=0
split_feature=17 15 17 16 15 17 16 15 1 1
split_gain=2.52269e+08 431763 24863.7 137485 13092.5 5931.25 152484 2037.45 4.68375e-17 8.67362e-19
threshold=0.48295234405269277 0.30583900226757371 0.45729483282674771 0.64814105264415833 0.30037593984962413 0.41519744303536449 0.6556424737804335 0.28220211161387637 0.41967741935483877 0.32466216216216215
decision_type=2 2 2 2 2 2 2 2 2 2
left_child=1 2 4 8 5 7 -7 -1 9 -4
right_child=-2 -3 3 -5 -6 6 -8 -9 -10 -11
leaf_value=-1.1324204946697263 -23536.787685133801 -913.88979992750683 -0.050000728675436472 -633.62674781009559 -170.70504819948442 -0.050000725132483582 -613.94293139572471 -36.568345450277846 -0.050000716648893356 -0.05000072867540966
leaf_weight=0.32581136433623215 0.0011428913373947571 0.0013131404443811326 0.003022889283784024 0.0010259214893721946 0.0011719547881057215 0.022651279632164734 0.001058816558270336 0.004107524618802926 0.0010005535200434679 0.0011536630599948694
leaf_count=12552 2003 1109 238 311 115 1960 534 358 125 91
internal_value=-82.8723 -8.8894 -5.59749 -104.838 -3.86246 -3.30953 -27.4645 -1.5736 -0.0500007 -0.0500007
internal_weight=0.36346 0.362317 0.361004 0.00620303 0.354801 0.353629 0.0237101 0.329919 0.00517711 0.00417655
internal_count=19396 17393 16284 765 15519 15404 2494 12910 454 329
is_linear=0
shrinkage=0.05


Tree=74
num_leaves=12
num_cat=0
split_feature=17 15 17 16 15 16 6 11 20 17 1
split_gain=8.46017e+07 800999 19927.1 55020.6 10912.9 271876 3663.01 5022.62 661.25 4.14831e-13 8.67362e-19
threshold=0.47469820753566644 0.29431909750201452 0.45729483282674771 0.62796209952192694 0.23348909657320868 0.65052136574665653 1.0000000180025095e-35 0.65751879699248128 0.96693989071038267 0.41519744303536449 0.34654631083202514
decision_type=2 2 2 2 2 2 2 2 2 2 2
left_child=1 2 4 10 6 9 7 -1 -8 -6 -4
right_child=-2 -3 3 -5 5 -7 8 -9 -10 -11 -12
leaf_value=-0.050000466760447573 14299.848505338483 -1410.6335615945918 -0.050000697288170005 -433.38025332648999 -0.050000234843975637 -840.76420022746788 -0.45451604467292261 -147.53320525352825 -34.304181990950184 -0.050000693971280666 -0.050000695651304085
leaf_weight=0.001335033141913299 0.0010384689089732993 0.001027943356348259 0.0014863505248285938 0.0010384689212514786 0.0097413983980914054 0.0010110451331684081 0.12456594443278002 0.0010170649616156879 0.0014596757996514489 0.00993975333892827 0.0010001611335610505
leaf_count=236 2311 1342 119 292 2600 672 9508 178 1174 856 108
internal_value=76.5665 -19.5809 -10.2102 -127.71 -7.4317 -41.1283 -2.00041 -63.8229 -0.846576 -0.0500005 -0.0500007
internal_weight=0.154661 0.153623 0.152595 0.00352498 0.14907 0.0206922 0.128378 0.0023521 0.126026 0.0196812 0.00248651
internal_count=19396 17085 15743 519 15224 4128 11096 414 10682 3456 227
is_linear=0
shrinkage=0.05


Tree=75
num_leaves=8
num_cat=0
split_feature=3 17 15 17 15 16 6
split_gain=5.24202e+07 1.78434e+08 461321 19989.4 10759.2 230053 6834.68
threshold=0.65692963752665257 0.46596425419240955 0.28519290928050056 0.45729483282674771 0.23348909657320868 0.64474077609670843 1.0000000180025095e-35
decision_type=2 2 2 2 2 2 2
left_child=1 2 3 4 6 -6 -1
right_child=-2 -3 -4 -5 5 -7 -8
leaf_value=-118.16736434787548 10592.446451358172 -19833.13253484599 -998.01116006209656 -222.63610023905062 -0.050000422078550322 -765.39236362084353 -1.2749019349940871
leaf_weight=0.0012699233629973597 0.0011281570925802944 0.0011495943689379109 0.0012024516071535976 0.0011231608823436537 0.016185656054062747 0.0010452838345145201 0.08177577684046311
leaf_count=414 1736 2511 1476 247 2740 681 9591
internal_value=-127.34 -243.903 -24.4176 -12.8722 -10.5227 -46.4781 -3.06241
internal_weight=0.10488 0.103752 0.102602 0.1014 0.100277 0.0172309 0.0830457
internal_count=19396 17660 15149 13673 13426 3421 10005
is_linear=0
shrinkage=0.05


Tree=76
num_leaves=8
num_cat=0
split_feature=3 7 15 17 20 16 13
split_gain=1.09982e+09 391214 352354 39171.1 15333.4 78387.8 1665.46
threshold=0.6066017316017317 0.30952380952380959 0.27669072948328272 0.44783893034825867 0.85313725490196091 0.62188057718968337 0.62115563839701782
decision_type=2 2 2 2 2 2 2
left_child=1 2 3 4 6 -6 -1
right_child=-2 -3 -4 -5 5 -7 -8
leaf_value=-3.6195116332846839 -51655.56441388659 802.02526643906685 -886.01169966240695 -327.35503862866699 -0.050000224500183238 -494.09854841250637 -51.467665799771737
leaf_weight=0.028019023452543479 0.0010599062001688244 0.0013714423641473508 0.0012415886612870955 0.0010693388712752485 0.0038846492657853551 0.0010120462895883975 0.0019448568676807545
leaf_count=5733 2773 1263 2981 1285 3278 968 1115
internal_value=-1409.04 -27.2927 -57.8904 -29.274 -20.1304 -102.16 -6.72518
internal_weight=0.0396029 0.0385429 0.0371715 0.0359299 0.0348606 0.0048967 0.0299639
internal_count=19396 16623 15360 12379 11094 4246 6848
is_linear=0
shrinkage=0.05


Tree=77
num_leaves=4
num_cat=0
split_feature=18 7 16
split_gain=2.16376e+08 4.25466e+08 182315
threshold=0.089572192513368967 0.19090909090909094 0.58360549104083603
decision_type=2 2 2
left_child=1 2 -1
right_child=-2 -3 -4
leaf_value=-0.050000132243279517 14093.091230202077 -38670.481029979179 -883.61850912134184
leaf_weight=0.0013677913628740157 0.0010324170993212256 0.0010421399225908345 0.0010185967368951943
leaf_count=4290 3413 6930 4763
internal_value=-5974.12 -12016.9 -377.189
internal_weight=0.00446095 0.00342853 0.00238639
internal_count=19396 15983 9053
is_linear=0
shrinkage=0.05


Tree=78
num_leaves=5
num_cat=0
split_feature=17 19 5 5
split_gain=1.06921e+09 352065 5100.08 153.002
threshold=0.47646733111849399 0.31009615384615391 0.59824561403508791 0.61167800453514753
decision_type=2 2 2 2
left_child=-1 2 -2 -4
right_child=1 -3 3 -5
leaf_value=-45346.869902727834 -10.590124550919445 70.692375373379903 -0.071212796010152402 -1.9837422059936676
leaf_weight=0.0013010835186828542 0.20914711058139934 0.20914711058139801 0.20914711058139801 0.20914711058139801
leaf_count=17173 904 537 57 725
internal_value=-55.9258 14.5118 -4.21503 -1.02748
internal_weight=0.83789 0.836588 0.627441 0.418294
internal_count=19396 2223 1686 782
is_linear=0
shrinkage=0.05


Tree=79
num_leaves=2
num_cat=0
split_feature=3
split_gain=1.44056e+06
threshold=0.46543485186365091
decision_type=2
left_child=-1
right_child=-2
leaf_value=-12.63074081453029 282.09885720700032
leaf_weight=0.2030095222748729 0.052099619060754776
leaf_count=11103 8293
internal_value=47.5604
internal_weight=0.255109
internal_count=19396
is_linear=0
shrinkage=0.05


end of trees

feature_importances:
Column_1=132
Column_15=103
Column_17=80
Column_31=80
Column_16=76
Column_18=60
Column_3=25
Column_4=23
Column_19=23
Column_13=22
Column_20=22
Column_2=17
Column_11=17
Column_6=11
Column_5=7
Column_7=5
Column_0=2
Column_10=2
Column_28=2
Column_8=1
Column_21=1

parameters:
[boosting: gbdt]
[objective: binary]
[metric: binary_logloss]
[tree_learner: serial]
[device_type: cpu]
[data_sample_strategy: bagging]
[data: ]
[valid: ]
[num_iterations: 300]
[learning_rate: 0.05]
[num_leaves: 31]
[num_threads: 10]
[seed: 42]
[deterministic: 0]
[force_col_wise: 0]
[force_row_wise: 0]
[histogram_pool_size: -1]
[max_depth: 6]
[min_data_in_leaf: 20]
[min_sum_hessian_in_leaf: 0.001]
[bagging_fraction: 1]
[pos_bagging_fraction: 1]
[neg_bagging_fraction: 1]
[bagging_freq: 0]
[bagging_seed: 400]
[bagging_by_query: 0]
[feature_fraction: 1]
[feature_fraction_bynode: 1]
[feature_fraction_seed: 30056]
[extra_trees: 0]
[extra_seed: 12879]
[early_stopping_round: 0]
[early_stopping_min_delta: 0]
[first_metric_only: 0]
[max_delta_step: 0]
[lambda_l1: 0]
[lambda_l2: 0]
[linear_lambda: 0]
[min_gain_to_split: 0]
[drop_rate: 0.1]
[max_drop: 50]
[skip_drop: 0.5]
[xgboost_dart_mode: 0]
[uniform_drop: 0]
[drop_seed: 17869]
[top_rate: 0.2]
[other_rate: 0.1]
[min_data_per_group: 100]
[max_cat_threshold: 32]
[cat_l2: 10]
[cat_smooth: 10]
[max_cat_to_onehot: 4]
[top_k: 20]
[monotone_constraints: ]
[monotone_constraints_method: basic]
[monotone_penalty: 0]
[feature_contri: ]
[forcedsplits_filename: ]
[refit_decay_rate: 0.9]
[cegb_tradeoff: 1]
[cegb_penalty_split: 0]
[cegb_penalty_feature_lazy: ]
[cegb_penalty_feature_coupled: ]
[path_smooth: 0]
[interaction_constraints: ]
[verbosity: -1]
[saved_feature_importance_type: 0]
[use_quantized_grad: 0]
[num_grad_quant_bins: 4]
[quant_train_renew_leaf: 0]
[stochastic_rounding: 1]
[linear_tree: 0]
[max_bin: 255]
[max_bin_by_feature: ]
[min_data_in_bin: 3]
[bin_construct_sample_cnt: 200000]
[data_random_seed: 175]
[is_enable_sparse: 1]
[enable_bundle: 1]
[use_missing: 1]
[zero_as_missing: 0]
[feature_pre_filter: 1]
[pre_partition: 0]
[two_round: 0]
[header: 0]
[label_column: ]
[weight_column: ]
[group_column: ]
[ignore_column: ]
[categorical_feature: ]
[forcedbins_filename: ]
[precise_float_parser: 0]
[parser_config_file: ]
[objective_seed: 16083]
[num_class: 1]
[is_unbalance: 0]
[scale_pos_weight: 25]
[sigmoid: 1]
[boost_from_average: 1]
[reg_sqrt: 0]
[alpha: 0.9]
[fair_c: 1]
[poisson_max_delta_step: 0.7]
[tweedie_variance_power: 1.5]
[lambdarank_truncation_level: 30]
[lambdarank_norm: 1]
[label_gain: ]
[lambdarank_position_bias_regularization: 0]
[eval_at: ]
[multi_error_top_k: 1]
[auc_mu_weights: ]
[num_machines: 1]
[local_listen_port: 12400]
[time_out: 120]
[machine_list_filename: ]
[machines: ]
[gpu_platform_id: -1]
[gpu_device_id: -1]
[gpu_device_id_list: ]
[gpu_use_dp: 0]
[num_gpu: 1]

end of parameters

pandas_categorical:null
